,id,username,danceability,duration_ms,instrumentalness,affinity
0,Along ten get,Zachary Steele,1.0667695105271968,0.8282241049063527,1.1403340658746872,0.9768376309605676
1,Structure,Zachary Steele,1.0509973971973596,1.008254317933476,0.9860854909126275,1.0232651346771209
2,Member,Zachary Steele,1.2580566841599972,1.165407929257418,0.8389315128162025,0.9036156242447397
3,Every today,Zachary Steele,0.7754235130579101,1.061680778761532,1.128226155326562,1.0337182348506964
4,Technology,Zachary Steele,1.0244935895081302,0.9387186746576023,0.8649706028612876,0.8777448830722293
5,Major seem,Zachary Steele,1.1229064588871203,1.118410506703036,0.9669345515853037,0.9635562601255029
6,Family,Zachary Steele,1.0195066862627573,0.9663430000189308,0.9630150285484862,1.0956715893448696
7,Want station,Zachary Steele,0.9618045800765185,0.9868863300202505,0.941980497953341,1.0026042009784233
8,Along tax,Zachary Steele,0.9898609821323763,1.1103942777227365,1.0197477414023293,0.9498638937122332
9,Agreement,Zachary Steele,1.0860646045344384,0.9414312742141372,1.052746497399714,1.2911040543066798
10,Nor there,Zachary Steele,1.0348049921362041,1.0612472085616942,1.046673655585418,0.9284431007229199
11,Fill stock tax,Zachary Steele,1.0044169813170305,1.0203367720441807,1.079357667648494,0.8616020939926127
12,Set ago school,Zachary Steele,0.989650822818782,1.0348651875745571,0.9236568234681248,0.9356128292898568
13,Future person,Zachary Steele,1.057246003768283,1.0166032550414794,0.9601265028908077,1.1398489482185634
14,Between series,Zachary Steele,1.1799974730820273,0.9719201477742485,0.9647978371058392,0.9401095860547184
15,Available,Zachary Steele,0.9688302454992979,0.8811532591703858,1.157071770233665,1.0579469174071117
16,Value coach,Zachary Steele,0.9767121965490495,0.9055671896229329,0.9731772616733958,1.0045359734786423
17,Four ground,Zachary Steele,1.145079327093983,0.9781186711619676,0.9461372695379564,1.087007064209276
18,Personal might,Zachary Steele,1.0905000135441973,0.9239426196779554,1.0575557259467865,1.022190179102358
19,Activity do,Zachary Steele,1.0382832717116812,1.0371493343509244,1.0226842305320252,1.217793207350248
20,Include born,Zachary Steele,1.0196013238628414,0.9876063542930271,0.9977051607144842,0.8930720635323435
21,Medical soon,Zachary Steele,1.0715313815580816,0.9995290974350798,0.8349618746331398,0.9147748735213084
22,Even safe,Zachary Steele,0.766085852179953,1.0755276954050583,1.0429339691057202,0.8675426524809623
23,Participant,Zachary Steele,0.9395279992535333,1.073551409857999,0.9420128751163318,0.980082167650967
24,Mention apply,Zachary Steele,0.9566383906470407,0.9229735921952466,1.0713391524761409,1.071369855973322
25,Floor affect,Zachary Steele,1.0709743136163021,0.9076371278388016,1.0260840165530418,1.1757121383901796
26,Question,Zachary Steele,1.1166211972198925,0.8711777822848187,0.9110629562096488,0.8528331917874912
27,Operation,Zachary Steele,0.9386470901083358,0.8096068412743895,1.1648355341840473,1.0904992685839145
28,Explain ever,Zachary Steele,0.9668044368884432,1.1087471711838208,1.0846635541965965,0.8950280624147036
29,Yeah one,Zachary Steele,0.9701886889318768,0.7811930580296733,0.9683604152531012,1.0265023254507621
30,Support feel,Zachary Steele,1.1881124108748757,1.0190993354868096,1.0435757519281166,0.9847552697136176
31,Us travel,Zachary Steele,1.0662736005606754,1.1089860363925321,1.1002997000864863,1.0670134168161975
32,Article catch,Zachary Steele,1.1526043171559017,1.2228667444363222,1.0819857971463849,1.109414686838806
33,Consumer poor,Zachary Steele,1.1813499423294194,0.9682957820543926,1.046317921926718,0.958644773315344
34,Civil,Zachary Steele,0.7872075858646839,1.1128039319959488,1.011439015186664,1.1562354514069089
35,Us important,Zachary Steele,0.985378192324306,1.0743508560085608,1.0230043844174532,0.8625035135250403
36,Program point,Zachary Steele,1.1080056247957504,0.952519892015091,1.3964024642947093,1.0235588295960654
37,Yet possible,Zachary Steele,0.8038132642140645,1.0005839910954704,0.9365739725168593,0.818748035607513
38,Table physical,Zachary Steele,1.194963411578825,0.9027864439272838,0.9921975015552857,1.0635907378140366
39,Cause receive,Zachary Steele,1.0018056724721331,0.9382773948487719,1.0710888398094895,1.136774394904238
40,Wonder place,Zachary Steele,1.1377391953669895,0.9614764628419976,0.9603574742260133,0.9224089633611845
41,Thing,Zachary Steele,0.9493892983435398,0.9379896062542281,0.968261604203147,1.015885446073302
42,Front fly real,Zachary Steele,0.8774767130085102,0.9179211721038032,0.9941089058020148,1.0916551421262966
43,Various attack,Zachary Steele,1.034524076961488,1.1149283528399074,1.1665110057239738,1.074575300973653
44,Task reach,Zachary Steele,1.1182866837832,1.0580600917000942,0.962400571862508,0.7251623915137196
45,Later cut,Zachary Steele,0.8072676994320279,1.0367547883778663,0.9362039905341862,0.9548462812791734
46,Piece partner,Zachary Steele,0.9825852208217717,0.9815366844415155,0.8928553226589143,0.941528924391968
47,Ten news wife,Zachary Steele,1.0327150173599435,1.1064195074416627,1.020914292758845,1.2189125058720183
48,Build travel,Zachary Steele,1.019780068525482,0.916342600861935,1.1011085220424053,1.0750033609675202
49,Site possible,Zachary Steele,0.8439693126927929,0.9656147523530747,1.0279455116510965,1.0496111927338954
50,Able bar I,Zachary Steele,1.1942953315699332,0.9481468407799769,0.9049221476037033,0.9096153443220967
51,Find water,Zachary Steele,0.8851246622496683,1.1110137766049688,1.0134501864438723,1.024202597843273
52,Their,Zachary Steele,1.0956604588719552,1.1087882199556585,1.0146214875140294,1.0124537362936823
53,Agree mean,Zachary Steele,1.062430994494024,1.0437782092326837,1.0460284769204726,1.0118698793789838
54,Door evidence,Zachary Steele,1.148485295295983,0.8481670211004683,0.871403744521225,0.7738406573200998
55,Hope control,Zachary Steele,0.8487767450632253,1.0553382578848451,0.939571911926725,0.9876784522395843
56,Bar town,Zachary Steele,1.1741425643537378,1.1393575780376148,1.0133737535671226,1.2804232028369156
57,Speech during,Zachary Steele,1.1233510483081115,1.001574307497264,1.0799247049210452,0.850205546753925
58,Interesting,Zachary Steele,0.8898046932829841,1.0546500331753703,0.844088641113969,0.8928468427835932
59,See attention,Zachary Steele,0.9419387266054159,1.170838266734373,1.1636004222500242,0.9186258325186636
60,Today,Zachary Steele,0.7974386100672453,1.0506286535932714,1.0290298389873853,1.00841481427022
61,Stock thank,Zachary Steele,0.9816547696884336,1.0518221189661618,0.9504339718454858,1.080541799563167
62,Allow keep,Zachary Steele,1.0282031365108797,1.0430463797250482,1.050956675977328,1.138393826340621
63,Yeah very,Zachary Steele,0.9568753966369004,0.9333136963989949,1.0921501125375375,1.0065461390854384
64,Act more,Zachary Steele,1.2232055924590135,1.0978571949935279,0.9794327470846674,1.0245591252668755
65,This apply,Zachary Steele,0.9077209334715708,0.99235068551829,0.9091710374937929,1.2456622985426424
66,Either least,Zachary Steele,0.9610099177717125,0.8715711779541873,1.0258919225321919,1.0197939069079902
67,Several fast,Zachary Steele,0.856445870343647,1.1032362967171288,0.9934536475740154,0.9420579184490816
68,Service,Zachary Steele,0.9395594166309046,0.973778346330365,0.8650111048193534,0.9630975268549494
69,Message,Zachary Steele,1.0675021816340793,1.0667329316918772,1.0042834147995052,1.1273859714720167
70,Debate every,Zachary Steele,1.0373640053569981,1.0431710616631564,0.9340536232684858,1.0724300183264028
71,Million,Zachary Steele,0.8179273858762256,1.0986561692227566,0.9295405359676644,1.0282893176257621
72,Within result,Zachary Steele,1.013706325758721,0.9192324391781479,0.8685027165834543,1.0689923750567598
73,North trouble,Zachary Steele,0.9545816986322129,0.9071552277815712,0.9971902555376347,0.9726970925791758
74,Collection,Zachary Steele,0.9432701358923459,1.1831751626960023,1.0209695112399357,1.25753163278248
75,Talk ability,Zachary Steele,0.9192336377637856,1.1084744550935817,1.0381444921583156,1.0283274186034923
76,Smile company,Zachary Steele,0.8440635125547121,1.0919191745659815,0.9978768684292454,0.8987126856497182
77,Wear life,Zachary Steele,0.9187674105645967,0.8272552937471976,0.9683373638070945,1.0497325485838487
78,Those kid,Zachary Steele,1.0487822253021488,0.9206444963718634,0.9840018699620801,1.0255343478090306
79,Line second,Zachary Steele,1.0494650586149372,1.002701897837074,0.9930067668821574,0.9927718134841371
80,Group small,Zachary Steele,0.8627921375776346,0.9890679451662665,1.1348877930429793,0.9533547367708887
81,Finally,Zachary Steele,0.9379515529219054,0.9996305491430736,1.0341667190335775,0.8400197302746577
82,Focus,Zachary Steele,0.9952904492589892,0.8329732072614213,0.873780147202897,1.0515552540342077
83,Bank foot,Zachary Steele,1.0429000604367655,1.0616375690345348,1.1092828146174436,0.831645172141641
84,But edge,Zachary Steele,1.0585899094057107,0.9851832681324613,1.0969123767327356,0.9990654155264513
85,Me current,Zachary Steele,1.0301953049561623,0.9826413784156229,0.9024716932026249,0.952309333583943
86,Word dream six,Zachary Steele,1.0015282106656949,0.9784911268138153,0.9248618002696766,1.0565056885243862
87,Society indeed,Zachary Steele,1.0052410415302684,1.0830670115471903,0.9752236273473571,1.0890205456039987
88,Eat if,Zachary Steele,0.9162572212857872,0.7949655338200339,0.8911742181730664,0.976804977483752
89,Hour unit,Zachary Steele,0.9686125001213468,0.9217490543773644,0.9453454756777778,1.0103710536742792
90,Per around,Zachary Steele,0.8607432709090602,0.8987639054268869,0.7876120856076413,0.9899472568824109
91,Side off hold,Zachary Steele,1.0961501205327426,1.0942492219672992,0.9490021777959724,0.8531844494223437
92,Bed age report,Zachary Steele,1.1621317017568287,1.1006018815797476,1.1123070924731295,1.1027807439706432
93,Federal drive,Zachary Steele,0.9751511074130956,1.08134330675771,1.041724254169092,1.116419895121053
94,Those will,Zachary Steele,1.0347413426486674,1.1353926066984714,0.9854180760389474,0.9698853196154469
95,Attention,Zachary Steele,0.9894378700703356,1.0298189271799525,0.9614091266171443,0.970746435605672
96,Organization,Zachary Steele,0.7970273152595729,0.9825815108711625,1.0683315838168093,0.889524325021507
97,Fall side,Zachary Steele,0.8825150375629424,1.0319801972838625,0.8247794605416264,1.2758158067838008
98,Fly call,Zachary Steele,1.037448974228181,0.8948151906834542,1.036561559275246,1.0299261961021497
99,Recently,Zachary Steele,0.9821839447044014,0.8677944570690996,0.9561413784659251,1.1633785687500628
100,Have fund pull,Zachary Steele,1.2229441329265796,0.939489743870141,0.9483562062290296,1.0502198142382992
101,World daughter,Zachary Steele,1.0040557182957186,0.7951667168771309,1.0142838980808344,1.056962320122037
102,Three although,Zachary Steele,1.1300212528508886,1.083955931024149,0.9387520756180662,0.8072503073935254
103,Someone,Zachary Steele,1.0461343155108629,0.9491065027058173,1.0168175299677629,1.11238954467551
104,Republican,Zachary Steele,1.153146762128455,0.7440368971298498,1.0774846235612803,1.0000033633713798
105,Glass,Zachary Steele,1.0983503137863166,0.9301015713859625,1.033589505042735,0.921745929132606
106,Become page of,Zachary Steele,1.0112313389560421,0.9879414731815375,1.0066105163454955,0.9774877175595458
107,Authority,Zachary Steele,0.8283483216036283,0.9457116309287681,0.9400720156934507,0.9298671764116377
108,Personal,Zachary Steele,1.0544838718577096,0.9408289295891135,1.0455921012489149,0.8874879913602416
109,Audience war,Zachary Steele,0.9396559690631175,0.7560447971093255,0.8817783133367553,0.9776764684891331
110,Ready ago,Zachary Steele,1.086389464720997,1.0716328839495866,1.0902852526832574,0.9348763076019674
111,Decide,Zachary Steele,1.0895785614402698,0.9020078997642326,1.045513006894965,0.8704728167348076
112,Especially,Zachary Steele,0.9650663575537978,1.1696582559909154,0.9439348157678793,1.0243800003067587
113,Near that show,Zachary Steele,0.9868397382859297,1.136302873125552,1.0286663301986554,1.0154039584233752
114,Institution,Zachary Steele,1.0498056497898918,1.0256233743408703,1.0959460463062147,0.9547519221182786
115,Moment let,Zachary Steele,0.8745196934036479,1.0801898568898054,0.83684645083211,0.9328482556422579
116,Fund decade,Zachary Steele,0.9765570548404549,0.93658481155488,0.9474254684425795,0.9990869168041582
117,Doctor against,Zachary Steele,1.0298646279195727,1.0372885984435987,1.0173168041131195,0.9843612254946199
118,Very notice,Zachary Steele,0.8479193173585831,1.0636712002738782,0.9910946080809859,0.8748792384834674
119,You cultural,Zachary Steele,0.9956926103019018,0.9122034859959247,0.9238339287523177,0.953720675132959
120,Chance brother,Zachary Steele,1.1176693474443555,1.1591497619075686,0.9503053782824088,0.9613491608259466
121,Maintain,Zachary Steele,1.0448103041635284,0.979080270154688,0.9921222667033294,0.8229922907151287
122,Create yard to,Zachary Steele,0.9668891869914158,1.1268374344625463,0.8865628100259523,0.8930077079127278
123,Bill,Zachary Steele,0.8725810006332577,1.052324862799622,0.881458573831613,0.9428453355359425
124,TV happy side,Zachary Steele,0.9545771809112118,0.9612508091635165,0.8717222828766474,0.991579598091824
125,Condition,Zachary Steele,1.0706131395539777,0.9230687897661214,0.842416044279078,1.0573100155210269
126,Foot fly tough,Zachary Steele,0.9433355552624104,0.7744288420854694,1.0745156405227776,1.1064326298925522
127,Either,Zachary Steele,0.9678709129841383,1.1521503521972014,0.9127734065070149,0.8092894084300342
128,Result little,Zachary Steele,1.1315364224858468,1.046707469766707,0.9684714477186495,1.001898436545569
129,Approach how,Zachary Steele,0.933112926833433,0.8091860726887025,0.9327459512856412,0.9728942755255545
130,Use industry,Zachary Steele,1.0216721018469623,1.0053440213275504,1.0806045496602548,0.9548423428808965
131,Recently,Zachary Steele,0.9240466358321502,1.0085931508902837,0.875105361260528,1.0799042770232434
132,Evening,Zachary Steele,1.1489661345765885,0.8667728312152579,1.0510089114484022,0.9357336382774143
133,Father discuss,Zachary Steele,1.0502332888836778,0.9069069342268168,1.0518117654063746,1.023652567069955
134,You white,Zachary Steele,0.8767380089097061,1.1482960425597102,1.0705900650990487,1.002764792684849
135,Side can two,Zachary Steele,1.0792647012648746,1.0573690854537545,0.9766611734151144,1.0048041763554814
136,Set create,Zachary Steele,0.9495407409702176,0.9983951520403405,1.0207428822901716,0.9482626523936322
137,Third avoid,Zachary Steele,1.0517050751085533,1.0682127380086854,0.9905203330937289,0.9361699737027678
138,Cold wind,Zachary Steele,0.9000149363877438,0.9593213480975414,0.9388647880532826,1.23450534356368
139,Section floor,Zachary Steele,1.0116264139998816,0.8644186708485179,0.9812092642551993,0.8835284583088938
140,Wait next,Zachary Steele,0.8363639700196175,0.9690220991556319,1.1215440310289342,0.8578499040106925
141,Source,Zachary Steele,0.8454193969398416,1.0038571172478725,1.0635896140846393,0.9061166294076712
142,Quality white,Zachary Steele,0.8906166309591147,1.1420887850440695,1.0161789334267473,0.9856239518684088
143,Fear parent,Zachary Steele,0.8800862397558982,1.0109330801952587,1.0450186744125485,1.007835778898555
144,Us difficult,Zachary Steele,0.9213140589123061,0.8888095673815305,0.9827448285848012,0.9747832469579214
145,Theory,Zachary Steele,1.0800149654925058,1.0409075490621593,0.9754723522136358,0.7980147579522148
146,Final,Zachary Steele,1.1656764297023066,1.1105425501459525,0.7828535381337707,0.941747732401783
147,Page foreign,Zachary Steele,0.9794775029411961,0.8916693909922799,1.0682508497999,1.1109324085967263
148,According,Zachary Steele,0.9456904381882769,1.1095654570768516,1.0168323592555266,1.0116806043598465
149,Tax seem tax,Zachary Steele,1.111039876299634,1.1364436113891303,0.8324839628661962,1.0919413096467439
150,On know moment,Anna Higgins,0.9662358677045632,0.8901328551471649,0.9111607439859546,0.8719441203532676
151,Two sing civil,Anna Higgins,1.0657844049107086,1.0379984087931473,0.9966427099884582,0.9628449414912801
152,Later per,Anna Higgins,1.1037621650735956,0.9970922115156862,1.0306353001048498,1.1660124860951562
153,Wall argue,Anna Higgins,0.7415850172012979,0.9627291600197521,0.9436466619774044,0.9883784554997114
154,Simple wait,Anna Higgins,0.9719181684341233,1.019144342721117,0.9626191930148099,0.9359399447883806
155,Important,Anna Higgins,1.0900582934379506,1.027032394144705,0.9953321654744303,1.1503596105218008
156,Important,Anna Higgins,1.0456886561713064,1.0239455737480132,1.0393196067997352,0.9648525817360792
157,Economy watch,Anna Higgins,1.0673762472095336,0.9650963696425947,1.0604454853046783,1.0175546316434876
158,Since more,Anna Higgins,1.0247709952778217,1.054878303511422,1.0341598228607767,0.9812663848364535
159,Argue much,Anna Higgins,1.1006009522980154,1.1026870269927116,1.0014053091005408,1.0381129004884933
160,Life concern,Anna Higgins,0.9827554712727152,1.0270535294421226,0.9998748168378977,1.0404850420108316
161,Join boy house,Anna Higgins,1.0329385533712108,0.9992881883510738,1.0651046678540876,1.11242255808231
162,Who nearly,Anna Higgins,1.0114667105352864,1.0483626425359305,0.99961477972773,1.0037084070463431
163,Respond today,Anna Higgins,1.0256336545786418,1.0075936503696041,1.0886422155113429,1.1984700701743856
164,Contain,Anna Higgins,0.8991830537830401,1.0480318023778055,1.104576815929286,1.1551878779850562
165,Trade begin,Anna Higgins,0.9230723505398724,0.8109011434160753,0.7850069090375561,0.8114409611245742
166,Region certain,Anna Higgins,0.9145169058528752,0.9803133835507318,0.8825168696855507,1.0220036183410726
167,Federal civil,Anna Higgins,1.025069018624769,1.0200725582669634,1.0244266793386856,1.049578165740673
168,Good everyone,Anna Higgins,1.0620705890605664,0.758660805491601,1.003800467949929,0.9215634858142188
169,Business,Anna Higgins,0.8422347052530887,0.93723867057471,0.990223905978567,0.9280617204613966
170,Business,Anna Higgins,1.074664568114875,1.0934963788311927,1.051973548596398,0.8443603236968321
171,Both indeed,Anna Higgins,0.7682563205957432,1.0694151943935697,0.9924227599227218,1.037011163602369
172,Interesting,Anna Higgins,1.1357430174475427,0.7350809309883337,0.9249123427512361,0.859001723499557
173,Meeting,Anna Higgins,1.0074757127638416,1.0098803927608109,0.9163809735765651,0.8926837160179506
174,Draw industry,Anna Higgins,1.0511400557470754,1.055922066020428,1.005028007536303,0.9049019417011167
175,Thing some,Anna Higgins,1.1150883301744525,0.9842703691233552,0.9449128326901259,0.9283442041405805
176,Can give,Anna Higgins,0.987362822964401,1.0498637003333604,0.9208277173986067,1.0100421003836733
177,Take direction,Anna Higgins,1.197225883022802,1.1851871760558736,0.9458195612874709,0.9717345483812988
178,Herself can me,Anna Higgins,1.1386562138764122,1.0245911855424703,0.993825621136906,0.8351956516037997
179,Team stay onto,Anna Higgins,0.8237560567558693,0.9108764731557303,0.911842118613948,0.9291091110599883
180,Just produce,Anna Higgins,0.9684677612076861,1.0753329521966355,1.0235604083186078,1.0821571886758632
181,In age act,Anna Higgins,0.8553747645920824,0.8421800415818252,1.1631067712203473,0.881169763285888
182,With kind into,Anna Higgins,0.8889421976859305,0.8911395016564101,0.8955646959709113,0.9156364396831651
183,At early seem,Anna Higgins,0.9650339229468848,0.9958680234824362,1.0158115755277397,1.1000217662991947
184,That scientist,Anna Higgins,0.9957094553355935,0.9401990668928646,0.9651179213641536,0.8621088386954368
185,Situation take,Anna Higgins,1.1385889692012483,1.0256005241327142,1.0280856781868195,1.0655216092071986
186,War eight,Anna Higgins,1.0397207819921102,0.9438913049212744,0.971570464190361,1.105014662837357
187,Return,Anna Higgins,0.7893828203485469,0.9521691281641192,0.9102194723109952,0.9964190107962281
188,Follow bar,Anna Higgins,1.049981450177537,0.8770543513535395,0.978148796492191,1.0119825294782414
189,Those thank,Anna Higgins,1.2479336931113862,0.9642817214461992,0.9864173549243788,1.0735016405958224
190,Social,Anna Higgins,1.0311021071615691,0.9175342939461895,1.2335103442387374,0.9701684635439818
191,Your,Anna Higgins,1.1277305542268066,0.9373120950594009,1.0090772735786635,1.0833582119060852
192,Service,Anna Higgins,0.9113049106050797,0.9314074240705937,0.9829704984164802,1.0615023954953446
193,Success rich,Anna Higgins,0.9062314288402346,1.1306628894785202,1.042332277344685,1.0782357931062976
194,Tend chair,Anna Higgins,1.0440348245974027,1.0258150049828023,1.0666152378142135,0.9862571317364272
195,Help throw,Anna Higgins,1.005511425764245,0.8903777961094709,0.9549529871799196,0.9251623841552646
196,Matter rest,Anna Higgins,1.1212435234210671,1.0330712529250738,0.9689834593154659,1.0594575748468282
197,Decide special,Anna Higgins,1.0221297431815581,1.0382431680767867,0.8622592478043374,0.7737780724463295
198,Tonight then,Anna Higgins,1.1227883033470496,0.9281729009335521,1.0454462173560795,1.0412826939662199
199,Financial and,Anna Higgins,0.9509604552866128,1.1232025200725315,0.8468837802673195,1.002587464298234
200,Coach also,Anna Higgins,1.0221714521603051,1.0026453331389735,1.0412759586823714,1.0524625337781406
201,Car after tell,Anna Higgins,0.9301146759348029,0.8566967606115515,0.9624999008810082,1.0659253594113032
202,Officer design,Anna Higgins,0.9909117292047389,0.9803237431859619,1.041378944813685,1.128469908968007
203,Adult service,Anna Higgins,1.0007107633823566,1.0897384270236203,1.0591437723486763,1.1303725666748927
204,Personal,Anna Higgins,1.1038918910282889,0.9770812306707968,0.9651638016869367,1.1874337016703715
205,Avoid attorney,Anna Higgins,0.9791625407104643,0.9655211181988919,1.1936339213101936,0.9970447134311714
206,Anything,Anna Higgins,0.987653229155394,0.8902038507393519,0.9969400856170403,0.9730838614255908
207,Account,Anna Higgins,1.1399423951999754,1.1994586822500586,0.9572159849710188,1.0907489757490192
208,Great receive,Anna Higgins,1.1529060233888613,0.9950359842165872,1.124868463285177,0.9368576837830336
209,Nearly can,Anna Higgins,1.3528951732073744,1.1312704371528972,0.9922967211273556,0.9833185920081046
210,Student light,Anna Higgins,1.0477070274700055,1.0571886963830293,1.0056593350613288,0.9556581158145677
211,Vote medical,Anna Higgins,1.0060403209200954,1.0127214230250008,1.1793539716682218,0.9684941867164303
212,Box control,Anna Higgins,1.2446621030133502,0.964817726677102,1.011137066731879,1.0551251178361851
213,Movie him,Anna Higgins,1.065180781364657,1.0159043110666692,1.1221768146894044,0.9947286724368164
214,Society born,Anna Higgins,1.1600523222264827,0.9779965662738965,0.9346264643428933,1.076770195772438
215,Treat open,Anna Higgins,0.9831479014636018,0.9719862892758097,0.9584158788076927,1.0929443904059744
216,Cut south they,Anna Higgins,0.9311181977654873,1.0107836769589729,1.0069575670856785,1.0628180803987923
217,Matter laugh,Anna Higgins,1.2431820384680945,0.9852801578624633,0.9913138732473147,0.7955513355235095
218,Must out sea,Anna Higgins,1.1490281608107489,0.9957737797502391,1.1503991896558092,0.8060033077887166
219,Stay,Anna Higgins,0.9373200047654803,0.973689843816627,0.9199709900214402,1.1013981425643793
220,Receive,Anna Higgins,1.1833433779021463,0.7912087623360919,1.1033009782101124,1.068427308895965
221,Member PM,Anna Higgins,0.9753151056822783,1.1232624837009502,1.000477100512673,1.1032859780014814
222,Commercial,Anna Higgins,0.8462175008063576,1.0775205179262517,1.2295692498690787,1.0341803655868322
223,Return,Anna Higgins,0.948146866645587,1.0347708248849472,0.9140836165316778,1.0766329723433756
224,Over involve,Anna Higgins,1.0467060977317397,0.9871358843541748,1.0743003073043158,0.9505674399317121
225,Reason turn,Anna Higgins,1.0066505905553165,0.9797087006213187,0.9126260859650417,0.9849663177148839
226,Cover leave,Anna Higgins,1.0684762421820073,0.990609837118273,1.1441822385764178,0.9852351224122884
227,Through what,Anna Higgins,0.8235856103225794,1.1433053851780597,0.9230592083205095,1.021116505522129
228,During me,Anna Higgins,0.9034773816394963,1.0244772135267775,1.0142097359226856,0.8672671700887465
229,Positive,Anna Higgins,1.0100023397884408,1.0024590089277323,0.8249969371147292,0.9047481522154242
230,Network,Anna Higgins,1.0216794854304094,0.8875274278899632,1.0184735208504216,1.286630646906199
231,First price,Anna Higgins,0.9910740885235116,0.8022495923495646,1.053016342100238,0.9411635831651404
232,Cut while,Anna Higgins,1.1033224239017023,0.835246923187859,0.8753271829187537,1.0095003527389539
233,Resource think,Anna Higgins,0.9525065539214548,1.0083931950891987,1.0864391986545663,1.1184564389872549
234,Computer much,Anna Higgins,0.9931881080004888,1.0653801479521643,0.8667078619364215,0.9563463291368803
235,One go right,Anna Higgins,0.9742303955751506,1.028891236939658,1.1893380872064832,1.15069835531725
236,Stuff animal,Anna Higgins,0.8041437600407864,1.04433059509396,0.9531493753662145,1.0326235929937002
237,Author bank,Anna Higgins,1.1973988817111307,1.0130004625571973,1.0618026451474545,1.0122515814137247
238,Minute before,Anna Higgins,1.0764751078974135,1.0932727034227347,0.9943498741627566,1.0203844291724382
239,Identify so,Anna Higgins,1.107501943213292,1.0346550066049263,1.15715445414667,0.987096786885108
240,Suggest then,Anna Higgins,0.8156174360574643,1.1267520716435284,0.9242697733138782,1.1204457614762395
241,Dog nor nice,Anna Higgins,0.9712845613976256,1.0641363969986146,0.920514397595924,0.9207977860626503
242,Decide or,Anna Higgins,0.9870645284706046,1.067531503861811,1.0147037006612325,0.9110563155892636
243,Relationship,Anna Higgins,1.0406970533172992,0.8275330144461225,1.0804747223325653,0.9805464402958038
244,Now TV run,Anna Higgins,0.961436963909428,1.165336076790345,1.0553725581652003,1.0201044266488568
245,Always,Anna Higgins,1.0202343348737342,0.8240865998117879,0.9782641220551851,1.1469464371167013
246,Cut become,Anna Higgins,0.9660629087790695,0.9653972969040727,1.11983314298024,1.004649643566271
247,Dark,Anna Higgins,0.7507244456862396,1.2288095020118681,1.0333963414167295,1.0020225809894505
248,War first,Anna Higgins,0.9856885913257181,0.9281858020495183,1.0724339935481948,1.0951747073598534
249,Once someone,Anna Higgins,0.8735909729580338,1.1737034179543298,1.0565454440523634,1.0624783395453805
250,Any drop ahead,Anna Higgins,1.120967949439955,1.0813837939770723,0.9828867438058614,1.0422143907940333
251,Special enjoy,Anna Higgins,1.0765557317398464,1.1147757996592345,0.9550312912134697,1.0308933710254005
252,Own allow,Anna Higgins,1.1329235279298204,0.9124845751117319,1.0715967051529312,0.8222856189417089
253,Quickly say,Anna Higgins,1.0261465112812185,1.0143269402833468,1.013635631392323,0.985169166010686
254,Total age,Anna Higgins,0.925377364614411,1.0940689477195602,1.0330868481988025,1.0334421229484527
255,Paper blood,Anna Higgins,1.0578337493412622,0.98686605025546,0.8421500139945637,1.0722857110170796
256,As sister,Anna Higgins,1.0868017037873383,1.101248617660299,1.0519100980366651,1.091305431161885
257,Short,Anna Higgins,1.150650671853296,1.0144876449934597,1.076214969947546,1.019907822186797
258,Result,Anna Higgins,0.7734730237291049,1.031323740022115,0.8122797914317343,0.9622713042512521
259,Program author,Anna Higgins,0.9244537384862852,0.9796291898382333,1.0226256523367008,0.9772685037916206
260,Body evidence,Anna Higgins,1.0970615038181208,1.1437861444239514,1.1101281671329177,1.1960273994554638
261,Control choice,Anna Higgins,0.9739207514078222,0.960367449300774,1.0629330321564474,0.8719911582420427
262,Election,Anna Higgins,1.0250274387503304,0.9783324486136851,0.8693733816592362,0.9969145073704506
263,Door culture,Anna Higgins,1.10084471090094,1.055566538796136,0.9766832894044689,0.9442738984422614
264,Who blue,Anna Higgins,1.0628774063956112,0.8803332391533584,0.9272706500066314,0.8352756738895538
265,Play way money,Anna Higgins,0.9605566434952794,1.0404155976480418,0.8927339333298816,1.0541180117782465
266,Us debate late,Anna Higgins,0.9474140628246223,0.9170812103457029,0.9409075413024031,1.027471241387863
267,Likely leader,Anna Higgins,1.148026575822948,1.0971592319262145,1.0887082720902506,0.9069942406357043
268,Set same PM,Anna Higgins,1.1256668253128668,0.964067557913838,1.0293334655575772,0.933496277605931
269,Article send,Anna Higgins,0.8988932697245902,0.9854957200236248,1.1675694381334445,0.9326167153304165
270,Mrs event,Anna Higgins,0.9300541341413917,1.0416164145282807,0.9155311931511415,0.9890530921196078
271,Team charge,Anna Higgins,1.0607309998123846,1.1268666294866196,1.009616028150229,0.7835184272530564
272,Improve remain,Anna Higgins,1.0990970267528404,1.0949395884804365,0.8780196591790453,1.0562811006350965
273,None shake,Anna Higgins,1.0673365818124707,0.999319542920467,0.8089731828461488,0.9319538242014449
274,Outside to,Anna Higgins,1.0515440539466647,0.8793319723783618,0.9507179881470214,1.0123886563759286
275,Too what,Anna Higgins,1.0803442097486875,1.0638890994969856,0.9762148898243017,0.970461488096229
276,Hard to sit,Anna Higgins,1.0413737841154664,0.8352464089825085,1.0153008087661695,0.9200897130001232
277,Local company,Anna Higgins,0.9628792199057338,1.1710024438834472,1.1275090832523005,0.9428252397837511
278,Specific walk,Anna Higgins,1.0246448545578448,1.0097964889271953,1.1314744242482608,0.828655629156811
279,Plant world,Anna Higgins,1.0382232760545642,0.9694634082925622,0.9405542683945938,0.9878272136678407
280,Throw natural,Anna Higgins,0.957109582327731,1.006529053921964,1.0767021514069626,0.9942401243932885
281,PM east,Anna Higgins,1.0712516032595272,0.8127804604829163,0.9080441643391091,0.9245284529165498
282,Game special,Anna Higgins,1.2021352785391477,1.1218637909490004,0.9076877531445157,0.8641290639800565
283,Enjoy,Anna Higgins,0.9340790063502212,0.9620881895425131,1.0324917285275728,0.9456260466555982
284,Couple product,Anna Higgins,0.973441215157966,1.0310898413090526,1.2182139893611312,1.1468690601761535
285,Soon sit,Anna Higgins,0.8726758864298919,1.0630128786266877,0.9302521025183894,1.115511945479242
286,He soon,Anna Higgins,1.0112857253842291,1.0292935553940905,1.0680591467039053,1.2689428330436583
287,Yes board grow,Anna Higgins,1.1004499373397625,1.0978143430340666,1.0877304356823383,1.1173835849569433
288,Money body,Anna Higgins,1.0824820037199905,0.9940646619740305,1.0230976256322952,0.8716039555656891
289,Hotel daughter,Anna Higgins,1.0471223676889772,0.9865171861467125,0.8318775961578412,0.9050856982255031
290,Know whom,Anna Higgins,0.9228216610833211,0.8950354226110318,1.0246444990935575,0.9502772506100684
291,Really bar,Anna Higgins,1.0238776452330858,0.9751046954666294,0.9355479725430349,1.1868344288900055
292,Police sense,Anna Higgins,1.108711710864802,0.8995316996108491,1.2274387204421422,0.9933813736447477
293,Choice,Anna Higgins,1.2309125370711342,0.8008987645885722,1.1911105155111197,1.0418239011224517
294,Prevent,Anna Higgins,0.9518314811073888,1.2628824425952139,1.0340940920735198,1.0934495948688316
295,Myself relate,Anna Higgins,0.9899812144828264,0.81444160016345,0.9395733795876239,1.1192355792978834
296,Yeah relate,Anna Higgins,1.0207828784853579,0.912853715727291,1.0499516440490102,1.0410217361146634
297,Nature within,Anna Higgins,1.1511757172880588,0.9456774136398673,1.0232197606639108,0.8785224417687042
298,Actually,Anna Higgins,0.858617689869329,0.9898948844465877,0.9795341984637135,1.0353130267966761
299,Guy brother,Anna Higgins,0.9173932533399829,0.9593187788542548,0.9923076143995815,1.135092158364765
300,Head begin,Benjamin Thomas,0.9550018591136229,0.9918126719531912,0.8148979044498734,0.9774113914724983
301,Impact there,Benjamin Thomas,0.9950511040649757,1.1050443362539226,0.9700527755389525,1.129783486270904
302,Continue,Benjamin Thomas,1.163735676259856,1.0487185070727638,0.9551172807106918,1.0418468766255835
303,Record him art,Benjamin Thomas,1.0253154109468596,0.8781529980263141,1.0738943593551624,0.9807357575462466
304,Down need,Benjamin Thomas,0.9788419104183079,0.9905344089715453,0.8481218972838149,0.9999789228356223
305,One kind,Benjamin Thomas,1.0155838510246809,1.010354955014839,0.9667391953797125,1.0827465397967833
306,People job,Benjamin Thomas,0.9486126700787333,0.9291338723919117,1.0296962286162474,1.0396355288417347
307,Sense top,Benjamin Thomas,1.1192672347932218,1.0555993101219314,1.1059679265368139,0.9410781252635129
308,Policy month,Benjamin Thomas,1.1174118296452276,0.8157781078530272,0.9328856366425557,1.0029922363850334
309,Understand,Benjamin Thomas,1.0439287979178222,1.0253863912968117,1.0398725062719127,1.010385992083449
310,Myself,Benjamin Thomas,0.8275392718120743,1.1375559733033886,1.0285456442429284,0.9895332757385685
311,Better style,Benjamin Thomas,0.9514554396840135,0.896854330714564,0.8864680258828366,0.9229675653774794
312,Policy clear,Benjamin Thomas,0.9924268446353912,1.056961985311071,0.9827104338835313,1.0570354016012509
313,Send yard wall,Benjamin Thomas,1.012711052293498,0.8873114801847517,1.0470731427383626,1.0802138548601932
314,Offer down six,Benjamin Thomas,0.956536699936232,1.0909572490071267,0.940848590487587,1.1114988301307989
315,Themselves,Benjamin Thomas,1.044841952645022,1.1997863197639058,1.0730643764705945,0.9536120831692176
316,I base may,Benjamin Thomas,0.9554884979345596,0.9729240650526935,1.0068960159465663,1.0177922887141333
317,Trial,Benjamin Thomas,0.9115897568239467,0.9177137313929734,0.9136656021995068,0.8699850615658151
318,Say five step,Benjamin Thomas,0.7942112393213092,1.009310236619161,0.998996058173056,0.9667269690006735
319,Present only,Benjamin Thomas,0.8051794929914977,0.7777804502719603,1.0656956044058497,0.9642645203639347
320,Gas more short,Benjamin Thomas,0.9412030905440503,1.0852631179940144,1.0866865422596304,0.9448878605086772
321,Painting,Benjamin Thomas,0.9517968799336453,1.0910514722910585,1.0810121673572453,0.965225227064971
322,Fish full,Benjamin Thomas,0.7489415724514703,0.9900901220480769,0.9674122519400816,1.005981797894671
323,Toward work,Benjamin Thomas,1.0496247827945488,0.9296832660940083,1.1289849750270156,1.0673327259833107
324,Thousand,Benjamin Thomas,0.9882705803428558,1.0172187032933007,0.8954991065172531,1.105290461624606
325,Here nor dog,Benjamin Thomas,0.9412203059545432,0.958427494313384,0.7942407431559744,1.093886808660136
326,Writer,Benjamin Thomas,0.949908410327533,1.063619742476287,1.1386997146057316,0.8473510814690686
327,Available,Benjamin Thomas,1.1325595700617301,0.9582296862631605,1.0256737050693756,0.9109563746776427
328,They rock,Benjamin Thomas,1.1190519960035556,0.9248386565967415,1.223300542161208,0.9564377535150395
329,Single adult,Benjamin Thomas,0.9141295159725791,1.0256572626573248,0.8627285776245527,1.017414920143003
330,Citizen visit,Benjamin Thomas,1.0343902220679975,1.11853356291531,1.0080730273798661,1.090753650683964
331,Admit range,Benjamin Thomas,0.9641088601292377,1.078741027289636,0.909948343028526,1.0383122407616752
332,Modern toward,Benjamin Thomas,0.9163829899208669,1.1293903500421016,0.9616034742328967,0.8836471413012618
333,Painting,Benjamin Thomas,1.1254740003984105,0.900096325878867,0.8788732101445194,1.1090418496046062
334,Several energy,Benjamin Thomas,0.8935533423634662,0.9008904681123246,0.9482610980847871,0.8995298495091184
335,Minute decide,Benjamin Thomas,1.0830143291416647,1.1075795715525565,1.1835272898235907,1.017794535248142
336,Pay he seat,Benjamin Thomas,1.0683003174074759,1.0938491769373204,0.8598922961852338,1.0468855640872479
337,Thus customer,Benjamin Thomas,0.8663645083992831,1.0346606685023176,0.9898700664244358,1.0658085961611414
338,Authority,Benjamin Thomas,1.055218006649572,1.0075272956301211,1.0337751130398682,0.8065936230215672
339,Student matter,Benjamin Thomas,0.9380953843618731,1.0058688267097944,1.1152245326705972,1.0078756780748557
340,Any relate,Benjamin Thomas,1.1551307244871185,0.9546830572160414,0.9163440245104182,1.051653961948735
341,As much,Benjamin Thomas,1.1168548845533783,0.9912009613180653,0.9501785398122741,1.0468893872673335
342,Produce,Benjamin Thomas,0.8659636028885719,0.7951332903047718,0.7515784389259232,0.9823563418339895
343,Machine bank,Benjamin Thomas,0.8365496759790833,0.9818927668801685,0.8458744984036153,0.9816698503322617
344,Skin after,Benjamin Thomas,0.9647510818664076,0.9248334254250232,1.0481867811011645,0.9471568108433792
345,Particular,Benjamin Thomas,0.9375008267684213,1.0914984058880213,0.9997328683983445,1.076968329393402
346,Remember,Benjamin Thomas,1.0257896653215177,1.1436573569059045,1.072579838300395,1.0598455267304911
347,Require view,Benjamin Thomas,0.7902502849255345,1.0725418167153464,0.977031714472665,1.0588125737514071
348,Notice stand,Benjamin Thomas,0.9658674097588734,0.9414073123632298,0.9377229885724875,1.0462260141341422
349,Program,Benjamin Thomas,1.1429671006760294,0.9361889216930092,1.0890884661552644,0.9539532263963513
350,Coach picture,Benjamin Thomas,0.8744624061652226,0.7506805331906234,0.8480555079891224,1.060059116836029
351,Evening south,Benjamin Thomas,0.9812935296805215,1.0406416129299896,1.0380281586185494,0.9552133556532316
352,Him yet hotel,Benjamin Thomas,0.8736325892703859,1.1066967360110582,1.0845723131643559,1.0428908243853345
353,Here left very,Benjamin Thomas,1.1197243691839645,1.0413763479924967,0.9427138700477777,1.0470558199543414
354,Power expect,Benjamin Thomas,1.1567239911116391,1.121721781913861,1.0345378710237494,0.9501996848814743
355,Mouth nearly,Benjamin Thomas,1.0377740895443444,1.0313119544749556,0.9574942969936,0.8927372807419202
356,View see pass,Benjamin Thomas,0.8988503581770428,1.021661609295987,0.9611499783426152,1.0128541879705983
357,Prepare push,Benjamin Thomas,1.0330874551908218,1.1544780139365798,0.9769111058971467,1.059093162741162
358,Admit radio,Benjamin Thomas,0.8795618204184847,1.0016895371609191,1.0259870497666368,0.9949939099237165
359,Open medical,Benjamin Thomas,1.0885007173629553,1.09280865783535,0.934812435205138,1.1422261077193472
360,Party cut,Benjamin Thomas,0.937945365515492,1.019708435349251,0.9423053204282181,0.9646006329187372
361,Time medical,Benjamin Thomas,1.0019501057194924,0.9767535854599612,1.127390864661194,1.0089907367773587
362,Production,Benjamin Thomas,0.8959359072696389,1.0526098437026157,1.0537130792997191,1.1044708135991363
363,Forget past,Benjamin Thomas,1.0025341747089023,1.1708571997467867,1.0209914212883857,0.9270892263471125
364,Around,Benjamin Thomas,0.8728437607419185,1.1396730844362908,1.085401021556211,0.9189386076672221
365,Environmental,Benjamin Thomas,0.9260542151956852,1.0605786594432816,0.9266459189997038,1.0074836568221173
366,Quickly full,Benjamin Thomas,1.0073227577115371,0.9373740608355312,1.1380559400019847,0.9898129277950521
367,Say push add,Benjamin Thomas,1.0012290872113856,1.177323355583898,1.0481230989936634,1.134516754295017
368,Season dinner,Benjamin Thomas,0.8882136284355333,1.0422961085267426,1.0957564199589893,1.0105941735269175
369,Surface place,Benjamin Thomas,1.0833268554210378,1.0566211216643302,0.9041378725723619,1.0184914602080763
370,These,Benjamin Thomas,0.9745552313506664,0.9519307398465922,0.9728048839290722,0.9831986577488623
371,Pay office,Benjamin Thomas,0.8841724949210579,1.0772803944711717,0.7910162783441674,0.8723673514565936
372,Account data,Benjamin Thomas,0.8313815011224573,0.7910294657003749,1.0502691748970774,0.7257728713108333
373,Let in walk,Benjamin Thomas,1.0508798212787918,1.0104782787641708,1.0782227144845868,0.9754266147874807
374,Few seat role,Benjamin Thomas,1.131875539171333,0.9752160237147387,0.8300467150096192,0.9734977020301299
375,Style he,Benjamin Thomas,1.0870043734705326,1.0347537667340543,0.9605171682071154,0.8410705606837341
376,Argue long,Benjamin Thomas,1.0457402040679173,0.9794003394081817,0.9406660069308339,1.0919513226723532
377,Example win,Benjamin Thomas,1.001149265766593,0.9092062716820779,0.9026539775714926,1.056225627945444
378,Dog also close,Benjamin Thomas,0.9666953017727637,1.1375409193625656,1.0050425518765562,1.051172732785294
379,Bit on manage,Benjamin Thomas,0.9783021107994645,0.998282810418113,0.9888869125705502,0.8612597582953542
380,Lot staff,Benjamin Thomas,1.0978681408616326,0.9360537875838217,0.9221451395925957,1.0199191818751736
381,Safe sound,Benjamin Thomas,1.1640903983043924,1.0268074882034923,1.084898505837045,1.0144137898561167
382,Hard minute,Benjamin Thomas,1.0357965645297544,0.9587265874414344,1.0032222763614695,0.8340240279335512
383,Within prepare,Benjamin Thomas,1.0310930945435346,0.9014939100364805,0.9821805383379894,1.214447388354536
384,Unit these,Benjamin Thomas,0.9218260451647898,0.9568174086287932,1.075448881193458,0.912288414358517
385,House lose,Benjamin Thomas,1.1119393378472842,1.0432721413041615,1.0484037264093613,0.8841981857915105
386,Beautiful,Benjamin Thomas,0.9717758897997792,0.9873551620505812,1.1163501132082827,1.0817023415826292
387,Raise,Benjamin Thomas,1.0681824232433326,0.9720652902132771,1.0562212849620063,0.8521279854769099
388,Again report,Benjamin Thomas,1.0526032153503477,1.0130467209261833,0.839853713952019,1.1641654429488097
389,Budget brother,Benjamin Thomas,0.9999283890813921,1.108854561968875,1.0460867642926297,1.0594760257445257
390,Social sure,Benjamin Thomas,1.0016798095412287,1.0723474890543587,0.954857463886584,1.1002330439036727
391,For so girl,Benjamin Thomas,1.0287870382605389,1.1017093534823124,1.2114587119683458,0.9445413103096092
392,People by buy,Benjamin Thomas,1.0204020350245404,1.0569288556757825,0.8037026801999174,1.0128530548798769
393,Watch,Benjamin Thomas,1.1043240028881618,1.2177468876090698,0.9159612261915531,1.0512668085855204
394,Career work,Benjamin Thomas,0.922186244331298,1.2060500882217071,0.9374853213939501,1.0280619805081888
395,Final politics,Benjamin Thomas,1.0330912097938676,0.9895104763750856,1.0325501481499855,0.7886927635636607
396,Full Mr,Benjamin Thomas,0.9989000483926416,0.8614677625389942,1.0185341330207798,0.9179404974018207
397,Feel position,Benjamin Thomas,1.0234784879745527,0.9329164263527904,0.8935987623471391,1.2160226347785283
398,Performance,Benjamin Thomas,0.9051336551934264,1.0619797260017527,0.9644192411877046,1.0129739800310467
399,Go crime race,Benjamin Thomas,1.2266316847182366,0.7149138036593135,0.9547428005146602,1.0217438846540214
400,Wait financial,Benjamin Thomas,0.8854714101014645,1.0277769916727726,1.0602128241890234,1.0121472587699976
401,Pretty blood,Benjamin Thomas,1.162866982204629,0.9583908044788336,0.9811160005141573,0.7996678074765717
402,City get,Benjamin Thomas,0.9535334561344575,1.1988533777287769,0.9827699427954425,0.8720530713201342
403,Along,Benjamin Thomas,0.7325343877406505,1.1870847067662282,1.0359711961011195,0.7769839097011032
404,Culture minute,Benjamin Thomas,0.9525468302050557,1.1363252039246863,1.0363253362444471,0.8832403417508736
405,Several,Benjamin Thomas,1.0757432591090699,1.006079237873237,1.0240309115878692,0.8279157787572972
406,Former focus,Benjamin Thomas,0.9780413531309485,1.0688378373105858,0.9905385652173692,0.8280908543938121
407,Chance throw,Benjamin Thomas,0.9563101288600759,1.2128594954079264,0.9687839438803962,0.9631996429746552
408,Claim maybe,Benjamin Thomas,1.2246149819816226,1.0601282322684404,1.0633373336057546,0.9855065801113445
409,Budget country,Benjamin Thomas,0.9420366898494559,1.1516131005148997,0.9214742874806517,1.0400605326298389
410,Production,Benjamin Thomas,1.0473199688563728,0.9925371749942858,0.9688178143275192,1.024054357861153
411,Scene develop,Benjamin Thomas,0.9279595397709286,0.8498941814244012,0.8259198836470087,1.0738715470130162
412,After entire,Benjamin Thomas,1.0125401692690295,0.9437557319188559,0.9811609684854601,0.8961627103890706
413,Suggest amount,Benjamin Thomas,0.949703414531192,1.0426867159245194,1.0313770768264923,0.9283900693158499
414,Life word same,Benjamin Thomas,0.9318430841013038,1.0035891039260973,0.9796887315854417,1.073035733987296
415,Last heavy,Benjamin Thomas,1.027336205718174,1.0675380741776441,0.9648396522559842,0.9932053821975191
416,Capital top,Benjamin Thomas,0.8743899242893933,0.9268512795080189,0.9391669296085927,0.979537938340312
417,Report,Benjamin Thomas,1.122292219198043,0.9080366494134448,0.9507251826177223,1.1773425971011577
418,Star suddenly,Benjamin Thomas,1.0810874418764544,1.066012332896061,0.8757523849114712,0.9445416914917909
419,Security close,Benjamin Thomas,0.9527254518523689,1.0051413463737109,0.9986643788777787,0.9066089976859792
420,Recently enjoy,Benjamin Thomas,0.8766167592747559,0.9513329506408961,0.9506522423293968,0.9134044732073248
421,Population on,Benjamin Thomas,1.1046253777031072,0.9953905753802179,0.8169907882157132,1.1692490283550458
422,Lead poor,Benjamin Thomas,0.9031118127808081,1.0449130874209684,1.138454760944107,0.965776334231867
423,Certainly,Benjamin Thomas,0.8451043412274484,0.947861581185115,1.1181142164184334,0.9078182356012161
424,Say listen,Benjamin Thomas,0.9902394949896318,0.8202322949140035,0.9905396260675378,0.9276524348992539
425,Traditional,Benjamin Thomas,0.9215822271572341,0.7809345015711388,1.0740910224919908,1.1786901529439087
426,These marriage,Benjamin Thomas,0.8270689936624686,1.0764542484467088,0.9775111310248336,0.9074087523661634
427,Exist music,Benjamin Thomas,0.9774242223453534,0.9260231578329332,1.1569530359779274,1.0716158598579093
428,West network,Benjamin Thomas,0.9298052100191684,1.0454445556553822,0.9052997342393401,0.8996503867880151
429,West smile,Benjamin Thomas,0.907103941012738,0.8362074381002459,1.046357191532451,1.1782650415717069
430,Turn message,Benjamin Thomas,0.982689675944272,0.8674101465005774,0.9716566905286758,1.0841091717708935
431,Wind far,Benjamin Thomas,0.871431703056168,1.1423569024373483,0.828273279570213,1.010030104187378
432,Stage first,Benjamin Thomas,1.088300007822337,0.9324030645458887,1.057208686112989,1.2071766439699358
433,Need defense,Benjamin Thomas,0.8206015798947607,1.1284106039811503,1.1273828299385684,0.8673289315251784
434,Mother treat,Benjamin Thomas,0.8492482862878911,0.9971233921597458,1.2145356230808098,1.036808414819551
435,Together,Benjamin Thomas,0.9183252128204006,0.9275090794165533,1.131992617473431,1.0380125087718386
436,Hundred cause,Benjamin Thomas,1.080658489708109,1.0015896631548458,0.9554092401987306,1.0351604714322782
437,Radio minute,Benjamin Thomas,0.9704746213968855,1.0019017254153362,1.018951668391672,0.825313724656225
438,It example,Benjamin Thomas,0.9814947049509495,1.1577004339786132,1.131580707021001,0.8754707386174417
439,Brother likely,Benjamin Thomas,0.9867994057508294,0.8047307861391995,0.9355980103037734,1.0656375228780761
440,There computer,Benjamin Thomas,1.0224272126155738,1.1551196137389168,1.0636442632556222,0.903814182088673
441,Bit deep film,Benjamin Thomas,1.1439059091539545,1.09948933600351,0.8991278714038858,1.0145370560856204
442,Eye region,Benjamin Thomas,0.9022455754189248,1.083008606043334,1.010494179280816,0.9751280829058311
443,Can respond,Benjamin Thomas,1.160259367400196,1.009676402338506,0.9401634746308627,0.8690708909133602
444,Key law,Benjamin Thomas,0.9039371192180736,1.1156699482073564,0.9565137033038731,1.064263264581724
445,Hard attention,Benjamin Thomas,1.0295533020574361,0.8208238037307085,1.175107730736225,1.0560269802589788
446,Western black,Benjamin Thomas,1.1075732348682799,0.9482354199225648,1.0457165669440829,1.0737067953870616
447,Degree suffer,Benjamin Thomas,1.1183033033641054,0.9333380592042776,1.077713286252395,1.2450047743316373
448,Along town,Benjamin Thomas,0.9348140207555445,0.9301563324322698,1.0468898470178294,1.0955656455803062
449,Place choose,Benjamin Thomas,0.846906983895253,0.7742520176110008,1.1472647805095904,1.0066799908921826
450,Head begin,David Hernandez,0.9550018591136229,0.9918126719531912,0.8148979044498734,1.0735515508746039
451,Someone of,David Hernandez,0.8989474112855902,0.9207489640844884,1.0087069036975747,1.0022944440936798
452,Continue,David Hernandez,1.163735676259856,1.0487185070727638,0.9551172807106918,1.0532795470818679
453,Box suggest,David Hernandez,1.0016302204867553,0.9018174665552936,1.1097020092280616,0.8292352698280965
454,Kid explain,David Hernandez,0.8903386803364496,0.8540207845957285,0.9886559192794884,1.0477725329679446
455,One kind,David Hernandez,1.0155838510246809,1.010354955014839,0.9667391953797125,0.9335686249889218
456,People job,David Hernandez,0.9486126700787333,0.9291338723919117,1.0296962286162474,0.8863551416775979
457,Point page,David Hernandez,1.2731031417356435,1.0334261632291668,0.9699267938678283,0.9886600692828676
458,Six business,David Hernandez,0.9421769843496246,0.8921338359908126,1.0151432323360006,0.8533950328387568
459,Bed better,David Hernandez,1.078878936082669,1.0412517013050975,0.9977097263041595,0.9231794591944766
460,Top up kind,David Hernandez,1.0452666519419709,0.958187616647649,0.9512326386112058,0.8825844322351433
461,Better style,David Hernandez,0.9514554396840135,0.896854330714564,0.8864680258828366,1.0384579361300246
462,Policy clear,David Hernandez,0.9924268446353912,1.056961985311071,0.9827104338835313,0.9071551902977333
463,Send yard wall,David Hernandez,1.012711052293498,0.8873114801847517,1.0470731427383626,0.7959492809088423
464,Offer down six,David Hernandez,0.956536699936232,1.0909572490071267,0.940848590487587,1.0548103066935706
465,Themselves,David Hernandez,1.044841952645022,1.1997863197639058,1.0730643764705945,0.92143740880261
466,I base may,David Hernandez,0.9554884979345596,0.9729240650526935,1.0068960159465663,0.9994494836534874
467,Trial,David Hernandez,0.9115897568239467,0.9177137313929734,0.9136656021995068,0.9754394643709644
468,Say five step,David Hernandez,0.7942112393213092,1.009310236619161,0.998996058173056,0.9441276081360646
469,Present only,David Hernandez,0.8051794929914977,0.7777804502719603,1.0656956044058497,1.0980099010038387
470,Gas more short,David Hernandez,0.9412030905440503,1.0852631179940144,1.0866865422596304,1.0131263802495991
471,Painting,David Hernandez,0.9517968799336453,1.0910514722910585,1.0810121673572453,1.0187433993902366
472,Fish full,David Hernandez,0.7489415724514703,0.9900901220480769,0.9674122519400816,0.9751062983910807
473,Toward work,David Hernandez,1.0496247827945488,0.9296832660940083,1.1289849750270156,1.1022670866848412
474,Thousand,David Hernandez,0.9882705803428558,1.0172187032933007,0.8954991065172531,1.221587918540746
475,Door travel,David Hernandez,0.889616062450231,0.9041600920810667,0.859762988291749,1.0454737989565235
476,Writer,David Hernandez,0.949908410327533,1.063619742476287,1.1386997146057316,0.9603494758669885
477,Available,David Hernandez,1.1325595700617301,0.9582296862631605,1.0256737050693756,0.8905197658138859
478,They rock,David Hernandez,1.1190519960035556,0.9248386565967415,1.223300542161208,1.0079537605192066
479,Single adult,David Hernandez,0.9141295159725791,1.0256572626573248,0.8627285776245527,0.9756176224292336
480,Citizen visit,David Hernandez,1.0343902220679975,1.11853356291531,1.0080730273798661,1.0791649796077958
481,Goal together,David Hernandez,1.0004399675746627,0.9885714562968427,1.009884550123756,1.102544799245559
482,West away,David Hernandez,0.9800967907932728,1.0404295272659636,0.8504282380539986,1.0259417179555355
483,Painting,David Hernandez,1.1254740003984105,0.900096325878867,0.8788732101445194,1.08250411279874
484,Knowledge we a,David Hernandez,0.8860829195450103,0.8040863353667007,1.0956818072499173,1.0713033509177166
485,Minute decide,David Hernandez,1.0830143291416647,1.1075795715525565,1.1835272898235907,0.9732670633295227
486,Pay he seat,David Hernandez,1.0683003174074759,1.0938491769373204,0.8598922961852338,0.9134651137350339
487,Resource,David Hernandez,1.0038748159630693,0.8663985967032063,1.0650007645339328,0.9523592877592943
488,Authority,David Hernandez,1.055218006649572,1.0075272956301211,1.0337751130398682,1.0648513373594375
489,Student matter,David Hernandez,0.9380953843618731,1.0058688267097944,1.1152245326705972,0.8414538758574386
490,Any relate,David Hernandez,1.1551307244871185,0.9546830572160414,0.9163440245104182,0.9550979746742703
491,Ask include,David Hernandez,0.8337665187334721,0.892181654202001,0.9360839241339107,1.03845978924418
492,Produce,David Hernandez,0.8659636028885719,0.7951332903047718,0.7515784389259232,0.8532249332314894
493,View together,David Hernandez,0.9446568502249563,0.949634727875814,0.9719700370631172,0.9717608630289118
494,Decade note,David Hernandez,1.0528986709917703,1.0672758338829362,1.0182636552111237,0.8830910469527828
495,Particular,David Hernandez,0.9375008267684213,1.0914984058880213,0.9997328683983445,1.0025587435942593
496,Remember,David Hernandez,1.0257896653215177,1.1436573569059045,1.072579838300395,1.2130284181182485
497,Require view,David Hernandez,0.7902502849255345,1.0725418167153464,0.977031714472665,0.9177917951169605
498,Total PM,David Hernandez,0.9084118226683179,0.9740055490312409,0.9594240812483904,0.7003799533695605
499,Magazine war,David Hernandez,1.118693616383963,1.0071613278376026,0.958339906501637,1.0836758491849068
500,Coach picture,David Hernandez,0.8744624061652226,0.7506805331906234,0.8480555079891224,1.0944476729475308
501,Evening south,David Hernandez,0.9812935296805215,1.0406416129299896,1.0380281586185494,1.087592382930574
502,New dream car,David Hernandez,1.142160839191138,1.002626228779774,0.9896123479842643,0.8902225475534405
503,Here left very,David Hernandez,1.1197243691839645,1.0413763479924967,0.9427138700477777,1.0181890492878503
504,Power expect,David Hernandez,1.1567239911116391,1.121721781913861,1.0345378710237494,0.8455481227268711
505,Mouth nearly,David Hernandez,1.0377740895443444,1.0313119544749556,0.9574942969936,0.9358707768704505
506,View see pass,David Hernandez,0.8988503581770428,1.021661609295987,0.9611499783426152,1.0052292278094994
507,Prepare push,David Hernandez,1.0330874551908218,1.1544780139365798,0.9769111058971467,1.0379665981589006
508,Admit radio,David Hernandez,0.8795618204184847,1.0016895371609191,1.0259870497666368,0.8751080536099398
509,Open medical,David Hernandez,1.0885007173629553,1.09280865783535,0.934812435205138,0.9876375755955802
510,Side ten,David Hernandez,1.1408262006676348,1.0307255926168846,1.0999978411113776,1.0499715751475234
511,West down,David Hernandez,0.9525431346766311,0.9169464695534981,0.9943785715390431,0.8918043186164561
512,Production,David Hernandez,0.8959359072696389,1.0526098437026157,1.0537130792997191,1.0444876736175688
513,Forget past,David Hernandez,1.0025341747089023,1.1708571997467867,1.0209914212883857,0.9973608873468948
514,Around,David Hernandez,0.8728437607419185,1.1396730844362908,1.085401021556211,1.0676029050279263
515,Environmental,David Hernandez,0.9260542151956852,1.0605786594432816,0.9266459189997038,0.9002347762000698
516,Quickly full,David Hernandez,1.0073227577115371,0.9373740608355312,1.1380559400019847,0.9400065008886774
517,My consider,David Hernandez,0.9700700116348048,0.9461423017775378,0.9162107127898351,1.147168276886531
518,Season dinner,David Hernandez,0.8882136284355333,1.0422961085267426,1.0957564199589893,0.9361123452122825
519,Surface place,David Hernandez,1.0833268554210378,1.0566211216643302,0.9041378725723619,1.0121961347382213
520,These,David Hernandez,0.9745552313506664,0.9519307398465922,0.9728048839290722,1.1175204136924524
521,Pay office,David Hernandez,0.8841724949210579,1.0772803944711717,0.7910162783441674,0.9618535029641202
522,Account data,David Hernandez,0.8313815011224573,0.7910294657003749,1.0502691748970774,1.0150168825824666
523,Let in walk,David Hernandez,1.0508798212787918,1.0104782787641708,1.0782227144845868,0.9940784528553938
524,Few seat role,David Hernandez,1.131875539171333,0.9752160237147387,0.8300467150096192,0.9954230944628253
525,House last,David Hernandez,0.9196424728207832,0.9924430698230613,0.9148579375127036,1.0319218077050354
526,Argue long,David Hernandez,1.0457402040679173,0.9794003394081817,0.9406660069308339,1.0052095018247422
527,Change wife,David Hernandez,1.03890106046778,0.8563500574391647,0.8424771508000539,0.9497514038990337
528,Dog also close,David Hernandez,0.9666953017727637,1.1375409193625656,1.0050425518765562,0.9926026148097619
529,Bit on manage,David Hernandez,0.9783021107994645,0.998282810418113,0.9888869125705502,0.8597713031954073
530,Lot staff,David Hernandez,1.0978681408616326,0.9360537875838217,0.9221451395925957,0.9889635446846214
531,Safe sound,David Hernandez,1.1640903983043924,1.0268074882034923,1.084898505837045,0.934317952263341
532,Hard minute,David Hernandez,1.0357965645297544,0.9587265874414344,1.0032222763614695,0.8697159402079289
533,Within prepare,David Hernandez,1.0310930945435346,0.9014939100364805,0.9821805383379894,0.927352647603791
534,Unit these,David Hernandez,0.9218260451647898,0.9568174086287932,1.075448881193458,0.6948331145773731
535,Grow upon,David Hernandez,1.0117187097600986,0.888937000148484,1.0258099693555915,0.9600367858037758
536,Beautiful,David Hernandez,0.9717758897997792,0.9873551620505812,1.1163501132082827,1.1748745184023734
537,Raise,David Hernandez,1.0681824232433326,0.9720652902132771,1.0562212849620063,0.8025409336040352
538,Again report,David Hernandez,1.0526032153503477,1.0130467209261833,0.839853713952019,0.9793653669759654
539,Budget brother,David Hernandez,0.9999283890813921,1.108854561968875,1.0460867642926297,1.2294242919966845
540,Upon company,David Hernandez,1.1721606848599169,1.169234579450514,1.0373398433235934,0.9042427193827658
541,For so girl,David Hernandez,1.0287870382605389,1.1017093534823124,1.2114587119683458,0.7951634520166143
542,Least message,David Hernandez,1.0857943964876622,0.9807541504371897,0.9519965622280093,1.1892927532701865
543,Yourself,David Hernandez,1.0334035495681666,1.0256804492674532,1.004910334316591,1.011997944420168
544,Character,David Hernandez,1.1332001556596087,0.9992690119335998,1.037427764752438,1.0686104392329812
545,Final politics,David Hernandez,1.0330912097938676,0.9895104763750856,1.0325501481499855,1.0579134876757255
546,Full Mr,David Hernandez,0.9989000483926416,0.8614677625389942,1.0185341330207798,0.9414351265722599
547,Feel position,David Hernandez,1.0234784879745527,0.9329164263527904,0.8935987623471391,1.0226006368302467
548,Performance,David Hernandez,0.9051336551934264,1.0619797260017527,0.9644192411877046,0.9736741090062012
549,Go crime race,David Hernandez,1.2266316847182366,0.7149138036593135,0.9547428005146602,0.9387409293718487
550,Wait financial,David Hernandez,0.8854714101014645,1.0277769916727726,1.0602128241890234,0.8817681699138088
551,Pretty blood,David Hernandez,1.162866982204629,0.9583908044788336,0.9811160005141573,1.0384194064778882
552,City get,David Hernandez,0.9535334561344575,1.1988533777287769,0.9827699427954425,0.9525157521940251
553,First radio,David Hernandez,1.0021190990067763,1.0407400877741426,1.0610775726489983,1.0739918005501772
554,Culture minute,David Hernandez,0.9525468302050557,1.1363252039246863,1.0363253362444471,1.0646925046587057
555,Else identify,David Hernandez,1.0504842866134776,1.0149856192767304,1.0647349371448558,0.967881502936013
556,Former focus,David Hernandez,0.9780413531309485,1.0688378373105858,0.9905385652173692,1.017279284116127
557,Chance throw,David Hernandez,0.9563101288600759,1.2128594954079264,0.9687839438803962,0.9336832301467921
558,Claim maybe,David Hernandez,1.2246149819816226,1.0601282322684404,1.0633373336057546,1.1879608176102399
559,Budget country,David Hernandez,0.9420366898494559,1.1516131005148997,0.9214742874806517,0.8644951104579386
560,Production,David Hernandez,1.0473199688563728,0.9925371749942858,0.9688178143275192,1.0187217508882167
561,Scene develop,David Hernandez,0.9279595397709286,0.8498941814244012,0.8259198836470087,1.0922138248586362
562,After entire,David Hernandez,1.0125401692690295,0.9437557319188559,0.9811609684854601,0.868039688418391
563,Suggest amount,David Hernandez,0.949703414531192,1.0426867159245194,1.0313770768264923,1.0649337563494168
564,Life word same,David Hernandez,0.9318430841013038,1.0035891039260973,0.9796887315854417,1.1210103922519663
565,Last heavy,David Hernandez,1.027336205718174,1.0675380741776441,0.9648396522559842,0.7838820531472087
566,Capital top,David Hernandez,0.8743899242893933,0.9268512795080189,0.9391669296085927,1.0385664002067967
567,End why gun,David Hernandez,0.9897178043148424,1.1312285284969374,1.0811694578213742,0.7702454696931667
568,Star suddenly,David Hernandez,1.0810874418764544,1.066012332896061,0.8757523849114712,1.2236688857915325
569,Security close,David Hernandez,0.9527254518523689,1.0051413463737109,0.9986643788777787,0.818765386298165
570,Recently enjoy,David Hernandez,0.8766167592747559,0.9513329506408961,0.9506522423293968,1.08811194882667
571,Own reflect,David Hernandez,1.0848507246358419,1.0031553257300203,1.1181909752286685,1.0428800650445267
572,Lead poor,David Hernandez,0.9031118127808081,1.0449130874209684,1.138454760944107,0.9769252421004723
573,Certainly,David Hernandez,0.8451043412274484,0.947861581185115,1.1181142164184334,1.021903803978946
574,Consumer,David Hernandez,0.998587129759437,0.9593486970814428,0.9666522759273626,0.961740733731727
575,Traditional,David Hernandez,0.9215822271572341,0.7809345015711388,1.0740910224919908,1.1283884327743376
576,These marriage,David Hernandez,0.8270689936624686,1.0764542484467088,0.9775111310248336,1.0978909157456445
577,Exist music,David Hernandez,0.9774242223453534,0.9260231578329332,1.1569530359779274,0.9019519440508178
578,West network,David Hernandez,0.9298052100191684,1.0454445556553822,0.9052997342393401,0.9353093851044822
579,Memory wait,David Hernandez,1.0387726351825912,1.0419610944969495,1.0192272345399565,0.9996124164245903
580,Food water,David Hernandez,0.9070030603192861,1.210678129318207,1.0644807438996837,1.2326522674939708
581,Wind far,David Hernandez,0.871431703056168,1.1423569024373483,0.828273279570213,0.8942108879822854
582,Stage first,David Hernandez,1.088300007822337,0.9324030645458887,1.057208686112989,0.9829115856815025
583,Need defense,David Hernandez,0.8206015798947607,1.1284106039811503,1.1273828299385684,0.9917974651366698
584,Mother treat,David Hernandez,0.8492482862878911,0.9971233921597458,1.2145356230808098,1.0355865284775074
585,Win director,David Hernandez,0.9586391477586717,1.0403250336846945,1.0584614829153147,1.0025875121961705
586,Yet upon,David Hernandez,1.1338823602281485,0.8807589525880147,1.1416944209321973,1.0234653930784086
587,Also me,David Hernandez,0.991545167258847,0.8144928188022117,1.0177774747092372,1.0548082903802614
588,It example,David Hernandez,0.9814947049509495,1.1577004339786132,1.131580707021001,0.955712205473907
589,Brother likely,David Hernandez,0.9867994057508294,0.8047307861391995,0.9355980103037734,1.0278688264405444
590,There computer,David Hernandez,1.0224272126155738,1.1551196137389168,1.0636442632556222,1.075960005503609
591,Bit deep film,David Hernandez,1.1439059091539545,1.09948933600351,0.8991278714038858,1.1482634467207011
592,Eye region,David Hernandez,0.9022455754189248,1.083008606043334,1.010494179280816,0.9227186461324489
593,Can respond,David Hernandez,1.160259367400196,1.009676402338506,0.9401634746308627,0.9258472478163928
594,Short own term,David Hernandez,1.1239341871050332,0.9762005386805662,1.060046294364133,1.0062216739978695
595,Hard attention,David Hernandez,1.0295533020574361,0.8208238037307085,1.175107730736225,0.9506750752145235
596,Western black,David Hernandez,1.1075732348682799,0.9482354199225648,1.0457165669440829,0.8611052055669086
597,Degree suffer,David Hernandez,1.1183033033641054,0.9333380592042776,1.077713286252395,0.8532483613949398
598,Along town,David Hernandez,0.9348140207555445,0.9301563324322698,1.0468898470178294,1.0739556213266452
599,Line low avoid,David Hernandez,0.9633820618404584,0.9766141915720168,1.1709176935239154,1.1668638317630786
600,Lose partner,Paige Lowe,1.206476485981293,0.9953402292187288,1.0480660262770098,1.0132003606979627
601,Everything,Paige Lowe,0.980608498629745,0.9498605626360301,0.9541252727161937,0.7562083152686627
602,Continue,Paige Lowe,1.0643783218162426,0.9042779518138377,0.8960112486381926,0.9041133512727778
603,Party east,Paige Lowe,1.3624736473610435,0.9552863220057818,0.9715238272809437,1.1156143474777795
604,Others area,Paige Lowe,0.9314474518032487,0.9461935589234678,0.9684846765313169,0.9842749661946991
605,Subject,Paige Lowe,0.9300096938133391,1.0769881592148085,1.1561306425006768,0.8691588932858321
606,Though such,Paige Lowe,1.1359964224694312,0.9435142290238199,1.1189444359063423,1.043416346763298
607,Our partner,Paige Lowe,0.9164464278676944,1.0315630875212962,0.9874236816578162,1.1500540696323576
608,Doctor improve,Paige Lowe,1.0399702545821032,1.1289066582206055,0.9653600357815775,1.0198660671772173
609,Trade hold,Paige Lowe,1.0875972462778625,0.9268689327133405,0.7910314284505907,0.9110320338473479
610,Ball energy,Paige Lowe,0.9579182913888852,1.103778066201071,1.0168383477910632,1.1025084439570785
611,Company six,Paige Lowe,0.9761290107554197,1.0223977749482085,0.8210415198179759,1.0978956375481115
612,Party good,Paige Lowe,0.9925379764797294,0.8660439341810564,1.0332052818016093,1.0194803014246714
613,Wind drop,Paige Lowe,1.0666235225811918,0.8810103296570636,1.022103101451167,1.0755796232116939
614,Door speak,Paige Lowe,1.0299117593280784,1.0307097542788537,0.8537432284069527,0.8666258679582435
615,Customer this,Paige Lowe,1.0407375053973664,1.1589407321973253,1.035894594147759,0.9664907068457773
616,Society,Paige Lowe,0.8427033225113347,0.9574891692805406,1.0861029313276145,1.005759323198342
617,Ready theory,Paige Lowe,0.9334602498089296,1.1308388620634917,0.9682479184090885,0.8196315923477037
618,Food movement,Paige Lowe,0.8647992120734844,1.0650338946455489,1.2570797735027734,0.8526243953729093
619,Beat shake,Paige Lowe,0.8918778223277977,1.0159765852064668,1.1373945641918828,0.9747314804164506
620,Personal thing,Paige Lowe,1.0583832106500832,1.2397756798513457,1.0887931634098857,0.9849751816659745
621,Discussion,Paige Lowe,0.8615806368503626,0.9236884631200466,1.1983895638517135,1.042758612723518
622,Raise now,Paige Lowe,1.021589516730214,1.1604435678375646,1.1768543997402094,0.8441286538737548
623,Pay hope,Paige Lowe,0.9010794572233207,1.1413951832628397,0.9970311592370337,1.055827640957508
624,Too finally on,Paige Lowe,0.9297737303008606,0.8643365298900084,1.0928275087463786,1.048998640748855
625,Our himself,Paige Lowe,1.0032444224841846,0.8011336094250758,0.9968557861602908,0.9787583829372198
626,Degree author,Paige Lowe,0.9754069776071836,0.9634941328986184,1.0916023745269638,1.1265759511887263
627,Visit movement,Paige Lowe,0.999646893303304,1.025369982215684,0.9983077330748268,1.1266758561500854
628,Apply seat,Paige Lowe,0.9550259056048491,0.8885370568991495,0.883347797626401,1.0697840410067103
629,Couple morning,Paige Lowe,1.1515526550647197,1.0592321809081824,0.9419648341961225,1.032220215548339
630,Couple young,Paige Lowe,0.9010927334351622,0.7948838235605826,1.0485932566038438,0.9037206864334852
631,Science fill,Paige Lowe,1.1853479488961516,1.0052964977833092,0.930504696987192,1.020084534314914
632,Thing before,Paige Lowe,1.0620254715672204,1.0333237960135182,0.8948107399668411,1.0026695978445588
633,Poor actually,Paige Lowe,0.835441137245781,1.1755517804608941,1.008962433432939,1.1355792616379765
634,Marriage least,Paige Lowe,0.9627298479387737,0.9759014003873375,0.9836378425439019,1.1154777827610494
635,Author field,Paige Lowe,1.0656303310272772,0.9783153589976561,1.0553289341034842,0.909733499935746
636,Government,Paige Lowe,1.0257209191675358,1.032653791829335,1.0144664148275075,0.9901847156530318
637,Turn cover,Paige Lowe,0.8075767479165213,1.050018106237733,1.1840855658190668,1.2480647238575024
638,Add door show,Paige Lowe,1.0145150628841775,0.904365154668514,1.0545806917571616,1.0268314406089556
639,Play word,Paige Lowe,1.1807392697329775,0.8707289226894238,1.3361752352511633,1.1413035732206886
640,Also clear,Paige Lowe,0.886052557018644,1.0753031440687124,0.9485334525303045,0.892773828838276
641,From try,Paige Lowe,1.1089754524808382,1.1136313923647454,1.0511843202067832,0.8719341651977988
642,Former argue,Paige Lowe,0.9373645063160472,1.1613261452047998,0.9330726989839208,1.0368578003834303
643,Behind final,Paige Lowe,0.9381611574053225,1.135258615982874,1.0266650765221588,0.9426985585510957
644,Rest citizen,Paige Lowe,0.9486182999166178,0.9700347280169548,0.8204844305040757,1.1106348453205366
645,Anyone art,Paige Lowe,0.9257723714073555,0.9812546385150497,0.9773228987334254,0.8566877545111269
646,Ask site,Paige Lowe,0.9638507973461605,0.9820454641319561,0.9743486217516389,1.1199494407957211
647,Former star,Paige Lowe,0.7761038576864795,1.098345990927031,1.0297949382597051,0.9060404532729512
648,Behavior lead,Paige Lowe,1.1521191887596056,0.9285878940853717,0.9364444179889961,0.9407606218154102
649,Expect song,Paige Lowe,0.9389388923919111,0.9372480109145555,1.0206120300784034,1.04995663784495
650,Thank only,Paige Lowe,0.8611120531857901,0.8609433906356825,1.0099101667343138,1.0443359674480495
651,Above effort,Paige Lowe,1.090454885234836,0.9038066178414357,0.895044945624649,1.0296493931569906
652,Board exist,Paige Lowe,0.9179378355328736,1.049377795934043,0.9914626115786098,0.9617562018223661
653,Computer,Paige Lowe,0.9507730553941423,1.0143011953726668,1.027016710023981,1.0066075908681102
654,Recently,Paige Lowe,1.0889891024065215,0.9703527873009269,1.0348145274270926,0.9544238840359373
655,Production,Paige Lowe,0.8767067778852949,0.968068017415769,0.9150733336120129,1.1959119461885508
656,Public agent,Paige Lowe,1.0017545918269912,1.0839082295233868,1.0366995298821844,1.1104361402368357
657,Something guy,Paige Lowe,0.8532627860985496,0.8712250057111122,1.0785264730632353,1.1246485735926057
658,Form myself,Paige Lowe,0.9030036970727748,0.8498448943609362,1.062722084776065,1.1594406241631847
659,Seem southern,Paige Lowe,0.741775698240015,0.907025584089538,1.0086182104112107,1.0709974802352396
660,Institution,Paige Lowe,0.9906962291838873,1.1347528682446093,0.9259512087816284,1.0359497424091098
661,Front modern,Paige Lowe,0.8869808346360298,1.0404509813159226,0.9295355166984091,0.9031769362321184
662,Agent reality,Paige Lowe,0.9901513755551812,1.1318239591787307,0.9206426632325799,0.9736604452569939
663,Position whole,Paige Lowe,1.158174841307442,0.9550183059578475,1.0664029638028074,0.9590939015311799
664,Board when way,Paige Lowe,1.0590939559680677,0.9765800585607404,0.8961767741643809,1.2505830165203764
665,Moment south,Paige Lowe,0.8550441612492631,0.9548202398267176,1.0812156665151036,1.048706794435065
666,Better station,Paige Lowe,0.9175252650945767,0.8570860026979739,0.9785579178979773,1.1535164367142707
667,Toward stuff,Paige Lowe,0.776851805445598,1.0770500740217654,0.9853201786470468,1.0920219748621567
668,Huge part,Paige Lowe,1.0421535390961878,1.0121444055931763,1.1377599473885658,1.0443366384823716
669,Time remember,Paige Lowe,0.8862716250127184,1.0693706339779787,1.056240017005344,0.8071965498678467
670,Gun back,Paige Lowe,0.8467189530933374,0.7561686239517011,0.9629410124289833,0.8682942907824339
671,Apply play,Paige Lowe,0.8706710518071171,1.0810999077579306,0.9079958085736366,1.1335932139631169
672,Within news,Paige Lowe,0.988277580731395,1.0401773238825172,1.0810387428572232,0.9385408384406905
673,Tree fish,Paige Lowe,0.9940883293446501,0.9491236732219408,1.0106234276100858,1.1612362789247388
674,Left instead,Paige Lowe,0.9364447583577572,1.0932047198870956,1.0720069292850223,1.1929995006407415
675,Section best,Paige Lowe,1.1238993919393248,0.9961066381291835,0.8643474934732089,1.0789728641329759
676,Crime wear,Paige Lowe,1.1589888999465172,0.8562375303992131,1.140222903431304,1.0079979477981889
677,Family future,Paige Lowe,1.0298640231225349,0.914636489518758,0.9781153123653189,0.9640594879594936
678,School explain,Paige Lowe,0.8025056328379475,0.9616571019240502,1.0562889535873594,0.923708293849472
679,Very poor,Paige Lowe,0.9445388016855976,1.0165556957032194,1.0058257772318542,0.9047773213780157
680,Value,Paige Lowe,0.9988546720409945,1.0315262745266345,1.0664459933347534,0.9054670477858776
681,Pay win,Paige Lowe,1.071785217447145,1.0849607414272489,0.9959700549069855,0.9046909478037957
682,Once baby,Paige Lowe,1.064279124081249,0.8943151976993564,0.8791368438148094,1.1260923406840257
683,Success both,Paige Lowe,0.8608894578944211,0.9287582662412228,1.0551424835744476,1.1637324177287778
684,Pressure reach,Paige Lowe,0.8300463806809436,0.8727881152620864,1.0842509938869873,1.059327032987926
685,Number many,Paige Lowe,0.9480476314496529,1.1696162406729678,0.9969923218216533,1.0550112170103052
686,Product,Paige Lowe,0.940200585218943,0.9548945970743205,0.8318708888295916,0.9736780778290611
687,Its agency,Paige Lowe,0.9838973561605941,0.9148868614812278,1.1762813803502403,0.9791462478493292
688,Onto person,Paige Lowe,1.0069752830806498,1.0596932069974743,0.8602849686858636,1.160069746152172
689,Performance,Paige Lowe,1.0449710824444187,1.090458154038297,1.0817515663067183,1.175307085755222
690,Player thank,Paige Lowe,0.9738318262039619,1.1034531718448048,1.1080126045771665,0.9530690859796459
691,Production,Paige Lowe,1.1132361562705702,1.196170925458454,1.0583795399751044,0.9876352896179399
692,Sort guess,Paige Lowe,1.041653151392854,0.8584546223799755,0.9987254871313891,0.9959864144825264
693,Here south,Paige Lowe,1.0755895050309359,1.1086797616767972,1.0118011647116956,1.1004665091471888
694,Enjoy decide,Paige Lowe,1.1250735583833782,1.06468272745548,1.0397734724457877,1.008810740337375
695,Cultural sure,Paige Lowe,0.926014944033461,1.0777088428168773,1.052459095955958,1.0556448963433767
696,Nothing,Paige Lowe,0.9252328849123529,0.9385719178302496,0.9572420062075129,0.911917947158313
697,Above left,Paige Lowe,0.8910854596295421,0.9431128864555416,0.9268621019145039,1.0513392884373498
698,Worry civil,Paige Lowe,1.1539360748933876,0.8782000665376456,0.9455433367481805,1.042934519127387
699,International,Paige Lowe,0.9469389674444428,0.8238503092704521,0.8851328836216317,0.8777705579375282
700,Work trial,Paige Lowe,0.9658040235336555,1.0407726447700911,1.1299145472938852,1.017650721077656
701,Month,Paige Lowe,0.938406344507736,1.0731933236877482,1.0096596252768333,0.9194503116647621
702,North however,Paige Lowe,0.9035706519998128,1.1042453324864907,0.8903589058220872,1.027572526815384
703,Market say,Paige Lowe,1.0974213423522952,1.0071341495048274,0.8954633823490709,1.1062323507046572
704,State least,Paige Lowe,0.9197399659702127,0.7704258772754368,0.9836101431716954,0.8463521894865631
705,Play own,Paige Lowe,0.9229018193996722,0.9546490111234776,0.8485804730812662,0.9203928830228678
706,Another,Paige Lowe,1.0094997852768328,0.9077042487025002,1.0872027933205013,1.1136958555349916
707,Voice too,Paige Lowe,1.0742703366630193,1.0039682902330496,1.2374136437071281,1.1243519926360237
708,Represent,Paige Lowe,1.0578129890341623,1.1107128926710046,1.137182474953807,1.0242880299624701
709,Month author,Paige Lowe,1.1756426428902655,1.0222689956726625,1.015183646719607,1.0969450421868594
710,Seek huge,Paige Lowe,1.1009288099935512,0.9517351352138718,0.8889150377991226,1.0946736101009364
711,Trip again,Paige Lowe,1.0933033022237915,1.0478073960227656,1.1616536974738685,0.9712754185136241
712,Answer spend,Paige Lowe,1.0621311335175299,1.0408159682382259,0.8713466953576463,0.718893921602985
713,Current sound,Paige Lowe,0.8791696130280842,0.9841117264591572,1.0210090204375208,1.1388558146915573
714,Cut office,Paige Lowe,1.0639117284563424,0.8492362283698878,0.6825763689307155,0.8057520963125409
715,Inside thank,Paige Lowe,1.1013431652864458,1.0637794220456172,1.0669721411299362,1.0209471156638223
716,Player well,Paige Lowe,1.0815013423609,1.0409459237575467,0.8982017129632376,1.104401969639235
717,Name draw pull,Paige Lowe,0.9807145529237954,1.0662530843361175,0.8796510913609721,1.1091401600395978
718,A west over,Paige Lowe,1.0386077479842495,1.0221425273768296,0.9359617901272941,1.0889937753584649
719,Artist matter,Paige Lowe,0.9225239441448104,0.9226381961520035,0.9407568287530074,1.037771842015853
720,Man claim nor,Paige Lowe,1.0481277961647721,0.9718872730044362,1.1146375258237045,0.9550844542413579
721,Teach hour,Paige Lowe,1.124013999176164,1.048818554260149,1.1010848194254848,0.9856366272883162
722,This already,Paige Lowe,1.0216035798028757,1.115539357258934,0.9746106524790423,0.9718745477703015
723,Then see set,Paige Lowe,1.1709922187393067,1.0370679602245754,0.8464790445653574,1.2633589193768415
724,Five since,Paige Lowe,1.0790507078142433,0.9055591828773223,0.934717703231832,1.0701015219911632
725,Service,Paige Lowe,0.9999155615474392,1.0227695902597618,0.8978602162596829,1.0814023340269985
726,Another,Paige Lowe,1.109968277708926,1.0579382086269644,0.9894883096953072,1.0482267276438026
727,Season expert,Paige Lowe,0.8870832403378692,1.0574952447907615,0.9879819777772032,1.027365121774594
728,Few shake,Paige Lowe,0.8855227599496651,1.0074710346194387,1.2897102116887913,0.9746509098456683
729,Dinner wait,Paige Lowe,1.0963907175218497,1.0962852825048726,0.9401990600826095,0.8896899289716911
730,Range step,Paige Lowe,1.028272583370012,1.0097168170510245,0.9405389567098991,1.000102984901439
731,Foreign field,Paige Lowe,0.8685850142039424,1.1383558464261854,1.1235635897059761,1.01909432469132
732,Oil join than,Paige Lowe,0.8619287835435828,0.9779717579473842,1.0110526665120572,0.977124898777546
733,Body military,Paige Lowe,0.9158217115231111,1.0747435457379138,0.9707778588430678,1.0450274612882258
734,Market size,Paige Lowe,1.0188292016260059,0.970686457421397,0.9290512722522015,0.8432519476129928
735,Head include,Paige Lowe,0.8977007835717287,1.084354918101409,1.1034972740229352,0.8810612143244163
736,Election day,Paige Lowe,0.8546207744103644,0.9847101586720676,1.0704723176354076,1.0063177456615344
737,Street party,Paige Lowe,1.1266723569581254,1.0607033975275684,0.9028362663238059,1.0676354397123973
738,Simply,Paige Lowe,1.020278988655975,0.9620539692865253,1.10674794305136,0.8948800134745534
739,Available town,Paige Lowe,1.055180293163929,0.9830048101484858,0.9253156347559693,1.0286009017698705
740,Turn control,Paige Lowe,1.0034743048666295,1.0619527013089043,1.0766864264617793,0.9380436928551192
741,Recent not,Paige Lowe,0.9486421682681097,0.8958367995005324,0.8437712109070268,1.049742807430496
742,Guy,Paige Lowe,1.053242251581966,0.9738697663880423,1.0059915810979985,0.8714495872815073
743,Always major,Paige Lowe,1.07166639098271,0.9946941695138851,0.9372039714369521,1.0166182271766537
744,Know develop,Paige Lowe,1.0348041779110317,1.0573078171779708,0.9672212286324712,0.9862775396905628
745,Receive how,Paige Lowe,1.0411808280277401,0.991697037774719,0.843556689319928,0.935784725659337
746,Class lay,Paige Lowe,0.8905334486069781,1.016874775398962,0.9990478655151702,0.8745959623517074
747,Shake,Paige Lowe,1.0757929936887507,1.0092676530836897,0.9269355928321512,1.1029331394123754
748,Century oil,Paige Lowe,0.8977135099279108,1.0668685110256317,0.9973568113447426,0.8933071652278021
749,Guy they me,Paige Lowe,0.7823619368974555,0.9496325004388959,0.9756355272375177,1.1208495973688515
750,Rise job,Jon Nelson,1.1407916211670937,0.9503026153914408,0.8537352624338583,1.296796164929614
751,Official then,Jon Nelson,1.0683530016403597,0.9833218890185338,1.0470952456544336,1.0194198966404782
752,Central,Jon Nelson,1.0158025680781426,1.0716109605854511,1.04662567262293,1.0728849105896745
753,One without,Jon Nelson,1.07206143774262,0.9553761596275206,0.9622481197212519,1.089736801889416
754,Similar set,Jon Nelson,0.8026902422780375,1.1371452154279484,1.033697914460599,0.9187242131979645
755,Claim would,Jon Nelson,0.9085799111465006,1.0810895283978736,1.0892739518333558,0.975542874650121
756,Forget beyond,Jon Nelson,1.0542268642885042,0.8702551806784685,0.7074857973229353,1.0189250489118178
757,Inside develop,Jon Nelson,0.9561705197603696,0.9860633754706726,0.9158757382879898,0.9095967998516424
758,Treat final,Jon Nelson,1.0989824153767243,0.8472725536010605,0.9551671614284577,0.967011385380244
759,Wide industry,Jon Nelson,0.9876792484536654,0.8992632043631116,0.9101120593003292,0.875940769004746
760,Their both,Jon Nelson,0.7417866570044978,0.8408430621293106,0.9966967641402793,0.9564549874428119
761,Care toward up,Jon Nelson,0.8415273726745438,0.8867742224234848,0.9758127694873727,1.0199403580596704
762,Cold probably,Jon Nelson,0.8628995755777272,1.0455785569486402,1.1895570437808092,0.9239127087569964
763,Director life,Jon Nelson,0.9922473009962391,0.8916477989022396,1.1172802047465331,0.9590119798528949
764,Concern growth,Jon Nelson,1.0345433614720276,0.9485598140721817,0.94293983896654,1.0694356616900043
765,Watch write,Jon Nelson,0.9717623489004572,0.8858517533821375,0.9701396038119605,0.859957003842486
766,Yourself just,Jon Nelson,1.088156317993687,1.2452758412179679,1.007241744430464,1.0463598508013654
767,Term go image,Jon Nelson,1.11180904933626,1.1115465059656338,1.1011183848635346,1.1509323398925027
768,Paper ability,Jon Nelson,1.0313818025387134,0.9906085253942885,0.9710637606040101,0.9585835142664223
769,Eye street yet,Jon Nelson,1.1883940201715988,1.0623854657223892,1.0885360739043883,1.0146462785245804
770,Stand another,Jon Nelson,1.0188640143765735,1.1160977357883208,0.9059553037059672,0.9923472049364594
771,Remain,Jon Nelson,1.1090906427312823,1.1411178220636213,0.9679542752076971,0.9100374464638322
772,For between,Jon Nelson,0.9596357329643388,0.9008234570859077,1.0376928216916703,1.058689731494014
773,Newspaper hour,Jon Nelson,0.9360330752472568,0.9479244843049693,0.9548072825310772,1.0783128854880468
774,Continue,Jon Nelson,1.159954519597538,0.9831334938609758,1.0766590406299443,0.8850466340765559
775,Specific,Jon Nelson,1.0694700825345955,1.0804947211693812,1.0458205889459398,0.9699314635547376
776,Open certain,Jon Nelson,0.9300784601291829,0.9781853060814203,0.8591701839514541,1.037486259102162
777,Sense share,Jon Nelson,0.9544469079041475,1.003458381810921,1.152170324408689,1.0583169547429743
778,Know score,Jon Nelson,1.1087506424787583,1.089674210763743,0.9679621824560352,0.873632640898935
779,Herself field,Jon Nelson,0.8581519992716834,0.9874709866231237,1.064480095549611,0.8878366108099369
780,Church,Jon Nelson,1.0504372989748685,0.9782439796438674,0.9763886415196861,1.1508756829301592
781,Behavior,Jon Nelson,0.8829563470881203,1.0274877343937678,0.7989515172472258,1.1142624561773646
782,War follow,Jon Nelson,1.1301828314678952,0.9547421689805999,1.0870686200547237,0.8931205090061408
783,None player,Jon Nelson,0.9385740776342328,0.9443439659947119,0.9751652440819198,0.807199830781709
784,Note page only,Jon Nelson,1.0676705269833695,1.1265974462028423,1.0964916405751395,1.0732716745986326
785,Safe artist,Jon Nelson,1.02538159318023,0.9223969296867074,1.1493699929633627,1.009376629001625
786,Else lawyer,Jon Nelson,0.8153664055191814,1.0564818913061564,0.8840710209247118,0.9891827980039715
787,Always trial,Jon Nelson,1.1016848853800862,1.2317205325143674,0.8841270223148567,0.9811246332585276
788,Know time,Jon Nelson,0.918979989063158,0.8964994917146276,0.9648892489099378,1.140806691123307
789,Conference,Jon Nelson,0.9685859133948724,1.0688675231247924,0.9064036520115553,1.1782377007000755
790,Team moment,Jon Nelson,0.899203146600852,1.062583469914566,0.8191860247027443,0.9644924650904707
791,Him majority,Jon Nelson,1.059488497641472,1.0561643844266773,1.076306073013365,1.0239564880409282
792,Film toward,Jon Nelson,0.8592789169669428,1.0020167737468784,0.7864770098431635,0.8644547781100622
793,Film certain,Jon Nelson,0.8688226501738294,1.1594599904367873,1.1251654163909537,1.0812217279951413
794,Imagine Mrs,Jon Nelson,0.7831589912820867,1.0948876076352532,1.0998584177901887,1.0033270554432026
795,Eat how,Jon Nelson,1.0926809165175846,1.099460220333496,1.159344065206565,0.9853821409556143
796,Note manage,Jon Nelson,0.914042846631741,1.030626375979299,0.9054534537892025,0.9664586053264106
797,Appear field,Jon Nelson,1.1398307434346555,0.9698804109355411,1.0047797314689508,1.0209328747906832
798,Mouth prevent,Jon Nelson,1.0720957595079965,1.016899952195728,1.0970114331406595,1.016411774782931
799,Computer,Jon Nelson,0.8971876601967879,0.9578487379678621,0.9443646291556128,1.1374665776502175
800,Who other room,Jon Nelson,1.003841678828035,1.1589229381824815,1.168880819811426,0.9496884570693895
801,Upon certainly,Jon Nelson,1.0544697100001719,0.9372580771839621,0.9767484791723777,0.8218456244631798
802,Reality will,Jon Nelson,0.7822326632852307,1.031697232475014,0.9949501693519723,0.999844411439627
803,Owner south,Jon Nelson,1.0386290471052413,1.1163647933087233,0.9838366855539638,1.0587606422372664
804,Million around,Jon Nelson,0.9246023847720822,0.9906600540168526,1.1520125214769685,0.9710237195772292
805,Last message,Jon Nelson,0.9263992874647491,1.1142305698925337,1.0831369424086308,0.9117134389613211
806,Recently nice,Jon Nelson,0.8810355748346494,1.0602680575790622,1.0377871604774718,0.9303673360175385
807,Door use,Jon Nelson,0.9496994775449741,0.8941082455505448,1.0337255371761138,0.990979797455844
808,Determine,Jon Nelson,0.8690669545149852,1.0873288908158696,1.0488523088856547,0.8804705396718999
809,Or out,Jon Nelson,0.9501110989120853,0.9975817022231818,0.8478850703022672,1.0598122713882308
810,News onto,Jon Nelson,1.0381875531225742,1.0630542421202218,0.9387387773816759,0.906731936721382
811,Green military,Jon Nelson,0.830522604370016,0.8215889890211918,1.026884684664938,1.0740528122223634
812,Little market,Jon Nelson,1.0739599282479388,0.9364774411633582,1.13695453980459,0.7964998914021924
813,Face human,Jon Nelson,1.2050934052860334,0.8806859200720236,0.947234569566106,0.9625817989911261
814,Involve,Jon Nelson,0.9490488133354267,1.1393481793661673,1.0393683531013025,0.9625539484151813
815,Thousand,Jon Nelson,0.8091578765611589,1.1604477715715227,1.1820499231110624,1.013183005335615
816,Painting read,Jon Nelson,0.9951661918468229,1.0612828034839297,1.2165504963991125,1.057444969379902
817,Performance,Jon Nelson,1.0353373327446491,0.9372503319368986,1.0430820632370676,0.9811800029316702
818,Plan part act,Jon Nelson,0.9697321123423709,0.9788144225749134,0.9892867495097962,1.076626920382667
819,Yard send soon,Jon Nelson,1.103878033153246,0.7506033347259857,0.9869461032099849,0.9767842514423009
820,Green share,Jon Nelson,0.9728360493132693,0.9437363069084138,1.0563857108462276,0.9732382508959087
821,Hair parent,Jon Nelson,0.9391549849047071,0.97546761257838,0.9338100577227066,1.063338351988294
822,Yeah mention,Jon Nelson,1.1582696963307617,1.005258448251159,0.9941405470639352,0.9793684590478483
823,Audience,Jon Nelson,0.8975369530959467,1.108824568512779,1.078545510521338,1.0022452973296971
824,Leg through,Jon Nelson,0.8789589238754011,0.9580715529146093,0.9369249520632581,1.1054573293476673
825,Despite drop,Jon Nelson,0.9349746672467649,1.0287367166760757,0.963206024481927,1.0555175922125442
826,List floor,Jon Nelson,0.8934518144187565,1.0166275169673917,1.0421646006283534,0.9338725065657983
827,Tend forget,Jon Nelson,1.1325705360823715,0.9553513284976493,1.075457303040874,0.9668546430026151
828,Top civil,Jon Nelson,1.108063706557562,1.0918745791790796,1.1443624934030197,0.935917867331348
829,Trouble catch,Jon Nelson,1.0790445059926868,1.010293081277945,1.0862077753188693,1.0987235485118056
830,Close mind,Jon Nelson,1.029616377403151,0.9522410386093855,1.0733441888467252,1.0409899208162354
831,Various ago,Jon Nelson,0.9479787065027209,1.0288547970924653,0.8250965633634024,0.924311470462877
832,Have heart,Jon Nelson,1.1364822998097446,1.0224095910923596,1.1494213989934272,0.9767468848673961
833,Board career,Jon Nelson,1.214570016625925,0.8944833159251302,1.1006031012209987,1.2319389133015155
834,Task office,Jon Nelson,1.003972237156203,0.9683593126540979,0.9887711170636262,0.9859852603894519
835,Technology,Jon Nelson,1.0273839791986128,0.8232129856888197,1.0392654434127668,0.9804540742195433
836,Meeting event,Jon Nelson,0.9258822429355615,1.0062777520985868,0.9264464580982604,1.0234607785935848
837,Size to turn,Jon Nelson,0.9689421794181402,1.0454483583551986,1.033398679219792,1.107194057782048
838,What include,Jon Nelson,0.9154193312193186,0.9620292119151372,0.9715773662645303,1.1593180112182124
839,It four whole,Jon Nelson,0.9009720448314189,1.1280233873187482,1.0088030657779479,0.9715934274279465
840,People,Jon Nelson,0.7893049645948447,1.1494853804455873,0.8191344283035837,1.1378316781694129
841,Defense,Jon Nelson,1.003090753805023,0.7848561377766579,1.080771513366257,1.0150998939929035
842,Same as film,Jon Nelson,0.9620117810929374,0.8876088384348481,0.9656752392330126,1.0280354001485266
843,Ability,Jon Nelson,0.64633480742022,1.0508203772448712,0.972226526522487,1.0008996009673503
844,Activity after,Jon Nelson,1.0398791835949717,1.0784968074870467,0.9539183859345983,0.9298167419215387
845,Pull offer,Jon Nelson,0.9126252946171209,1.1633732718572225,0.9645736634232129,0.8637321843204196
846,Without young,Jon Nelson,0.9765649173682629,0.763497921670546,1.0583616491466454,0.9915644007619866
847,Dog discover,Jon Nelson,0.9294567662699158,0.8923378366023137,0.9049822087418476,0.988223613613996
848,Tax board for,Jon Nelson,0.9962823757353904,1.07548425382579,1.114270583200725,0.9557078103465901
849,Whose more,Jon Nelson,0.9597229353796335,0.9987105683412761,0.7904370732222433,1.2139311578269076
850,Space,Jon Nelson,1.0519020514985307,1.1936730262543258,0.951657195642828,0.952433992017581
851,Project mouth,Jon Nelson,1.1009583746181257,1.0200819241482475,0.8942300249465451,1.2268653990059806
852,Cultural hope,Jon Nelson,0.8964768762856716,1.1268083329613594,0.8162101735212155,0.9877689449340125
853,Mind state,Jon Nelson,1.0942319650643768,1.1128527898791123,0.9350209696229438,0.8782642943279206
854,Friend,Jon Nelson,1.0561076047809967,1.1824760410961457,0.9545439747848854,0.9479292220359434
855,Hour local sea,Jon Nelson,0.9434452369058653,1.017539187020888,1.0248373175304393,1.0225459262296897
856,Population,Jon Nelson,1.12959188866789,1.0517037971718168,0.9648566409737428,0.8350974888525593
857,Painting right,Jon Nelson,1.1790912664013593,1.0153190853334568,1.0265413379024473,0.9909011652094757
858,And sell value,Jon Nelson,0.872687015617826,1.1350741058951035,1.1104508609866592,1.0778224701728776
859,Year,Jon Nelson,0.8709617074058542,1.0407338680501876,1.1823256136461593,0.9779960417865542
860,Place year,Jon Nelson,1.1471519086215416,0.9154035206686215,0.9991021566743395,1.1465551194212058
861,Because system,Jon Nelson,1.0694389252632264,0.9425781709974315,1.1026456183056792,0.9553056293019426
862,Really toward,Jon Nelson,0.999391943502008,1.1455886961624995,0.8463556014524168,0.9875931696329703
863,Garden tax,Jon Nelson,0.9726402013801636,0.9245031191465439,1.0190217974868512,1.0231369962009758
864,Necessary room,Jon Nelson,0.8602190458644099,0.8919037045731724,0.9639851387572766,1.0349766581059285
865,Information,Jon Nelson,0.9321326116981998,0.8836931485462363,1.0725349792108536,1.2007554952223043
866,Fish class,Jon Nelson,1.017917997383621,0.9980820281716796,0.964557985844872,0.9678124757841119
867,Hair reflect,Jon Nelson,1.0175667281507113,1.0354785774498532,0.9828821765904416,1.109538696497813
868,Spring look,Jon Nelson,0.9975166230799146,0.9565105663595395,0.9881147659192747,0.991266132346092
869,Bed,Jon Nelson,1.0022090660623673,0.9754474518189142,0.9297439557099791,0.93991485211449
870,Buy always,Jon Nelson,0.9886020921564526,0.7755657059576571,1.0934398886586594,1.1573441170757777
871,Sure table,Jon Nelson,0.9158022144024094,1.1170068464866407,1.2044076015304062,0.9534022018472353
872,Tend forget,Jon Nelson,0.792795656622937,1.0880690027738427,1.0123456181318304,1.0167255701367985
873,Anyone film,Jon Nelson,0.9513946576420717,0.9027915001131646,0.8525644196812372,0.9862104779895375
874,Crime paper,Jon Nelson,1.0003798288481816,0.8953660081124494,1.1042852466810693,0.9767308142746669
875,Available kind,Jon Nelson,0.8298217993029987,1.064562839860585,1.0573427104936006,1.118885934794637
876,Low here,Jon Nelson,0.9093174861538965,1.0821818585566494,1.0842043172540838,0.8764713436633202
877,Maybe decide,Jon Nelson,1.0808559222871887,0.9960575598196663,0.9401371992493621,0.9085169806917291
878,Their writer,Jon Nelson,0.9121101100472445,0.8828845524121343,1.0147213790334595,0.8798420440244618
879,Nor run,Jon Nelson,1.1439916353027464,0.9192033300627274,1.0849121656337912,1.0650640531921738
880,Service,Jon Nelson,1.1396618816559299,0.8589164198017325,1.0614465452756299,1.0132613226089158
881,Civil sing,Jon Nelson,0.9699300999146803,1.004283400733857,1.0695340166317024,0.8163381167168734
882,American end,Jon Nelson,0.968354757364323,1.0323958828971784,1.1415777123154214,1.1245089271653135
883,Writer trade I,Jon Nelson,1.1082494418575897,0.8063332851573055,1.0922833607877422,0.9608150185437965
884,Garden might,Jon Nelson,0.8119085028420046,0.797389156283046,1.1113125842504976,0.9538785411896481
885,Interest,Jon Nelson,1.1735075896955236,1.0371218742420427,1.0180579243570878,1.006615727114805
886,Risk make two,Jon Nelson,1.0176309768158065,1.0622872503486716,0.9017214324873587,0.8764592909841468
887,High someone,Jon Nelson,1.0129699654806197,0.8900319682247411,1.1127324668916223,0.9747117809719441
888,Four which,Jon Nelson,1.1091389238409615,1.0350020946645089,0.9971002310122279,0.865544174741714
889,Could radio,Jon Nelson,0.9207106613961392,1.101642303423826,0.8131611518503914,1.0422916848880224
890,Start speak my,Jon Nelson,0.9251929067282162,0.9933820648883416,1.0756888531172224,0.995267508509141
891,Growth purpose,Jon Nelson,1.0435127652110845,0.9637095554860204,0.9353262563911124,0.992734156340934
892,Glass story,Jon Nelson,0.8723335086166603,0.9091952289642435,0.9390736110205616,0.994827256068675
893,Entire,Jon Nelson,0.9367924236708469,0.9343624006444414,0.9367821849108854,1.014177298369602
894,Because mean,Jon Nelson,0.8976621859850248,0.8628091497900627,1.0225570337850243,1.0956338826382528
895,Book house,Jon Nelson,0.9996607053001678,1.0783597014212538,0.9794794087924229,1.0188282857135937
896,Him rather,Jon Nelson,1.2329543643364307,0.9685304664106191,1.0283813266037096,1.0825265059602158
897,Resource,Jon Nelson,1.0014732907502297,0.9620484220937303,0.9826552067943906,0.9172564896450361
898,Cultural but,Jon Nelson,0.9527338715302436,1.0410279377088507,1.0112101593272778,1.0591244851218304
899,Career trade,Jon Nelson,1.0669852131651245,0.964981378398532,1.0286072923917058,1.075602579893442
900,Fight nor,Amanda Lucas,1.0712921804021278,1.080813747029602,0.9461294909829081,1.0952830601349608
901,Team small,Amanda Lucas,0.9055253022088406,0.9961588538526954,1.138104268996363,1.0672629799786164
902,Probably,Amanda Lucas,0.9842001650285934,1.1992563253067219,1.137465553856478,0.839568386517947
903,Eight,Amanda Lucas,0.9716873496551264,0.880359660488132,0.9697002028327323,0.8881635024883202
904,Sell play,Amanda Lucas,1.0998999451242246,1.0794263547786445,0.9524768586987982,1.0633812642068035
905,Act around,Amanda Lucas,0.80652393047683,0.9248658765676134,0.9811277342451911,0.769734060905815
906,Avoid,Amanda Lucas,0.899180447204731,1.0345001125496063,1.0776844629725866,1.1046537888252845
907,Join huge,Amanda Lucas,0.9086825649649595,0.8675542612076174,1.1373702305000397,1.118687941245769
908,Quite together,Amanda Lucas,0.954453262165625,0.8417982159430262,1.1804931661608267,0.971977709454505
909,Somebody four,Amanda Lucas,0.9181864854907396,1.048223596854024,0.9250863630193813,0.9054545989236512
910,Girl firm,Amanda Lucas,1.103694845762658,1.088838853976237,1.1411381074327227,1.1608520273113832
911,Return most by,Amanda Lucas,1.057225855300356,0.9076431074843913,1.0260206461785026,0.9757480302095295
912,Physical civil,Amanda Lucas,1.060473317217638,1.1821407330713598,0.9706286782221759,0.9775935531444537
913,Lose fight,Amanda Lucas,0.961621198811124,0.9978552468790339,0.8070553722283342,1.0229531520725792
914,Way inside,Amanda Lucas,0.8559836298866319,0.9963900344846187,1.1916372451259898,0.8327927002569041
915,Campaign set,Amanda Lucas,0.933060859819107,0.8274109105297327,1.0121307620974573,1.0313430373728045
916,Similar word,Amanda Lucas,0.9909734108968552,1.1971516934104327,0.8355565340126733,1.0696913860584427
917,Door person,Amanda Lucas,0.8814714704865624,0.9499867493482033,0.9112742515727382,1.0417267968960218
918,Window station,Amanda Lucas,0.9984968329784408,1.1750419395134712,0.9907585706867774,0.9849873975599002
919,Meeting beyond,Amanda Lucas,1.105991358993249,0.8960043973713383,1.0946535476311046,0.9465036145253746
920,Kind foot song,Amanda Lucas,0.9031548342501965,1.0115408419769065,1.1230822172343484,1.1021476924081897
921,Language,Amanda Lucas,1.107061821332541,0.9772485375985894,1.0856830882096367,1.1211245692746479
922,The world,Amanda Lucas,0.9066043005031497,1.0302098546263179,0.9511599244644006,1.0426770325089247
923,Seven among,Amanda Lucas,0.8745866098168577,1.105614146551495,1.0626108269298484,0.879621633875462
924,Student girl,Amanda Lucas,0.9667882241181472,0.9335470613983545,0.9244663245614371,1.1567638974387986
925,Great worker,Amanda Lucas,1.0767615800287702,0.8110611905538705,0.9844042434069431,0.833728469326082
926,Peace cultural,Amanda Lucas,1.0438847917868985,0.8858345611943763,0.7399488610768573,1.2679378090159723
927,Black attorney,Amanda Lucas,1.1068021143770415,0.9696361916338776,1.1050548279166905,0.9768847457410476
928,Win film ball,Amanda Lucas,1.1058978315779269,0.7550117357358501,0.9525867620708841,0.9539371289070115
929,Forget guess,Amanda Lucas,0.9011030646114019,0.9847507489579509,0.9025391046540188,0.9912664561638179
930,Just able,Amanda Lucas,0.7892107717548809,0.9228364202009022,1.002687116950454,1.038651159604074
931,Before similar,Amanda Lucas,1.0610164228238304,0.7092668449265915,0.941415929186547,0.9969897626446294
932,Home home,Amanda Lucas,0.9193539661473504,0.8365823007198571,1.1072024714928834,1.024273812174511
933,Keep always,Amanda Lucas,1.1748471500257367,0.9123110660162015,1.0520334098393795,0.863981035170527
934,Thought,Amanda Lucas,1.0415439586443518,0.9256668749679778,0.9464093583042373,0.9809821579251755
935,Leave treat,Amanda Lucas,0.8998273825825738,1.116468892831726,1.0398896476854498,0.8996512499213527
936,Common reach,Amanda Lucas,0.9409763303322156,0.9358242589055761,1.0358210693556447,0.9373898679061978
937,Same PM window,Amanda Lucas,1.0454092904321781,1.056898093166072,0.9998481004732831,1.0858307608092959
938,International,Amanda Lucas,1.0748519577501308,0.9635734770799529,1.0258555897987658,0.9533760210480633
939,Include,Amanda Lucas,0.9012507407354947,0.9449376399807071,0.9064271463521709,0.8763240600143278
940,Quality,Amanda Lucas,0.9681956810961566,0.9346101324227432,1.1638335593370188,1.2329278195782922
941,See hope trip,Amanda Lucas,1.0766332907725262,0.8992674821888706,0.9396098159293887,0.9593668557221999
942,Table reveal,Amanda Lucas,0.9690288008790693,0.9062508314689115,0.9986410369413319,0.9120001401729805
943,Practice small,Amanda Lucas,1.0046571761291032,0.8764037150997458,0.9832490655012278,1.0358074658969478
944,Both yet,Amanda Lucas,0.9926197036944394,0.9997540447819545,0.8882116526843902,0.9176693038540656
945,Reduce week to,Amanda Lucas,0.9710871655926661,1.0135833060635495,1.0244125819252314,0.9941529163642083
946,Boy explain,Amanda Lucas,0.9492051718849467,0.8603715279633003,0.9243583523877886,0.9593273521784093
947,Seek imagine,Amanda Lucas,0.8992632208548466,0.9717996951902561,0.8933337585897518,1.0091514298467597
948,Billion,Amanda Lucas,1.1409156081044642,0.9561250880919049,0.9914541200997196,1.0758709280632386
949,Nothing test,Amanda Lucas,0.9331354365594191,0.8364402827699517,0.8657862247839377,1.0839212579118203
950,Discover,Amanda Lucas,0.9638697515822765,1.1238625561372824,1.1920632478061577,0.9503241138869982
951,Someone sort,Amanda Lucas,1.0138312734213852,1.073751975181934,1.0172215083565932,1.032343016829689
952,Activity those,Amanda Lucas,1.1073633566922065,0.9962056320911575,1.0729476200388204,0.9704303099343653
953,Medical event,Amanda Lucas,1.0677770454256414,1.0174311582977769,0.860660700801724,0.9900943632277986
954,TV drive,Amanda Lucas,1.0527301160563776,0.9353487891292103,1.01845479726965,1.1857573757103705
955,Very community,Amanda Lucas,0.9925630373873895,0.9899424747608094,1.1049963632841078,0.9119704480790124
956,Study,Amanda Lucas,0.9296862557941412,0.9507957204053111,0.9050726674641321,1.0936769102768453
957,Form front,Amanda Lucas,0.9619667882103793,1.0661608740955246,0.9334171794788445,1.1224897408445043
958,Common it type,Amanda Lucas,0.9896040737078641,0.9755458097919012,1.05885082135901,0.7645603888834429
959,Anything black,Amanda Lucas,1.0923645414425742,0.953510957212628,0.939968616272402,0.9202847244007679
960,PM generation,Amanda Lucas,0.9163430180022328,0.9123384057956238,0.9480277738084638,1.2317757447945772
961,Gas today,Amanda Lucas,1.1433119096510727,1.131404526884569,1.0065498141781093,1.118219154795004
962,Material,Amanda Lucas,1.1504139597459373,1.1404049834201346,0.9951662730840467,0.9796979494209453
963,Drug charge,Amanda Lucas,0.8387196252684755,1.0110661006756556,0.9882601692874452,1.0580724336777212
964,Range charge,Amanda Lucas,0.9459073615747882,1.1075517667410903,0.6781362374853206,1.0277188167441123
965,Career voice,Amanda Lucas,0.992433311661492,1.194765696546487,1.0082834215246739,1.0281839513811375
966,Outside likely,Amanda Lucas,1.000993504738172,1.2086032870287124,1.076456365459979,0.947298218493017
967,Fear buy item,Amanda Lucas,0.9543862215324911,1.0622872858689483,0.9932339388706112,1.0640006295649258
968,Across fly,Amanda Lucas,1.068714825094252,0.924021669847864,1.0982280675616873,1.0798143691161426
969,True guy,Amanda Lucas,0.8907913879755202,0.8838444995804113,0.961425196143526,1.06067251211385
970,Production,Amanda Lucas,0.8658798846599318,0.9979498955540569,0.9164519778228593,1.1304839731466128
971,Example huge,Amanda Lucas,1.0250071400635756,0.8789868724253909,0.9325644251871974,0.9379075762266531
972,Admit here,Amanda Lucas,1.0013538184629347,0.9643287558489975,1.1160186633158824,1.0798607782612462
973,Clearly,Amanda Lucas,1.038279474374794,0.928871300321727,0.8385281887965436,1.1333457818885724
974,Great left,Amanda Lucas,1.1098847492718742,0.90790475488955,0.8944768271294994,1.0187517126839085
975,Than site best,Amanda Lucas,1.089146120817569,1.0666968842424291,1.1331810920726189,1.1065743417271068
976,Perhaps today,Amanda Lucas,0.9235917310610712,0.8248777566112548,0.9998180844733493,0.9620226000449821
977,Many feeling,Amanda Lucas,1.0040112810254895,1.0340896388832863,0.9507319009646894,0.9650840407469203
978,Special girl,Amanda Lucas,0.8559090081381631,1.0334765079092334,0.8251240439791074,0.9484695933454086
979,Central join,Amanda Lucas,0.8799814337506585,1.1161607183353255,1.034418807578402,1.0368996067429646
980,Memory born,Amanda Lucas,0.922309594087992,0.994389023656256,1.0291239721262342,0.8185309914714468
981,Assume feel,Amanda Lucas,0.9600556430478328,0.9537249348636869,0.9235844295987558,1.1778471727122863
982,Close nature,Amanda Lucas,0.9362166716249524,0.8810398422256657,1.0353139736610104,1.035635649608122
983,Entire,Amanda Lucas,1.0849652060398305,1.0621794016232446,0.9528996198147517,0.9885428949230572
984,Project skill,Amanda Lucas,0.9503397638744757,0.9312794939486749,1.1436212037440427,1.0148052115044008
985,Too great do,Amanda Lucas,0.9141799551962406,1.1155003796706762,0.94071614524759,0.9763463137665741
986,Middle about,Amanda Lucas,1.0430565419143507,0.9688937851134735,1.0164991952142188,0.9460832197079266
987,President,Amanda Lucas,0.9483093690982459,0.9596808340933507,1.2378175568352598,0.9793612719348127
988,Fight song,Amanda Lucas,1.1163824123867865,1.0295465919061086,0.8676285092421423,0.9308242787098423
989,Beautiful you,Amanda Lucas,0.9815434914388949,1.0445383202049956,1.0154064316527311,0.9168295779744984
990,After,Amanda Lucas,1.204016851276403,1.101269952733489,0.9662981323618706,1.0806240986091111
991,Leader along,Amanda Lucas,0.9747082528856514,0.8737432909843655,0.8457587690605491,0.9891205149906228
992,Last machine,Amanda Lucas,1.0334695918438639,1.0597895399411716,0.9712689654197868,1.0035743758166569
993,Role friend,Amanda Lucas,1.0409745867859246,0.9751881001979789,0.8708741322277455,1.0047678097101609
994,Trouble,Amanda Lucas,1.1075437967987192,0.8797753725645808,0.8923352345281383,1.0405208831105979
995,Whether,Amanda Lucas,0.9669044243359003,0.8115674776891839,0.8407858918840363,1.0717719593737938
996,Buy finish,Amanda Lucas,1.0569056344860261,1.0041894767668296,0.9639578247194255,0.9728264269442508
997,Mother fight,Amanda Lucas,1.0219476555970608,0.9504062730848576,1.0094322265643798,1.1354773986906153
998,Green left,Amanda Lucas,1.1250922465121085,1.0585024376266359,0.8803451302246046,0.8938104973712153
999,New suggest,Amanda Lucas,0.9636417882772489,1.0116632947094648,0.9364619854618976,1.0849266220650167
1000,Measure stay,Amanda Lucas,0.8972168060934643,1.1080957567258203,1.0561760078887719,1.0326257310992415
1001,Art network,Amanda Lucas,1.170406800878261,1.0664287789022566,1.1486504453313946,1.0267562790420153
1002,Law get scene,Amanda Lucas,1.0799320564601902,0.9403230011174607,1.041833686252195,0.9264704000903651
1003,Manager,Amanda Lucas,0.9973529644965288,0.966340323979154,0.8877107963191011,0.9654583213559829
1004,Common become,Amanda Lucas,0.993710392363621,0.9059434460422602,1.2122098257984801,0.9611608190471979
1005,Task health,Amanda Lucas,1.0124663737022783,0.9532349990717065,0.9909075126225901,1.0268624105001949
1006,School fear,Amanda Lucas,0.998337431894599,0.9642487156504879,0.9086860307381754,0.9759490405900298
1007,Party yeah,Amanda Lucas,1.0426457776594111,0.8888457730802994,1.112352922556373,0.9580182804415303
1008,Move key,Amanda Lucas,1.0758598423447951,1.0232697411419587,0.999838692941403,0.9364343695334506
1009,Down movement,Amanda Lucas,1.0476305333637097,0.7850983767444015,1.138553317777286,0.9856854813303148
1010,Couple already,Amanda Lucas,0.8467588982133551,0.9056126823976989,1.009584932493898,0.9224976915841514
1011,Tree city risk,Amanda Lucas,1.017111281479165,1.0609347656865344,1.0639909334552284,1.0447438319563216
1012,Life cost,Amanda Lucas,0.9429515345058471,1.1675584529021477,1.184703916634789,1.004200520317922
1013,Raise paper,Amanda Lucas,0.9041570218208833,1.113828332025593,0.8266738748937582,1.0590022242253943
1014,Large mouth,Amanda Lucas,0.8668224308537557,0.9671973876272835,0.8821672280938931,1.0483124419610919
1015,You use apply,Amanda Lucas,0.9226613239753196,1.0343136861985267,1.0159543988868376,0.7829199129923723
1016,PM great,Amanda Lucas,0.8519365082230427,1.0958083740548128,1.068649508638124,1.0112797015287918
1017,Rock eight,Amanda Lucas,0.9634904009890607,1.0530974786221874,1.1391313468022597,1.127344935502619
1018,Deal modern,Amanda Lucas,0.9189437151031685,1.0561758464111455,1.2979019870160524,1.0012748807336207
1019,Career high,Amanda Lucas,1.1337496380518828,0.9609330898035752,0.868360625614364,0.7801754441746567
1020,Share fact,Amanda Lucas,0.9682002064338366,1.1173015454369384,0.9030758630753348,0.7832723107153219
1021,Down rock,Amanda Lucas,0.9699171047519487,0.9347204693241511,0.9068914142251006,0.8958225502456107
1022,Imagine,Amanda Lucas,0.9736430936475903,0.9841442029327446,1.0554828653142276,0.9418156706484777
1023,Response page,Amanda Lucas,1.2073854580753667,0.9825301122126554,0.8000863710868498,1.1016968915983174
1024,Network,Amanda Lucas,0.865151423882711,0.8498196925835462,1.0346539542357998,1.0894693708322905
1025,Course tend,Amanda Lucas,0.9840042981956311,1.0468618675752066,1.124660075005893,0.9609561542652232
1026,Various source,Amanda Lucas,0.8684486471397108,1.0696400592908584,0.9983602203991762,1.109290236399251
1027,Anything foot,Amanda Lucas,1.0421497319808661,1.102308750736567,0.9163593788285629,1.0498368994360252
1028,Interest card,Amanda Lucas,0.9407286763915969,0.9893323889844442,0.88153945492602,0.8900816064357474
1029,List candidate,Amanda Lucas,0.9202304532688255,0.8895251064736134,1.1883446055013254,0.9319447370628009
1030,Body it action,Amanda Lucas,0.7900622627671904,1.0390180356272665,0.9962393597335729,0.934025563001373
1031,Difference,Amanda Lucas,1.0674482067694835,0.8287586767758531,1.0483399132047624,0.7424453380221564
1032,Wind community,Amanda Lucas,0.9735416597735425,0.949025361277317,0.8922811495368983,1.1096931920722726
1033,Four model key,Amanda Lucas,0.8385443039370925,0.9590325824570372,0.973313918839006,0.9257367894260146
1034,Structure,Amanda Lucas,0.9828966934406812,0.9248902143350044,0.933118937165074,1.093633675770662
1035,Ever news,Amanda Lucas,1.0095266392177555,0.9597396001319354,0.9683240460906409,1.0733816046058449
1036,Stop effect,Amanda Lucas,1.088410817238997,0.9597557802043843,1.2628354342330907,1.1839902037785093
1037,Fall agree day,Amanda Lucas,0.9996637923145519,1.0593626757374517,1.0464421687725676,1.0537819041034258
1038,Source officer,Amanda Lucas,1.3097472919127389,0.9238555816174674,1.0781079136107359,1.1248031725737346
1039,Available,Amanda Lucas,0.9203453840398449,0.7430538656718483,1.0571044564257166,1.0722683320164133
1040,Medical,Amanda Lucas,0.9934099992195535,0.9218859764422712,1.150865381784416,0.8388425187354855
1041,Space dark,Amanda Lucas,1.0018232744717106,0.9508085122937731,0.8706846020652599,1.0790346413874883
1042,In town stuff,Amanda Lucas,1.0864048728771711,1.0156173884071014,0.9491976362715828,1.0610486072716085
1043,Economic new,Amanda Lucas,1.0091962588524988,0.9936564004913974,1.030892718179422,1.0484215713566982
1044,Pull personal,Amanda Lucas,0.9302991018291032,1.1473123748747673,1.067520314750935,1.0649731799954871
1045,Study eat now,Amanda Lucas,1.1412446519625121,0.9057990324841338,1.0509450351171323,1.0369846164838572
1046,Analysis bill,Amanda Lucas,1.1027678812020296,1.0528899900497573,0.9548461477360551,0.9146281623384563
1047,Central room,Amanda Lucas,1.0394308125718066,0.9924769025897643,1.0781229981749942,0.9806565314196032
1048,Benefit lead,Amanda Lucas,0.9851190306688233,1.0794841160559185,1.0920294100620174,0.9899019620357112
1049,Positive,Amanda Lucas,1.1172472294751603,1.1581999588458096,0.8927683645862315,1.0558921454948536
1050,South order,Mario Nelson,1.0362849633846785,1.123944060936896,1.0463243333874925,1.1513482030393154
1051,Week partner,Mario Nelson,0.9552855376864682,0.9896461393861271,0.9507946949052751,0.9610561151065864
1052,Compare race,Mario Nelson,1.0875636475431887,0.898682153998966,1.0830549641379255,0.8783249147214142
1053,Form free top,Mario Nelson,0.9921079912485008,0.9121431542546564,1.0275875691847514,1.0371516616632868
1054,Final list,Mario Nelson,0.9245799017766839,1.0813397259154591,0.975017593203634,1.2303917747182196
1055,Next day break,Mario Nelson,0.901224475121399,1.088261836390228,1.1098714726212158,1.077838665547346
1056,Eat month,Mario Nelson,1.116505506041019,0.9869230073649371,0.9726413266087255,1.1477027647184541
1057,Huge total,Mario Nelson,1.0645622794840734,1.052861906250113,1.0383921683898292,1.0850039451781905
1058,Doctor improve,Mario Nelson,1.0399702545821032,1.1289066582206055,0.9653600357815775,0.8857725072146778
1059,Own road one,Mario Nelson,1.2286192624641037,0.9975473531161987,0.9706279835051417,0.847942926567486
1060,Ball energy,Mario Nelson,0.9579182913888852,1.103778066201071,1.0168383477910632,0.8147225836801841
1061,Keep data,Mario Nelson,1.1881878822068952,1.0040105333525018,1.029084895247477,1.07857675961395
1062,May reason,Mario Nelson,1.0412067288434386,1.0216646541086647,0.8681640842486785,0.9615558479803673
1063,Popular amount,Mario Nelson,1.004970338402747,1.0730609811179623,0.9168213842762692,1.0287381509270261
1064,Song eye,Mario Nelson,1.0204014678235862,0.9490428844955038,0.9188558027597884,1.120567597084039
1065,Customer this,Mario Nelson,1.0407375053973664,1.1589407321973253,1.035894594147759,0.9083251577930985
1066,Service fact,Mario Nelson,1.0880899971239573,1.056184578885872,1.1490411635857993,0.997931400241174
1067,Consider check,Mario Nelson,0.9299341554255658,1.1124387273245753,0.9658920744731111,1.06876645132359
1068,Simply start,Mario Nelson,0.9301457333938017,1.153303089250496,0.9863776529213168,0.9131933317547409
1069,Audience,Mario Nelson,1.0985109685053724,1.0217634091329406,0.9885576866424816,0.9782381389778617
1070,Attorney share,Mario Nelson,0.9680021007098955,1.1007744378870048,0.9594834819145466,1.1015519035487795
1071,Discussion,Mario Nelson,0.8615806368503626,0.9236884631200466,1.1983895638517135,0.9607386933850294
1072,Raise now,Mario Nelson,1.021589516730214,1.1604435678375646,1.1768543997402094,0.9036021926992472
1073,South unit,Mario Nelson,0.8183432025911388,1.0319334058197744,1.141954439161345,1.0134157097248344
1074,Own,Mario Nelson,1.25080434095317,0.9586175907600302,1.1030088035707446,0.7550868322639674
1075,Guess push,Mario Nelson,1.0616150740974728,0.8999497617231339,0.9310925989590008,1.0350332403885232
1076,Degree author,Mario Nelson,0.9754069776071836,0.9634941328986184,1.0916023745269638,1.005186801331956
1077,Visit movement,Mario Nelson,0.999646893303304,1.025369982215684,0.9983077330748268,1.0196395206071671
1078,Key father,Mario Nelson,0.9425710091213408,0.9848742168976575,0.8819786952238912,0.9930850942088415
1079,Couple morning,Mario Nelson,1.1515526550647197,1.0592321809081824,0.9419648341961225,1.038404631177183
1080,Couple young,Mario Nelson,0.9010927334351622,0.7948838235605826,1.0485932566038438,1.1960260745736437
1081,Painting sport,Mario Nelson,1.0435119784369506,0.7095136369656858,0.9069266238955644,0.9614414149616679
1082,Course manage,Mario Nelson,1.0267939480274546,0.9491513451460848,0.9233336749792608,0.9947194667605872
1083,Your six list,Mario Nelson,0.9820420885305409,1.1329348234764074,0.836612916349232,1.2048632473836525
1084,Personal water,Mario Nelson,1.0299465136994075,1.087596141145824,1.0871180814290513,1.0037614499414909
1085,Visit dinner,Mario Nelson,0.8691063071980936,0.8580607263697534,1.0134056723453337,1.075109229895891
1086,Last,Mario Nelson,1.10214578351553,1.1155667427128158,0.7909335662942355,0.9396875065079819
1087,Like character,Mario Nelson,1.3048824470793654,0.9826403943858143,1.0560383829839632,0.8940642155496066
1088,Process,Mario Nelson,1.0087642733892161,0.928907501020075,1.1076889121586215,1.1259921838790803
1089,Decision their,Mario Nelson,1.1263025212283302,1.1012787168682892,1.1173418162374764,1.0317151938985534
1090,Safe few,Mario Nelson,0.9344869763990409,1.1474247614463127,1.1084821319145857,0.9483838974428934
1091,Far arrive,Mario Nelson,1.0599508125609742,1.1520809015897884,1.0784068390547885,0.923563815014738
1092,Film form,Mario Nelson,1.0282980245590603,0.7855127293879652,1.1185869237625632,1.0545665281717729
1093,Natural quite,Mario Nelson,0.977878721121315,1.058968517820916,1.176333053719857,0.9085651201376623
1094,Month per put,Mario Nelson,1.0246954156100374,1.0188524282947338,0.7994246931816298,0.959925082706874
1095,Citizen bad,Mario Nelson,0.9172580451768715,1.0240045154923112,0.9528920880187864,0.8441215551179877
1096,Or accept now,Mario Nelson,1.0487954715386794,1.020907253386898,1.0457417711244579,1.0609947113379168
1097,Southern,Mario Nelson,0.760957581363851,0.86093094195157,1.112525294921936,0.858699447591691
1098,Behavior lead,Mario Nelson,1.1521191887596056,0.9285878940853717,0.9364444179889961,0.8733117062191535
1099,Let film,Mario Nelson,1.0225269279945406,1.030447168267067,1.1021801877763406,1.0674273889006924
1100,Thank only,Mario Nelson,0.8611120531857901,0.8609433906356825,1.0099101667343138,1.1365638450037108
1101,Remain leave,Mario Nelson,0.835466021112052,0.9659113967467593,1.0243799721776494,1.080981531075768
1102,Myself,Mario Nelson,0.946230476489238,1.0167520306599878,0.9785607143342514,0.9882382650861783
1103,Computer,Mario Nelson,0.9507730553941423,1.0143011953726668,1.027016710023981,0.8340605911685399
1104,Yourself,Mario Nelson,1.0168288000990549,0.9112553093883194,1.0451842869920533,0.982735875977942
1105,First two,Mario Nelson,0.9014271630805042,0.8496002597327094,0.863724402891765,0.8770239379030285
1106,East allow eat,Mario Nelson,1.1143628869803703,1.195082155630522,0.974139285717145,0.9623809251445189
1107,Season crime,Mario Nelson,0.7738901428037943,0.7893478123724409,0.9207298817613738,0.9604175758526179
1108,Care,Mario Nelson,1.0855851092666484,1.0430657507525878,0.9845170262315689,0.7562593436452717
1109,Speech second,Mario Nelson,0.9264164449557334,1.1040291392789126,0.8012593192937358,0.9516851690674971
1110,Institution,Mario Nelson,0.9906962291838873,1.1347528682446093,0.9259512087816284,1.0392787507848114
1111,Piece argue,Mario Nelson,0.9212156420696432,0.8549270420728126,1.042263016311906,0.9954289749656342
1112,Agent reality,Mario Nelson,0.9901513755551812,1.1318239591787307,0.9206426632325799,0.8755228799987763
1113,Laugh sure,Mario Nelson,0.7304096428150232,1.0532791553292968,1.0403409803150567,0.9102056437045363
1114,Board when way,Mario Nelson,1.0590939559680677,0.9765800585607404,0.8961767741643809,1.0811490710922957
1115,Loss college,Mario Nelson,1.0193804887834257,0.874851215858287,1.0329768487375053,0.8416701760467444
1116,Better station,Mario Nelson,0.9175252650945767,0.8570860026979739,0.9785579178979773,1.0132020060012188
1117,Outside cup,Mario Nelson,0.9466460667638662,0.8978296806753367,1.0753933645722564,0.9440783466983166
1118,Toward order,Mario Nelson,1.100744608354771,1.0317288252724748,0.9657431393319852,0.9436022915686455
1119,Time remember,Mario Nelson,0.8862716250127184,1.0693706339779787,1.056240017005344,0.886646474153631
1120,Gun back,Mario Nelson,0.8467189530933374,0.7561686239517011,0.9629410124289833,1.1413080585241686
1121,Form,Mario Nelson,0.9860922993722213,1.0124405928381353,1.0646757186571982,1.1163946647632506
1122,Different be,Mario Nelson,1.0918884824739519,0.9628946694048377,0.9486125659849161,0.9128729397248436
1123,Laugh how lose,Mario Nelson,0.996061104750723,1.072337605501904,0.9195004740304197,0.9887459473174695
1124,Kitchen idea,Mario Nelson,0.9648423558225373,1.0130325089028518,0.969475193787223,1.070199641572054
1125,Involve garden,Mario Nelson,0.9078854227121896,0.8223483711302586,1.0312523884308857,1.2369575197755796
1126,Administration,Mario Nelson,1.0088023792870493,1.073254351369392,1.0893501940223655,0.9170576857685757
1127,Face happy,Mario Nelson,0.9610408542462194,0.976979717248923,1.0336568407379165,0.9644916856658354
1128,Spring top,Mario Nelson,0.8403686703846673,0.8245872825835782,0.8683683035673277,1.0054139051255466
1129,One hour,Mario Nelson,0.9483603145744574,1.1531988778325846,1.0326897899216996,1.090090060537544
1130,Last present,Mario Nelson,0.9535782801652956,0.8728085018596845,0.9858956904212176,0.8887043487706965
1131,Nearly might,Mario Nelson,1.0641961948177578,0.8295918176901005,1.0830989451771122,0.923170112287744
1132,Which wife,Mario Nelson,1.133160729777519,1.1029812652304185,1.02038329629664,0.9408755510140523
1133,Catch military,Mario Nelson,0.8608569327460875,1.0413700399679673,1.0545220887440143,0.928301782042691
1134,Fight would,Mario Nelson,1.1096686186028173,0.9937127437678586,1.0561808779841455,1.0883447420634653
1135,Building what,Mario Nelson,1.033581650207156,1.1206280039707648,0.9029996895316974,0.945421067254539
1136,Woman cold,Mario Nelson,1.0324780451963353,0.9013427261861137,1.1162060338777096,0.9047114709011244
1137,Way themselves,Mario Nelson,0.8755129186646118,1.0989106703935079,0.9363933499625517,1.0161808945499058
1138,Onto person,Mario Nelson,1.0069752830806498,1.0596932069974743,0.8602849686858636,1.1874740745407228
1139,I theory,Mario Nelson,1.021320939313956,0.8627390504910857,0.9387855378700017,1.052507974636111
1140,Say father,Mario Nelson,0.8808381364763767,0.995104772574127,0.8655117582014069,1.2069648274099598
1141,Brother hold,Mario Nelson,1.2126880986394966,0.9850792776211129,0.9646981411580927,0.9914028911804705
1142,Threat area,Mario Nelson,1.0761292533585858,0.8351975032969029,1.0506066956767288,0.9490546216474642
1143,Feel alone,Mario Nelson,1.072292426391925,0.932561247163888,0.8816200540250636,0.9471984870753496
1144,Right member,Mario Nelson,1.1569042459716,1.1237826297588795,1.1079770528670299,0.9120780562134045
1145,Before nature,Mario Nelson,0.9900190025740786,1.044075054000418,1.0365737980479508,0.9310718624071178
1146,Themselves,Mario Nelson,1.0090999383903692,1.15770595962506,1.1458371492908264,1.2245407328351519
1147,Buy house good,Mario Nelson,1.1168311525014445,1.1295582622597575,0.9210979350571252,0.950208672119545
1148,Establish last,Mario Nelson,1.1554195669029141,0.9294806761716088,0.962933599620556,1.0414927179217086
1149,Teach view,Mario Nelson,1.0495168319425965,0.9259326850465551,1.123969643392248,1.0607365234818664
1150,Traditional,Mario Nelson,0.9530745922599201,1.159890715540587,1.256294734165807,1.0053347541987274
1151,Throughout,Mario Nelson,0.9893300160941755,0.962650644640298,1.0213341270066674,0.8801894277441394
1152,Simply,Mario Nelson,0.9555764176115622,0.8797847765392417,1.0363957592367257,0.9025094898472964
1153,In first mean,Mario Nelson,1.05192763115145,1.0957700119078362,0.9130783022910491,0.8476511195317219
1154,Well job,Mario Nelson,1.0210103962650756,1.1024829293434015,1.0541918877715015,0.9484573324678494
1155,Once image,Mario Nelson,1.0099692772351083,1.0335401781039826,1.180426830732419,1.00781891548918
1156,Be foot,Mario Nelson,0.9766863114393611,0.9815015205490623,1.0241361095964767,1.017600555701827
1157,Simple offer,Mario Nelson,1.1457143326330468,1.087133290186609,0.9956245350474938,0.8610720225845867
1158,One hard race,Mario Nelson,0.9610329838817957,1.047134565949133,1.0309901035786317,0.9497833812629721
1159,Act would,Mario Nelson,1.0014549291415737,0.9215025233261855,1.0551271014724832,0.8750224381961442
1160,Newspaper,Mario Nelson,0.9518371253757985,0.9922902986759515,0.7842061694045206,1.095739170918784
1161,Drop four,Mario Nelson,1.0199202837672767,1.0811832396389358,0.888558736194891,0.992459169871379
1162,Court appear,Mario Nelson,1.1304492168505003,0.9464425058565589,1.1432989855508553,0.903400300520602
1163,Address blood,Mario Nelson,0.9372699254575944,1.0929297725053235,1.0470455962469298,1.0757088645721946
1164,List enjoy,Mario Nelson,0.9669185680193616,1.0160931555752881,1.1304107754882897,1.0680347144229299
1165,Memory cold,Mario Nelson,0.8754594023789599,0.9216304997053323,0.7860628827435707,0.9813813463163296
1166,Various never,Mario Nelson,0.9927786138634791,1.0390659921346708,1.004528352567318,0.9610916274628241
1167,Movie store,Mario Nelson,0.9766831254462549,1.2041620893625653,0.8760690994576386,0.9914050703633458
1168,Full wind,Mario Nelson,1.0828823631555564,1.0742880869894216,1.038097123869374,0.968643214421529
1169,Peace player,Mario Nelson,0.9527812901933853,0.8331210801270608,0.9659456539243843,0.9102532609036965
1170,Choose by,Mario Nelson,0.9732941356110452,0.930923934802322,1.0245120028697612,0.857183900948668
1171,Board right,Mario Nelson,1.0875484165287945,1.0993684974847324,1.1369643985991473,0.9990658022492523
1172,Great owner,Mario Nelson,1.176176991124265,1.0385930458859072,0.9985872963669528,0.8429841789126633
1173,Stay bill,Mario Nelson,1.0020897875826393,1.1110865798456553,1.0968467683953975,0.9156434570642187
1174,She produce,Mario Nelson,0.9361478706963059,0.965010432020827,0.9390555324879432,1.1400597951486573
1175,Tree accept,Mario Nelson,1.035833360482268,1.0765699437654284,0.943648220760394,1.0535463012487942
1176,Another,Mario Nelson,1.109968277708926,1.0579382086269644,0.9894883096953072,1.2597090078789748
1177,Season expert,Mario Nelson,0.8870832403378692,1.0574952447907615,0.9879819777772032,0.9852042937059837
1178,Girl national,Mario Nelson,1.041791355946871,1.0481302231148304,1.0816600440427198,0.9268805376275968
1179,Activity hard,Mario Nelson,1.117965280528995,1.0296773504796595,0.9259707035684219,0.9451010861569119
1180,Glass beat,Mario Nelson,0.7985793405151664,1.0915653862349577,1.0955866478952774,0.9407525066048666
1181,Response,Mario Nelson,0.8933176203202214,0.9790781315384801,1.0599505184641804,0.9298758212307209
1182,Body name,Mario Nelson,1.031363554047376,1.0180966163280283,0.7414717794642185,1.1047816213809898
1183,Catch allow,Mario Nelson,0.9778421174579799,1.1265837401924876,1.0535288984096614,0.7740103640484588
1184,Lay several,Mario Nelson,1.040947324656002,0.9652010859482605,0.874025963934967,1.0125430841613046
1185,Lawyer involve,Mario Nelson,0.9312629037511386,1.0546416643765464,1.1575432004423414,1.0923949636426529
1186,Thing wife,Mario Nelson,1.1856087873726442,0.9951664049536189,1.0512959968958535,1.13023397842174
1187,This language,Mario Nelson,0.9218583688432931,1.0331853056139895,0.9426952264318902,0.9934538635113771
1188,Billion,Mario Nelson,0.9481040618247669,0.8741927371566115,1.0514455195309729,0.9953883948190909
1189,Billion method,Mario Nelson,0.9307358646043066,0.8465140978067063,0.8919096939844965,0.9365470242224538
1190,Arrive see,Mario Nelson,0.9982061845092222,1.1093499684913515,1.1082317033376634,1.0127212128799499
1191,Admit various,Mario Nelson,1.0014047195058347,0.7152572370661294,0.8153125366642231,0.9803510681887204
1192,Writer never,Mario Nelson,1.0553364405572765,0.9418281997873151,1.050058263784436,1.0317617110551274
1193,Wonder,Mario Nelson,0.8687174474639359,1.0647675593426995,0.9863849846549273,1.0117600308564876
1194,War laugh yeah,Mario Nelson,0.9959683534379677,0.9258980205653501,0.8607298967810717,0.8998721231754244
1195,Travel win,Mario Nelson,0.9831665551074763,1.0450955873485244,1.1044503182670904,0.767905045328871
1196,Foreign charge,Mario Nelson,1.0635741764282511,1.0605619315152608,1.227841928284757,1.0073487304388202
1197,Few item treat,Mario Nelson,0.9432926822492479,1.0440974889868173,1.1243110388799347,1.0927553651945137
1198,Five none,Mario Nelson,1.0646823089459452,0.9801324825115805,0.9765006782634447,0.8969802064657914
1199,Heavy example,Mario Nelson,0.9174552684896364,0.8960506700714972,1.077895104282737,0.9576401833414369
1200,Course light,Kathryn White,1.0789521991170345,1.0643122951456656,0.9405709820354091,0.9448352480078527
1201,Interesting,Kathryn White,1.0604423435476147,1.0554912466071804,0.958229559660304,0.9848752473729456
1202,Building,Kathryn White,0.9182369907276386,0.9825096935949885,1.0886875531984304,1.059561257612604
1203,Wear there day,Kathryn White,1.040684828836083,1.129617022608876,1.09047723180269,0.9819839995661797
1204,Follow,Kathryn White,1.0758178718271398,0.9896255348555436,0.9498078675175095,0.9724660052095258
1205,My beat,Kathryn White,0.9787898638545843,1.064237636809349,1.0581915615422117,0.9276430676607079
1206,Majority,Kathryn White,1.073997498726991,1.0547834954760855,1.0405626665707357,1.1056961621888468
1207,Party on third,Kathryn White,1.0200827346063264,1.0410993008789562,1.0279172473342857,1.028215304355402
1208,Region get hot,Kathryn White,1.1057117590822874,1.1276278731566955,1.1147124747557984,1.042358626390614
1209,Method each,Kathryn White,0.8844445967975291,0.8898326246285962,0.800517359251944,0.9573080065543781
1210,Population,Kathryn White,1.075480695760036,0.8888248826163947,1.0818114946011161,1.135908303393717
1211,Project,Kathryn White,0.8910899949776913,0.8989692519376866,1.046376826793661,0.9378824595597117
1212,Evening series,Kathryn White,1.1250379029025062,0.9429573857485859,1.026911741573655,0.9868095568725004
1213,Century town,Kathryn White,0.9605028735757457,0.9353360237277314,1.0221024512442032,0.9263354852809979
1214,Study water,Kathryn White,1.1374196026732126,1.0845822904690503,1.2040682272243695,0.9972419511855254
1215,Mouth heavy,Kathryn White,1.0763689616218024,1.02960066175573,1.1892286609280471,1.1883679138490941
1216,First prevent,Kathryn White,0.7667206712029422,1.0104016213793492,1.0887765509321519,0.9845960409383643
1217,Free your may,Kathryn White,0.9474191988106215,0.9083200892092497,0.9771917807017695,0.9680010431030486
1218,Magazine tough,Kathryn White,1.071824044868161,0.8630105499824885,0.9316754163890557,1.228665884476452
1219,Since throw,Kathryn White,0.9594078274493589,1.0900747144366048,0.7994644490067382,0.9456811416326647
1220,Anything way,Kathryn White,1.0160678090635111,1.0218861369575658,1.067947958615665,0.8456456495506982
1221,Condition,Kathryn White,1.0144918106722038,0.8338615585315146,1.0900095787102992,0.9379386813825655
1222,Board couple,Kathryn White,1.0165411260861277,1.1357865921385788,1.0109870784179529,0.9048404720144235
1223,Agreement,Kathryn White,1.0051129464930415,0.893273265475525,1.1718346381204672,0.9190240924335239
1224,Other interest,Kathryn White,0.8905894486816219,1.1559367448515487,1.0378484514472721,1.0390308417016119
1225,Opportunity,Kathryn White,1.0650172804265692,0.9511322497468151,1.0761283952818657,1.0233220146672455
1226,Image paper,Kathryn White,1.0317059549907313,0.9609135070542955,0.8737717410555548,1.1276950295681525
1227,Sometimes,Kathryn White,1.0286385923568833,1.0274009786045366,0.8752069349440617,1.0931663853593294
1228,Still mother,Kathryn White,1.049859269065818,1.1361104157058206,0.9107747669155722,0.7336722739821431
1229,What capital,Kathryn White,0.9476564571089249,0.92576330840494,0.9255666128561304,0.8836105509251067
1230,Door miss,Kathryn White,1.145444413225344,1.0956549053921334,1.1335730021129424,1.1118578553164478
1231,Play alone,Kathryn White,0.9555097776664053,0.9230843027699123,1.01753096684233,1.0998022291865426
1232,Soon rich,Kathryn White,1.0463565620359343,1.0692460688013552,1.1285727955242677,1.06095882059208
1233,Company around,Kathryn White,0.9078685687646872,1.1308065344511737,0.9967641102717638,0.9088624257959763
1234,North case,Kathryn White,1.0328931143905904,0.969051090579342,0.986145502940807,0.9766098959167303
1235,Customer deal,Kathryn White,0.9543750750102514,0.9645091154489429,0.9062674270414495,0.816688281349044
1236,Store if,Kathryn White,1.0201269709693865,1.10418873100524,0.9524127125248784,0.9586025385537833
1237,Hard they send,Kathryn White,1.1189341527825878,0.9586330228208392,0.8667982393711066,1.1014240413823213
1238,Strategy,Kathryn White,0.9424607804627918,1.026746417379258,1.0080941485533585,0.9226723032564372
1239,Shake gun,Kathryn White,1.212069135043703,0.9868447120581723,1.1003440287159167,0.9546566439919005
1240,Again camera,Kathryn White,0.9124543643893178,0.9869113204634227,1.0122098553410714,1.0197226627186018
1241,Half produce,Kathryn White,0.9961750747819057,0.985641650119527,0.7425678766442563,0.8978408601166913
1242,Well daughter,Kathryn White,1.0375294592922624,1.009157149812804,1.0862669785557266,0.959057611938988
1243,Recently,Kathryn White,0.9724479248437478,0.9275425257235432,0.913255468530827,0.92897377363483
1244,Beat today gas,Kathryn White,1.037768540783376,1.018908599502102,0.9702235805974828,0.9977248723760246
1245,Career parent,Kathryn White,0.8231963537667756,0.9753147874727534,0.8733439641494665,0.9027722425447401
1246,Whatever,Kathryn White,0.8197714079420227,0.8574932645860032,0.8314897989032873,1.055004380562257
1247,Stuff,Kathryn White,1.076742453552305,1.0452714685218427,0.9115728983900936,1.0303738285899087
1248,High,Kathryn White,0.9069803687825371,0.9841966201913386,1.0944392706337234,0.9973765948221368
1249,Return citizen,Kathryn White,1.0473414815905826,1.1512171899421484,0.9865591484722791,1.0199730352037697
1250,Sister loss,Kathryn White,1.0597903804448237,0.9645290643532214,1.0094543278403005,1.0949175782152731
1251,Mouth piece,Kathryn White,0.9531672288530086,1.0611117474268066,1.104123100780171,1.0660625114111326
1252,Group positive,Kathryn White,1.03496407747985,1.0328131439590187,0.9828049172542964,1.0963068185351668
1253,West here,Kathryn White,1.1457319816231026,0.8610881911517732,0.9941628555038057,1.0989527584481085
1254,Work husband,Kathryn White,0.9012576921673263,1.0036238137192837,0.9635378333465404,1.0638382212404955
1255,Station boy,Kathryn White,1.0492688605042415,1.1500158119680357,0.9986275310047159,0.9524259501214626
1256,Sure executive,Kathryn White,1.2187174837370311,0.9486530095628564,0.9090678731128866,0.9204776404908219
1257,Pretty sort,Kathryn White,1.0549626520772117,1.0520542814132599,1.059138353415314,0.923744840545731
1258,Assume deep,Kathryn White,1.182759268849753,1.0307843036554603,0.704911598272747,1.0429810346916657
1259,Ago art no bar,Kathryn White,0.8720863567186636,0.8073817353335035,1.00926226204576,0.9012330980399835
1260,Scene manager,Kathryn White,1.0534282047960972,0.9569510723183531,1.065573901410551,0.8892523289907392
1261,Major letter,Kathryn White,0.8423501897312791,0.9826233703494704,1.0090823783927092,0.9639426395208789
1262,Sit customer,Kathryn White,1.0012653051293128,1.0113881068496657,1.1775350713638555,0.9456878914031416
1263,Check ago age,Kathryn White,1.0705785724088903,1.0594339448860886,0.8795575462688668,1.0281089150128726
1264,College,Kathryn White,0.938867237963593,1.0800000994970003,0.9353427713018428,0.9666123670298226
1265,Important,Kathryn White,0.9536560252375503,1.1541073374356947,0.9176609257976334,1.2375180200646003
1266,Respond good,Kathryn White,1.046546061041924,0.9633184388333513,0.9839871847037402,0.9988837705503055
1267,Interest,Kathryn White,1.219022665224467,0.863250639943178,1.0157784808166872,1.098660496426852
1268,Body thought,Kathryn White,1.0002761668269997,1.0736475542276098,0.9101814015692935,1.1076737637403447
1269,Population,Kathryn White,1.0530913646088678,1.092827149435842,1.0339249013706269,0.9272942608746448
1270,Court ability,Kathryn White,1.2064118316499584,0.9933015804629092,1.154947290379401,0.9162223488672259
1271,Contain hard,Kathryn White,0.9730001055218493,0.9303025491275068,0.9891531156042457,1.1193717134802958
1272,Force tend lot,Kathryn White,0.9041569136186567,1.09059645348294,1.0424692225762637,0.8541985880578279
1273,Space parent,Kathryn White,1.1818608048639054,1.0848425561233168,1.097163053131561,1.0572864893877953
1274,Class forget,Kathryn White,1.0090570692904857,1.1122712279370872,0.9171897422900058,0.9571001918593459
1275,While happen,Kathryn White,0.9664600669410154,1.0384819258309361,1.121829477882653,1.0412322098839664
1276,Forget,Kathryn White,0.999751498500425,1.1500223321371683,1.0785446656629993,1.0151388566039574
1277,Writer,Kathryn White,1.1693675548423077,0.9072215893278381,1.1387720922655977,1.182590777637142
1278,Buy she whom,Kathryn White,0.951856970681867,0.7661897538126684,1.1064903492652398,0.9351569112749039
1279,Focus,Kathryn White,1.1024935700030607,1.021314481471633,0.9693688819341211,0.9763233141907255
1280,Likely million,Kathryn White,1.1666397531845816,0.809883711928468,0.9094724448823404,1.0346242619718042
1281,Manage,Kathryn White,1.0733452520120295,0.8339804598053889,1.0254579758594744,1.098254909310186
1282,Address ask,Kathryn White,0.8788172080252358,0.9854107563400032,1.010057168571892,1.1150351303401054
1283,His various,Kathryn White,0.9322262049510546,0.9794059077917808,1.0591331484781337,0.9797794374039148
1284,Range cup,Kathryn White,1.0586843829746804,1.1180449950869011,1.0427817062022684,1.038130478865583
1285,Understand,Kathryn White,0.9601648593134333,0.8749873220649258,1.048035358582612,1.0405483984208341
1286,Lose less,Kathryn White,1.1084481422917631,0.9700186765270904,0.8565754914419326,1.1276736453568408
1287,Left position,Kathryn White,0.8650522978406889,1.203022686293646,0.9286864429915183,1.0885707724626847
1288,Likely reflect,Kathryn White,1.0816530855081774,1.1633311920273783,0.9798776253643293,0.9218817100082861
1289,Simply catch,Kathryn White,1.0172655248213474,0.9066207282327046,0.9414901459061489,1.2889186779368913
1290,Heart create,Kathryn White,1.0838061112707735,1.0023067163592114,0.9560120666747355,1.0572231105485532
1291,Example crime,Kathryn White,0.9792136235672569,1.005392529879467,1.011245779961566,0.9152928100251809
1292,Than why,Kathryn White,1.020544299900069,0.9105742085627232,1.0864971836039805,0.9309055337386392
1293,Leader only,Kathryn White,1.1460946491521649,0.9036590778427293,1.0854687842819288,1.0189992088177113
1294,Sort toward,Kathryn White,1.1706073734177032,1.004829307583142,0.9511809880382098,1.0626954365919534
1295,What respond,Kathryn White,1.0981676276567227,0.984554742297619,1.0624668394559136,1.0034215613230266
1296,Chair evening,Kathryn White,0.9478569297681582,0.9008529639641013,0.9398027026449693,0.9583906369103722
1297,Girl art when,Kathryn White,1.0019496783199742,0.9705854838435924,1.129525701994226,0.7678644858804061
1298,Visit time,Kathryn White,1.0193428282815695,0.9840066280107602,0.9343821066029696,1.1035869161529843
1299,She laugh,Kathryn White,1.0230601311439471,0.9292039662342302,1.0397756353674965,0.9674078022401483
1300,Home should,Kathryn White,1.0304565048046683,0.941837721758382,1.084443068756632,0.9935785925478171
1301,Kind human,Kathryn White,0.7530544725615956,0.8479923924404763,1.112992712824464,0.9330591492917116
1302,Reach senior,Kathryn White,0.978964583133885,1.0893924075682786,0.9637742313587997,1.1682738821130334
1303,Wide their,Kathryn White,1.0706456592144624,1.2371963736133795,0.8813306393728207,0.9835806124446685
1304,Ability enjoy,Kathryn White,1.0005825962629467,0.9218620377581741,1.0224090752007498,1.1103541372506966
1305,Certain far,Kathryn White,0.8875546302306392,1.0359284090475849,1.0685255973696146,1.0809303089554083
1306,Stuff bed go,Kathryn White,0.9646357611511824,1.01479618386856,0.9479968952187743,1.0310832877846412
1307,Generation,Kathryn White,0.8051046713905335,1.0750893545584859,0.9598055396969712,0.8539064303267464
1308,Career yes,Kathryn White,1.1578752230990612,1.243694659771704,1.171510212381776,1.022520612930012
1309,Weight dog,Kathryn White,1.2127030009989874,0.9098517729088074,0.9307088871054139,0.8868484297988407
1310,These long,Kathryn White,0.9718264698652944,0.9056119803774664,0.8998607842691454,0.9588703217716336
1311,Pattern degree,Kathryn White,1.1555134738395978,1.0329121631164015,0.9624162795883267,0.9956328047003709
1312,Well pretty,Kathryn White,0.9862599572920676,1.0180129376042293,0.9522036631661422,1.102599216182616
1313,Hard worry,Kathryn White,0.9569525447226103,0.914455178828076,0.8069671491668372,1.0939231513919834
1314,West feel not,Kathryn White,0.9805778700019103,1.005019187267504,1.1440518300165714,0.9112618754975932
1315,Impact sure,Kathryn White,0.9743948355668205,1.066653679139396,1.1916650433913984,1.0065974160104931
1316,Instead relate,Kathryn White,1.0997355137596458,0.9155102746004132,1.0181402904248054,0.9140551428176855
1317,Position my,Kathryn White,0.8676103326649105,1.0958321843850913,1.0013215400112343,0.9477683674566874
1318,Trade car,Kathryn White,0.8816006191197013,0.9251991938753538,0.9867572327513466,0.9841400706055281
1319,Human body top,Kathryn White,1.0382501103303408,0.839760138417491,1.0501651766106035,1.1294646103671935
1320,Happy name its,Kathryn White,1.0234979740204095,0.941280096415789,1.1467164460373531,0.7804634603972507
1321,Two early,Kathryn White,0.919910076865244,0.9519002405303494,1.0013166208317035,0.781054508050633
1322,Newspaper,Kathryn White,0.9646972683011941,0.9705038826154183,0.8691941417669402,1.100240916511232
1323,Baby song,Kathryn White,1.2307658615993866,0.9714399762021365,1.1220318715267865,1.052785221519708
1324,Whose none,Kathryn White,1.1267445031081822,1.1165135874244765,1.048035318019415,0.8872825433764504
1325,Recently now,Kathryn White,0.9304020124231153,1.1480550914231258,1.170638527555643,0.9769152466529116
1326,Garden me turn,Kathryn White,1.1213974776401237,0.9786740643647317,1.0740465330369766,0.8618995724233087
1327,Help wait rate,Kathryn White,1.0247066382601975,0.7235911236903673,1.0131470649474474,0.9362904592414591
1328,Thus ever,Kathryn White,1.2594110929876954,1.093002583785785,1.1307932666576632,1.0467797636890412
1329,Phone much,Kathryn White,0.8708070025041124,1.0936763990495686,1.2786247627282241,0.9280106551643527
1330,Fill less long,Kathryn White,1.1332728169589343,1.0416691504626112,1.0841587321260067,1.101826690703643
1331,Thousand ahead,Kathryn White,1.1527420716498367,0.9617684892723235,0.8838286134203786,1.1123181358884098
1332,Three go,Kathryn White,0.9964443851379914,1.083980740566843,0.8897490555983203,0.9139925133530316
1333,Buy source,Kathryn White,0.882233746374342,1.068858549367312,1.001596766156113,0.9955550838352573
1334,Item close job,Kathryn White,0.9457494820199334,0.7990715761983681,1.1714308742406896,0.9501503891081525
1335,Level recently,Kathryn White,0.9757445550407864,0.9788311382402294,1.1252392715061865,1.0625542925451392
1336,Blood pull,Kathryn White,1.116445547163324,0.8888158934389676,1.0507426848194121,1.000040126369233
1337,Hospital far,Kathryn White,1.0040938120985619,0.8800930054723151,1.0089984578127307,0.9194519295497492
1338,Rule dog,Kathryn White,0.9684408688482159,1.1243698905297557,0.8592256764599818,0.9967721687186125
1339,Student before,Kathryn White,0.9882125983477333,1.1249361718563162,1.0321321853486929,1.086438433192491
1340,Thank employee,Kathryn White,0.9982785661655752,1.2005117701924295,0.9884211647227186,0.8311040411031043
1341,Character,Kathryn White,0.9747181105865116,0.9550870366488196,1.0511704091327283,1.0567294451762137
1342,Cultural word,Kathryn White,1.015802251476784,0.9103752430085104,0.9190627631446506,0.9354113749659753
1343,Before type,Kathryn White,0.8341265801707699,0.9200864722744633,1.004238165111049,1.0983313552062979
1344,Issue eat be,Kathryn White,0.9801067773541012,1.150260431468863,0.9653641063458108,1.0688217526909896
1345,Public partner,Kathryn White,0.7926991744979781,1.0661364153851447,1.1051378091988717,1.0978754556208392
1346,Far degree,Kathryn White,1.0532685938319115,0.9111670710006915,1.2583461294388207,0.8292817767511061
1347,Himself raise,Kathryn White,0.967675460030763,1.0078321168885198,0.835237700986473,0.9858037857360376
1348,If knowledge,Kathryn White,0.887019469692713,1.1115046548120489,1.1443267823838077,1.020122126426383
1349,Hope bar cold,Kathryn White,0.9512223327052108,1.1631239596888303,0.8296883308234888,0.8886004263526459
1350,On know moment,Andrew Doyle,0.9662358677045632,0.8901328551471649,0.9111607439859546,0.7610521743826676
1351,Two sing civil,Andrew Doyle,1.0657844049107086,1.0379984087931473,0.9966427099884582,0.7743917632238904
1352,Later per,Andrew Doyle,1.1037621650735956,0.9970922115156862,1.0306353001048498,1.0701316174813862
1353,Wall argue,Andrew Doyle,0.7415850172012979,0.9627291600197521,0.9436466619774044,1.1117031781144295
1354,Simple wait,Andrew Doyle,0.9719181684341233,1.019144342721117,0.9626191930148099,0.9255113707208003
1355,Important,Andrew Doyle,1.0900582934379506,1.027032394144705,0.9953321654744303,1.0312554526894424
1356,Important,Andrew Doyle,1.0456886561713064,1.0239455737480132,1.0393196067997352,0.9225445065240239
1357,Economy watch,Andrew Doyle,1.0673762472095336,0.9650963696425947,1.0604454853046783,0.9640499730699684
1358,Since more,Andrew Doyle,1.0247709952778217,1.054878303511422,1.0341598228607767,1.0981680094727782
1359,Argue much,Andrew Doyle,1.1006009522980154,1.1026870269927116,1.0014053091005408,1.1721675212300056
1360,Life concern,Andrew Doyle,0.9827554712727152,1.0270535294421226,0.9998748168378977,1.072673718240029
1361,Join boy house,Andrew Doyle,1.0329385533712108,0.9992881883510738,1.0651046678540876,1.0091287019326467
1362,Who nearly,Andrew Doyle,1.0114667105352864,1.0483626425359305,0.99961477972773,1.0034008669609975
1363,Respond today,Andrew Doyle,1.0256336545786418,1.0075936503696041,1.0886422155113429,0.99757210827065
1364,Contain,Andrew Doyle,0.8991830537830401,1.0480318023778055,1.104576815929286,0.9858401734904811
1365,Trade begin,Andrew Doyle,0.9230723505398724,0.8109011434160753,0.7850069090375561,0.9281235042893392
1366,Region certain,Andrew Doyle,0.9145169058528752,0.9803133835507318,0.8825168696855507,0.9576948951795697
1367,Consider check,Andrew Doyle,0.9299341554255658,1.1124387273245753,0.9658920744731111,1.0091943489555346
1368,Simply start,Andrew Doyle,0.9301457333938017,1.153303089250496,0.9863776529213168,1.0333475304830553
1369,Business,Andrew Doyle,0.8422347052530887,0.93723867057471,0.990223905978567,1.0941734770429186
1370,Business,Andrew Doyle,1.074664568114875,1.0934963788311927,1.051973548596398,1.0667498274926237
1371,Keep remain,Andrew Doyle,0.9529313596789188,0.9042866389834595,1.011059416714733,1.0072908394373954
1372,Interesting,Andrew Doyle,1.1357430174475427,0.7350809309883337,0.9249123427512361,0.7161945462299878
1373,Meeting,Andrew Doyle,1.0074757127638416,1.0098803927608109,0.9163809735765651,1.1018013697742703
1374,Draw industry,Andrew Doyle,1.0511400557470754,1.055922066020428,1.005028007536303,0.9683121198904191
1375,Thing some,Andrew Doyle,1.1150883301744525,0.9842703691233552,0.9449128326901259,1.2819884709662113
1376,Can give,Andrew Doyle,0.987362822964401,1.0498637003333604,0.9208277173986067,0.8882938090891904
1377,Take direction,Andrew Doyle,1.197225883022802,1.1851871760558736,0.9458195612874709,1.000996955078226
1378,Pull base,Andrew Doyle,0.8606912321858571,0.904043405392996,1.0009537418968046,1.026425320432191
1379,Team stay onto,Andrew Doyle,0.8237560567558693,0.9108764731557303,0.911842118613948,1.0997256050168158
1380,Just produce,Andrew Doyle,0.9684677612076861,1.0753329521966355,1.0235604083186078,0.985241265909983
1381,In age act,Andrew Doyle,0.8553747645920824,0.8421800415818252,1.1631067712203473,0.8518335496832624
1382,With kind into,Andrew Doyle,0.8889421976859305,0.8911395016564101,0.8955646959709113,0.9642539749049392
1383,At early seem,Andrew Doyle,0.9650339229468848,0.9958680234824362,1.0158115755277397,1.0517927996294798
1384,That scientist,Andrew Doyle,0.9957094553355935,0.9401990668928646,0.9651179213641536,0.9677803377624615
1385,Situation take,Andrew Doyle,1.1385889692012483,1.0256005241327142,1.0280856781868195,0.8607970009181114
1386,War eight,Andrew Doyle,1.0397207819921102,0.9438913049212744,0.971570464190361,1.1463029772234952
1387,Return,Andrew Doyle,0.7893828203485469,0.9521691281641192,0.9102194723109952,1.00106196578514
1388,Follow bar,Andrew Doyle,1.049981450177537,0.8770543513535395,0.978148796492191,1.0185673133034356
1389,Those thank,Andrew Doyle,1.2479336931113862,0.9642817214461992,0.9864173549243788,0.9634062168487195
1390,Social,Andrew Doyle,1.0311021071615691,0.9175342939461895,1.2335103442387374,1.0470214433821823
1391,Your,Andrew Doyle,1.1277305542268066,0.9373120950594009,1.0090772735786635,0.9726250388887975
1392,Ball himself,Andrew Doyle,0.9185582026606447,0.8513602805975032,0.9100685213733077,0.8069914286699466
1393,Success rich,Andrew Doyle,0.9062314288402346,1.1306628894785202,1.042332277344685,1.0415491086131399
1394,Tend chair,Andrew Doyle,1.0440348245974027,1.0258150049828023,1.0666152378142135,1.022986640927929
1395,Help throw,Andrew Doyle,1.005511425764245,0.8903777961094709,0.9549529871799196,1.090360146224999
1396,Matter rest,Andrew Doyle,1.1212435234210671,1.0330712529250738,0.9689834593154659,1.1116429970283233
1397,Decide special,Andrew Doyle,1.0221297431815581,1.0382431680767867,0.8622592478043374,1.1794665154332455
1398,Tonight then,Andrew Doyle,1.1227883033470496,0.9281729009335521,1.0454462173560795,1.1023337014397057
1399,Financial and,Andrew Doyle,0.9509604552866128,1.1232025200725315,0.8468837802673195,1.0199075173621126
1400,Commercial,Andrew Doyle,1.1568572382800828,1.059536504334407,0.9371669242991445,0.8717844828242312
1401,Car after tell,Andrew Doyle,0.9301146759348029,0.8566967606115515,0.9624999008810082,0.8981666256540705
1402,Officer design,Andrew Doyle,0.9909117292047389,0.9803237431859619,1.041378944813685,1.1162734863235506
1403,Adult service,Andrew Doyle,1.0007107633823566,1.0897384270236203,1.0591437723486763,1.1341887513880242
1404,Yourself,Andrew Doyle,1.0168288000990549,0.9112553093883194,1.0451842869920533,0.9300360751231933
1405,Avoid attorney,Andrew Doyle,0.9791625407104643,0.9655211181988919,1.1936339213101936,0.9378987719605411
1406,Anything,Andrew Doyle,0.987653229155394,0.8902038507393519,0.9969400856170403,1.1114258654947733
1407,Account,Andrew Doyle,1.1399423951999754,1.1994586822500586,0.9572159849710188,0.9325341119552472
1408,Great receive,Andrew Doyle,1.1529060233888613,0.9950359842165872,1.124868463285177,0.9667605591610395
1409,Nearly can,Andrew Doyle,1.3528951732073744,1.1312704371528972,0.9922967211273556,0.9872294460074992
1410,Student light,Andrew Doyle,1.0477070274700055,1.0571886963830293,1.0056593350613288,1.0667491901167652
1411,Vote medical,Andrew Doyle,1.0060403209200954,1.0127214230250008,1.1793539716682218,0.8964080131741233
1412,Box control,Andrew Doyle,1.2446621030133502,0.964817726677102,1.011137066731879,0.9742443328239643
1413,Movie him,Andrew Doyle,1.065180781364657,1.0159043110666692,1.1221768146894044,0.9546886368793593
1414,Society born,Andrew Doyle,1.1600523222264827,0.9779965662738965,0.9346264643428933,0.9942417384182631
1415,Treat open,Andrew Doyle,0.9831479014636018,0.9719862892758097,0.9584158788076927,1.2311854539364913
1416,Cut south they,Andrew Doyle,0.9311181977654873,1.0107836769589729,1.0069575670856785,0.8870071670696162
1417,Matter laugh,Andrew Doyle,1.2431820384680945,0.9852801578624633,0.9913138732473147,0.9964310773936953
1418,Must out sea,Andrew Doyle,1.1490281608107489,0.9957737797502391,1.1503991896558092,0.9776064612604098
1419,Stay,Andrew Doyle,0.9373200047654803,0.973689843816627,0.9199709900214402,0.9442384476198277
1420,Receive,Andrew Doyle,1.1833433779021463,0.7912087623360919,1.1033009782101124,1.0563940098948126
1421,Member PM,Andrew Doyle,0.9753151056822783,1.1232624837009502,1.000477100512673,0.8754398161588113
1422,Different be,Andrew Doyle,1.0918884824739519,0.9628946694048377,0.9486125659849161,0.9240357735854594
1423,Return,Andrew Doyle,0.948146866645587,1.0347708248849472,0.9140836165316778,0.8373255372392037
1424,Over involve,Andrew Doyle,1.0467060977317397,0.9871358843541748,1.0743003073043158,0.8784266762572989
1425,Reason turn,Andrew Doyle,1.0066505905553165,0.9797087006213187,0.9126260859650417,1.0353617514966045
1426,Cover leave,Andrew Doyle,1.0684762421820073,0.990609837118273,1.1441822385764178,0.9672931813262386
1427,Through what,Andrew Doyle,0.8235856103225794,1.1433053851780597,0.9230592083205095,1.1141842796477361
1428,During me,Andrew Doyle,0.9034773816394963,1.0244772135267775,1.0142097359226856,0.7981863146402177
1429,Positive,Andrew Doyle,1.0100023397884408,1.0024590089277323,0.8249969371147292,1.0331881111549053
1430,Network,Andrew Doyle,1.0216794854304094,0.8875274278899632,1.0184735208504216,0.7849836886078475
1431,First price,Andrew Doyle,0.9910740885235116,0.8022495923495646,1.053016342100238,0.9334076709051459
1432,Cut while,Andrew Doyle,1.1033224239017023,0.835246923187859,0.8753271829187537,0.9903813778988558
1433,Resource think,Andrew Doyle,0.9525065539214548,1.0083931950891987,1.0864391986545663,1.0257081630494838
1434,Computer much,Andrew Doyle,0.9931881080004888,1.0653801479521643,0.8667078619364215,0.9901237032449082
1435,One go right,Andrew Doyle,0.9742303955751506,1.028891236939658,1.1893380872064832,1.0365949199314228
1436,Stuff animal,Andrew Doyle,0.8041437600407864,1.04433059509396,0.9531493753662145,1.0435770234395072
1437,Author bank,Andrew Doyle,1.1973988817111307,1.0130004625571973,1.0618026451474545,1.0092856768184195
1438,Minute before,Andrew Doyle,1.0764751078974135,1.0932727034227347,0.9943498741627566,0.9961915855537316
1439,Identify so,Andrew Doyle,1.107501943213292,1.0346550066049263,1.15715445414667,0.8939967249423476
1440,Suggest then,Andrew Doyle,0.8156174360574643,1.1267520716435284,0.9242697733138782,1.0056028138945452
1441,Dog nor nice,Andrew Doyle,0.9712845613976256,1.0641363969986146,0.920514397595924,0.9345755373388256
1442,Decide or,Andrew Doyle,0.9870645284706046,1.067531503861811,1.0147037006612325,1.087176188206379
1443,Relationship,Andrew Doyle,1.0406970533172992,0.8275330144461225,1.0804747223325653,1.0163411910100677
1444,Now TV run,Andrew Doyle,0.961436963909428,1.165336076790345,1.0553725581652003,1.0757357938591654
1445,Always,Andrew Doyle,1.0202343348737342,0.8240865998117879,0.9782641220551851,0.9706685137489546
1446,Cut become,Andrew Doyle,0.9660629087790695,0.9653972969040727,1.11983314298024,1.0759298415801992
1447,Dark,Andrew Doyle,0.7507244456862396,1.2288095020118681,1.0333963414167295,0.898585932679211
1448,War first,Andrew Doyle,0.9856885913257181,0.9281858020495183,1.0724339935481948,1.0609619688648009
1449,Once someone,Andrew Doyle,0.8735909729580338,1.1737034179543298,1.0565454440523634,1.1486571894733886
1450,Traditional,Andrew Doyle,0.9530745922599201,1.159890715540587,1.256294734165807,1.0821537854341838
1451,Special enjoy,Andrew Doyle,1.0765557317398464,1.1147757996592345,0.9550312912134697,0.9284637541912951
1452,Simply,Andrew Doyle,0.9555764176115622,0.8797847765392417,1.0363957592367257,0.9960282967310689
1453,Quickly say,Andrew Doyle,1.0261465112812185,1.0143269402833468,1.013635631392323,0.9001689603366427
1454,Total age,Andrew Doyle,0.925377364614411,1.0940689477195602,1.0330868481988025,1.02759196175834
1455,Paper blood,Andrew Doyle,1.0578337493412622,0.98686605025546,0.8421500139945637,0.8740335867638758
1456,As sister,Andrew Doyle,1.0868017037873383,1.101248617660299,1.0519100980366651,0.9116439568274202
1457,Short,Andrew Doyle,1.150650671853296,1.0144876449934597,1.076214969947546,1.0341273201075973
1458,Result,Andrew Doyle,0.7734730237291049,1.031323740022115,0.8122797914317343,0.9926192899407125
1459,Program author,Andrew Doyle,0.9244537384862852,0.9796291898382333,1.0226256523367008,0.9389345063257377
1460,Body evidence,Andrew Doyle,1.0970615038181208,1.1437861444239514,1.1101281671329177,1.0306126685164878
1461,Control choice,Andrew Doyle,0.9739207514078222,0.960367449300774,1.0629330321564474,1.0220053836035623
1462,Election,Andrew Doyle,1.0250274387503304,0.9783324486136851,0.8693733816592362,1.010171829719755
1463,Door culture,Andrew Doyle,1.10084471090094,1.055566538796136,0.9766832894044689,1.1722759271299164
1464,Who blue,Andrew Doyle,1.0628774063956112,0.8803332391533584,0.9272706500066314,1.0417826650243645
1465,Play way money,Andrew Doyle,0.9605566434952794,1.0404155976480418,0.8927339333298816,1.1125430458558359
1466,Us debate late,Andrew Doyle,0.9474140628246223,0.9170812103457029,0.9409075413024031,0.9610439101820069
1467,Movie store,Andrew Doyle,0.9766831254462549,1.2041620893625653,0.8760690994576386,0.8899689903547511
1468,Set same PM,Andrew Doyle,1.1256668253128668,0.964067557913838,1.0293334655575772,1.090367093431245
1469,Article send,Andrew Doyle,0.8988932697245902,0.9854957200236248,1.1675694381334445,0.7742363787429059
1470,Mrs event,Andrew Doyle,0.9300541341413917,1.0416164145282807,0.9155311931511415,0.6488269410482423
1471,Team charge,Andrew Doyle,1.0607309998123846,1.1268666294866196,1.009616028150229,1.0458200727486395
1472,Improve remain,Andrew Doyle,1.0990970267528404,1.0949395884804365,0.8780196591790453,0.8896934819010116
1473,Stay bill,Andrew Doyle,1.0020897875826393,1.1110865798456553,1.0968467683953975,0.9659351108077705
1474,Outside to,Andrew Doyle,1.0515440539466647,0.8793319723783618,0.9507179881470214,1.0041677481349018
1475,Too what,Andrew Doyle,1.0803442097486875,1.0638890994969856,0.9762148898243017,0.8758673674235637
1476,Hard to sit,Andrew Doyle,1.0413737841154664,0.8352464089825085,1.0153008087661695,1.1343475592248324
1477,Local company,Andrew Doyle,0.9628792199057338,1.1710024438834472,1.1275090832523005,0.9052195975146435
1478,Specific walk,Andrew Doyle,1.0246448545578448,1.0097964889271953,1.1314744242482608,1.152624854552669
1479,Activity hard,Andrew Doyle,1.117965280528995,1.0296773504796595,0.9259707035684219,0.9689165529602122
1480,Glass beat,Andrew Doyle,0.7985793405151664,1.0915653862349577,1.0955866478952774,1.057307120462139
1481,PM east,Andrew Doyle,1.0712516032595272,0.8127804604829163,0.9080441643391091,0.9480654464860632
1482,Game special,Andrew Doyle,1.2021352785391477,1.1218637909490004,0.9076877531445157,0.9312388393479761
1483,Enjoy,Andrew Doyle,0.9340790063502212,0.9620881895425131,1.0324917285275728,1.0909368852059247
1484,Lay several,Andrew Doyle,1.040947324656002,0.9652010859482605,0.874025963934967,0.9677218385994455
1485,Soon sit,Andrew Doyle,0.8726758864298919,1.0630128786266877,0.9302521025183894,1.0942809097059012
1486,He soon,Andrew Doyle,1.0112857253842291,1.0292935553940905,1.0680591467039053,0.9981144657042291
1487,This language,Andrew Doyle,0.9218583688432931,1.0331853056139895,0.9426952264318902,1.0565386569862967
1488,Money body,Andrew Doyle,1.0824820037199905,0.9940646619740305,1.0230976256322952,0.900006662082889
1489,Hotel daughter,Andrew Doyle,1.0471223676889772,0.9865171861467125,0.8318775961578412,1.1206675603621057
1490,Know whom,Andrew Doyle,0.9228216610833211,0.8950354226110318,1.0246444990935575,0.9098751294178039
1491,Really bar,Andrew Doyle,1.0238776452330858,0.9751046954666294,0.9355479725430349,0.9518312623458637
1492,Foreign,Andrew Doyle,1.0134151058854766,0.9600549076892146,1.0170323907799168,1.0042653396484276
1493,Wonder,Andrew Doyle,0.8687174474639359,1.0647675593426995,0.9863849846549273,0.8983808727845279
1494,Prevent,Andrew Doyle,0.9518314811073888,1.2628824425952139,1.0340940920735198,1.1184621528314675
1495,Myself relate,Andrew Doyle,0.9899812144828264,0.81444160016345,0.9395733795876239,1.2110920146021988
1496,Yeah relate,Andrew Doyle,1.0207828784853579,0.912853715727291,1.0499516440490102,1.0676932185663348
1497,Nature within,Andrew Doyle,1.1511757172880588,0.9456774136398673,1.0232197606639108,0.9875973591294777
1498,Actually,Andrew Doyle,0.858617689869329,0.9898948844465877,0.9795341984637135,1.0142203085419315
1499,Guy brother,Andrew Doyle,0.9173932533399829,0.9593187788542548,0.9923076143995815,1.0072729486607028
1500,Fight nor,Katherine Adkins,1.0712921804021278,1.080813747029602,0.9461294909829081,1.140321506680282
1501,Team small,Katherine Adkins,0.9055253022088406,0.9961588538526954,1.138104268996363,1.0064346770003156
1502,Probably,Katherine Adkins,0.9842001650285934,1.1992563253067219,1.137465553856478,0.87252495773307
1503,Eight,Katherine Adkins,0.9716873496551264,0.880359660488132,0.9697002028327323,1.0376486052767622
1504,Sell play,Katherine Adkins,1.0998999451242246,1.0794263547786445,0.9524768586987982,1.1727824300842231
1505,Act around,Katherine Adkins,0.80652393047683,0.9248658765676134,0.9811277342451911,0.9242645026127909
1506,Avoid,Katherine Adkins,0.899180447204731,1.0345001125496063,1.0776844629725866,1.0141656034577362
1507,Join huge,Katherine Adkins,0.9086825649649595,0.8675542612076174,1.1373702305000397,1.0820141463767476
1508,Quite together,Katherine Adkins,0.954453262165625,0.8417982159430262,1.1804931661608267,0.9809485921812784
1509,Somebody four,Katherine Adkins,0.9181864854907396,1.048223596854024,0.9250863630193813,0.9244787436406572
1510,Five week,Katherine Adkins,1.0175715581296878,0.8352462207667515,1.073428022033282,1.0750954033781286
1511,Return most by,Katherine Adkins,1.057225855300356,0.9076431074843913,1.0260206461785026,0.9904586494335806
1512,Physical civil,Katherine Adkins,1.060473317217638,1.1821407330713598,0.9706286782221759,0.9200764836505959
1513,Lose fight,Katherine Adkins,0.961621198811124,0.9978552468790339,0.8070553722283342,1.0775306769258763
1514,Likely western,Katherine Adkins,0.9784747435419229,0.8997640976920682,1.0170746507798893,1.1949004441951494
1515,Campaign set,Katherine Adkins,0.933060859819107,0.8274109105297327,1.0121307620974573,0.981007093621976
1516,Seem beautiful,Katherine Adkins,0.9780525391297239,0.9511770053510379,1.0322126109277991,1.1278473988882736
1517,Door person,Katherine Adkins,0.8814714704865624,0.9499867493482033,0.9112742515727382,0.9675426152156288
1518,Window station,Katherine Adkins,0.9984968329784408,1.1750419395134712,0.9907585706867774,1.0652972225413138
1519,Meeting beyond,Katherine Adkins,1.105991358993249,0.8960043973713383,1.0946535476311046,1.1784308346736796
1520,Kind foot song,Katherine Adkins,0.9031548342501965,1.0115408419769065,1.1230822172343484,1.0310446093541088
1521,Language,Katherine Adkins,1.107061821332541,0.9772485375985894,1.0856830882096367,1.1656492282432147
1522,The world,Katherine Adkins,0.9066043005031497,1.0302098546263179,0.9511599244644006,1.1162103994774246
1523,Seven among,Katherine Adkins,0.8745866098168577,1.105614146551495,1.0626108269298484,0.9421074050868091
1524,Student girl,Katherine Adkins,0.9667882241181472,0.9335470613983545,0.9244663245614371,1.0793131922272978
1525,Great worker,Katherine Adkins,1.0767615800287702,0.8110611905538705,0.9844042434069431,0.769826877365815
1526,Identify,Katherine Adkins,1.187026001494862,1.1368124320352249,0.8541413639047626,1.0139325968300055
1527,Black attorney,Katherine Adkins,1.1068021143770415,0.9696361916338776,1.1050548279166905,0.9914321038522681
1528,Win film ball,Katherine Adkins,1.1058978315779269,0.7550117357358501,0.9525867620708841,1.0284644275861847
1529,Forget guess,Katherine Adkins,0.9011030646114019,0.9847507489579509,0.9025391046540188,1.0267997606243806
1530,Just able,Katherine Adkins,0.7892107717548809,0.9228364202009022,1.002687116950454,0.969557099237309
1531,Before similar,Katherine Adkins,1.0610164228238304,0.7092668449265915,0.941415929186547,1.177934930213661
1532,Home home,Katherine Adkins,0.9193539661473504,0.8365823007198571,1.1072024714928834,1.034761848606288
1533,Keep always,Katherine Adkins,1.1748471500257367,0.9123110660162015,1.0520334098393795,0.9516052608780667
1534,Thought,Katherine Adkins,1.0415439586443518,0.9256668749679778,0.9464093583042373,1.088883821844141
1535,Leave treat,Katherine Adkins,0.8998273825825738,1.116468892831726,1.0398896476854498,0.8021011983264791
1536,Common reach,Katherine Adkins,0.9409763303322156,0.9358242589055761,1.0358210693556447,0.9402624859105321
1537,Same PM window,Katherine Adkins,1.0454092904321781,1.056898093166072,0.9998481004732831,1.044119766126824
1538,International,Katherine Adkins,1.0748519577501308,0.9635734770799529,1.0258555897987658,0.8802672614346465
1539,Machine,Katherine Adkins,1.107880512200424,1.154423262930123,1.1616897042760668,0.9541106735075578
1540,Quality,Katherine Adkins,0.9681956810961566,0.9346101324227432,1.1638335593370188,1.1250739714526001
1541,See hope trip,Katherine Adkins,1.0766332907725262,0.8992674821888706,0.9396098159293887,0.9336535142180896
1542,Brother,Katherine Adkins,1.0877041256903224,1.0648161880500964,0.9886742193979691,0.9310592365439264
1543,Practice small,Katherine Adkins,1.0046571761291032,0.8764037150997458,0.9832490655012278,1.0681299726784308
1544,Both yet,Katherine Adkins,0.9926197036944394,0.9997540447819545,0.8882116526843902,1.2877073974453375
1545,Reduce week to,Katherine Adkins,0.9710871655926661,1.0135833060635495,1.0244125819252314,1.0018010557918244
1546,Boy explain,Katherine Adkins,0.9492051718849467,0.8603715279633003,0.9243583523877886,0.9675321478480241
1547,Seek imagine,Katherine Adkins,0.8992632208548466,0.9717996951902561,0.8933337585897518,1.0461762000603505
1548,Billion,Katherine Adkins,1.1409156081044642,0.9561250880919049,0.9914541200997196,1.1406591120890033
1549,Nothing test,Katherine Adkins,0.9331354365594191,0.8364402827699517,0.8657862247839377,1.0669464147172207
1550,Discover,Katherine Adkins,0.9638697515822765,1.1238625561372824,1.1920632478061577,0.9601766239341072
1551,Someone sort,Katherine Adkins,1.0138312734213852,1.073751975181934,1.0172215083565932,0.9428681990254735
1552,Activity those,Katherine Adkins,1.1073633566922065,0.9962056320911575,1.0729476200388204,1.186371489382965
1553,Medical event,Katherine Adkins,1.0677770454256414,1.0174311582977769,0.860660700801724,1.1041940904372136
1554,TV drive,Katherine Adkins,1.0527301160563776,0.9353487891292103,1.01845479726965,1.0943028437496116
1555,Very community,Katherine Adkins,0.9925630373873895,0.9899424747608094,1.1049963632841078,0.922755192656664
1556,Study,Katherine Adkins,0.9296862557941412,0.9507957204053111,0.9050726674641321,1.2096529634802964
1557,Form front,Katherine Adkins,0.9619667882103793,1.0661608740955246,0.9334171794788445,1.0179520280756673
1558,Apply city,Katherine Adkins,1.0505524691222492,0.8726782547385695,1.036228446422646,0.9351737966274447
1559,Anything black,Katherine Adkins,1.0923645414425742,0.953510957212628,0.939968616272402,1.0117009361816358
1560,PM generation,Katherine Adkins,0.9163430180022328,0.9123384057956238,0.9480277738084638,0.9746652664985282
1561,Gas today,Katherine Adkins,1.1433119096510727,1.131404526884569,1.0065498141781093,1.1632399257352986
1562,Material,Katherine Adkins,1.1504139597459373,1.1404049834201346,0.9951662730840467,0.9290707365056399
1563,Drug charge,Katherine Adkins,0.8387196252684755,1.0110661006756556,0.9882601692874452,0.7750206794612244
1564,Range charge,Katherine Adkins,0.9459073615747882,1.1075517667410903,0.6781362374853206,1.0783455745754194
1565,Career voice,Katherine Adkins,0.992433311661492,1.194765696546487,1.0082834215246739,0.896749620116733
1566,Outside likely,Katherine Adkins,1.000993504738172,1.2086032870287124,1.076456365459979,1.020384168047108
1567,Fear buy item,Katherine Adkins,0.9543862215324911,1.0622872858689483,0.9932339388706112,1.2415558970105616
1568,Across fly,Katherine Adkins,1.068714825094252,0.924021669847864,1.0982280675616873,1.0229033667780343
1569,True guy,Katherine Adkins,0.8907913879755202,0.8838444995804113,0.961425196143526,1.0519199859520667
1570,Production,Katherine Adkins,0.8658798846599318,0.9979498955540569,0.9164519778228593,1.0280568343363357
1571,Example huge,Katherine Adkins,1.0250071400635756,0.8789868724253909,0.9325644251871974,1.0516967419100096
1572,Admit here,Katherine Adkins,1.0013538184629347,0.9643287558489975,1.1160186633158824,1.1971737839826286
1573,Clearly,Katherine Adkins,1.038279474374794,0.928871300321727,0.8385281887965436,0.8725680901849628
1574,Great left,Katherine Adkins,1.1098847492718742,0.90790475488955,0.8944768271294994,0.9229369934675795
1575,Than site best,Katherine Adkins,1.089146120817569,1.0666968842424291,1.1331810920726189,1.0884100847332236
1576,Perhaps today,Katherine Adkins,0.9235917310610712,0.8248777566112548,0.9998180844733493,0.9703467986817588
1577,Many feeling,Katherine Adkins,1.0040112810254895,1.0340896388832863,0.9507319009646894,1.0207156788328386
1578,Special girl,Katherine Adkins,0.8559090081381631,1.0334765079092334,0.8251240439791074,1.07130369999904
1579,Central join,Katherine Adkins,0.8799814337506585,1.1161607183353255,1.034418807578402,1.0492766341444113
1580,Memory born,Katherine Adkins,0.922309594087992,0.994389023656256,1.0291239721262342,1.124175255659654
1581,Assume feel,Katherine Adkins,0.9600556430478328,0.9537249348636869,0.9235844295987558,0.9058651025992379
1582,Close nature,Katherine Adkins,0.9362166716249524,0.8810398422256657,1.0353139736610104,1.0782526333916138
1583,Entire,Katherine Adkins,1.0849652060398305,1.0621794016232446,0.9528996198147517,1.118440278962305
1584,Project skill,Katherine Adkins,0.9503397638744757,0.9312794939486749,1.1436212037440427,0.8251721357498651
1585,Too great do,Katherine Adkins,0.9141799551962406,1.1155003796706762,0.94071614524759,0.8350558521533188
1586,Seek even rock,Katherine Adkins,0.912443410828106,1.051125291392918,0.9735923714232384,0.9284506443028394
1587,President,Katherine Adkins,0.9483093690982459,0.9596808340933507,1.2378175568352598,1.086166015907667
1588,Fight song,Katherine Adkins,1.1163824123867865,1.0295465919061086,0.8676285092421423,1.034888681374863
1589,Beautiful you,Katherine Adkins,0.9815434914388949,1.0445383202049956,1.0154064316527311,1.115644876761738
1590,After,Katherine Adkins,1.204016851276403,1.101269952733489,0.9662981323618706,0.8886797734328453
1591,Leader along,Katherine Adkins,0.9747082528856514,0.8737432909843655,0.8457587690605491,0.9922221233230688
1592,Last machine,Katherine Adkins,1.0334695918438639,1.0597895399411716,0.9712689654197868,1.1401157498523402
1593,Walk suffer in,Katherine Adkins,1.0069004597225224,1.0651266257033885,1.0881156626189141,1.0486250249830131
1594,Trouble,Katherine Adkins,1.1075437967987192,0.8797753725645808,0.8923352345281383,0.8579278330680394
1595,Whether,Katherine Adkins,0.9669044243359003,0.8115674776891839,0.8407858918840363,1.1718907848330669
1596,Buy finish,Katherine Adkins,1.0569056344860261,1.0041894767668296,0.9639578247194255,1.0242844080194111
1597,First bring,Katherine Adkins,1.2606123935718876,1.1055191338989891,1.0757227625516117,0.9046190128473773
1598,Right develop,Katherine Adkins,1.006770081595134,0.9101179197067971,0.9616705892760604,0.9372732849051412
1599,New suggest,Katherine Adkins,0.9636417882772489,1.0116632947094648,0.9364619854618976,1.075302654381904
1600,Measure stay,Katherine Adkins,0.8972168060934643,1.1080957567258203,1.0561760078887719,0.8624576803264989
1601,Audience great,Katherine Adkins,1.0099723781916647,0.9606786073340781,1.0623442111596235,1.0713997175155474
1602,Law get scene,Katherine Adkins,1.0799320564601902,0.9403230011174607,1.041833686252195,1.146484103547382
1603,Manager,Katherine Adkins,0.9973529644965288,0.966340323979154,0.8877107963191011,1.06980759855739
1604,Common become,Katherine Adkins,0.993710392363621,0.9059434460422602,1.2122098257984801,0.9021906217164531
1605,Add admit,Katherine Adkins,1.016505125296635,0.9947189566475417,0.9749612044125461,1.0448231687734244
1606,Follow green,Katherine Adkins,0.994016089482884,0.9782093994244896,1.0017983259537937,1.0138398736478784
1607,Party yeah,Katherine Adkins,1.0426457776594111,0.8888457730802994,1.112352922556373,1.0350649308850806
1608,Move key,Katherine Adkins,1.0758598423447951,1.0232697411419587,0.999838692941403,1.0860526702159685
1609,Down movement,Katherine Adkins,1.0476305333637097,0.7850983767444015,1.138553317777286,0.9435748130128413
1610,Couple already,Katherine Adkins,0.8467588982133551,0.9056126823976989,1.009584932493898,0.9442027626815278
1611,Tree city risk,Katherine Adkins,1.017111281479165,1.0609347656865344,1.0639909334552284,0.9008729803925641
1612,Life cost,Katherine Adkins,0.9429515345058471,1.1675584529021477,1.184703916634789,1.0582601970359031
1613,Raise paper,Katherine Adkins,0.9041570218208833,1.113828332025593,0.8266738748937582,1.038680387533862
1614,Miss at adult,Katherine Adkins,1.0285485268494374,1.0674049191537487,1.2305411477531805,0.9638796470122406
1615,You use apply,Katherine Adkins,0.9226613239753196,1.0343136861985267,1.0159543988868376,1.0125254893060407
1616,PM great,Katherine Adkins,0.8519365082230427,1.0958083740548128,1.068649508638124,0.8373082599333712
1617,Rock eight,Katherine Adkins,0.9634904009890607,1.0530974786221874,1.1391313468022597,1.0886344598643654
1618,Deal modern,Katherine Adkins,0.9189437151031685,1.0561758464111455,1.2979019870160524,0.9551406794295257
1619,Career high,Katherine Adkins,1.1337496380518828,0.9609330898035752,0.868360625614364,0.9175365670537953
1620,Share fact,Katherine Adkins,0.9682002064338366,1.1173015454369384,0.9030758630753348,1.0318084451634713
1621,Down rock,Katherine Adkins,0.9699171047519487,0.9347204693241511,0.9068914142251006,1.0737030310283013
1622,Imagine,Katherine Adkins,0.9736430936475903,0.9841442029327446,1.0554828653142276,1.0076174152010584
1623,Response page,Katherine Adkins,1.2073854580753667,0.9825301122126554,0.8000863710868498,0.9442124190787323
1624,Network,Katherine Adkins,0.865151423882711,0.8498196925835462,1.0346539542357998,1.057320477615329
1625,Concern peace,Katherine Adkins,1.0846156505848759,1.3066574041622137,0.8451214739796818,1.0361156026782818
1626,Various source,Katherine Adkins,0.8684486471397108,1.0696400592908584,0.9983602203991762,0.9109775314131681
1627,Attention,Katherine Adkins,0.8966527219454546,1.0010946065966178,0.8483229650525258,0.9035611339750637
1628,Interest card,Katherine Adkins,0.9407286763915969,0.9893323889844442,0.88153945492602,1.047285305055111
1629,Improve cover,Katherine Adkins,0.8454062278394217,0.8486041115533347,0.9110245884776783,0.9621836238357948
1630,School six,Katherine Adkins,1.0948988148642602,1.0443776218215022,1.0437739889113276,0.9061773061931895
1631,Difference,Katherine Adkins,1.0674482067694835,0.8287586767758531,1.0483399132047624,1.0814938012127402
1632,Wind community,Katherine Adkins,0.9735416597735425,0.949025361277317,0.8922811495368983,1.104388108470401
1633,Four model key,Katherine Adkins,0.8385443039370925,0.9590325824570372,0.973313918839006,0.9688338883210185
1634,Site worker,Katherine Adkins,1.0725606508845131,0.8929502603569957,1.1145510976956814,1.1602534466143786
1635,Ever news,Katherine Adkins,1.0095266392177555,0.9597396001319354,0.9683240460906409,0.9588535686059211
1636,Despite behind,Katherine Adkins,1.055283842042338,1.010674452553679,1.1122778280755015,0.8067389028893731
1637,Area should,Katherine Adkins,0.9703853286255713,1.022909911240596,1.0231793308990056,1.285851907618421
1638,Source officer,Katherine Adkins,1.3097472919127389,0.9238555816174674,1.0781079136107359,0.8848757711509024
1639,Must upon site,Katherine Adkins,1.014525278366179,1.0602404663716096,0.8532865695838725,0.9875278976368729
1640,Public by part,Katherine Adkins,0.7907857261018787,0.8257744080575469,0.8823097061038244,1.0842169202745806
1641,Space dark,Katherine Adkins,1.0018232744717106,0.9508085122937731,0.8706846020652599,1.1063555093014283
1642,In town stuff,Katherine Adkins,1.0864048728771711,1.0156173884071014,0.9491976362715828,1.060317238930792
1643,Economic new,Katherine Adkins,1.0091962588524988,0.9936564004913974,1.030892718179422,1.1960383343610759
1644,Pull personal,Katherine Adkins,0.9302991018291032,1.1473123748747673,1.067520314750935,0.8999163311123408
1645,Study eat now,Katherine Adkins,1.1412446519625121,0.9057990324841338,1.0509450351171323,1.2095371255963288
1646,Glass total,Katherine Adkins,0.9317891057138309,1.0234557941318891,1.096167769847493,1.020783521358146
1647,Central room,Katherine Adkins,1.0394308125718066,0.9924769025897643,1.0781229981749942,0.9302704175119969
1648,Benefit lead,Katherine Adkins,0.9851190306688233,1.0794841160559185,1.0920294100620174,0.9999249532356391
1649,Positive,Katherine Adkins,1.1172472294751603,1.1581999588458096,0.8927683645862315,1.0702788616341987
1650,Put century,Keith Patton,1.0096110174923003,1.0221903639491081,1.0770952893531618,0.970846333147287
1651,Sound shoulder,Keith Patton,0.9164720940538091,0.9567659044168514,0.8545449978547712,1.0909705004330685
1652,Create,Keith Patton,0.7768154135390173,1.0089350090646778,1.0725376503074782,0.8898079663473082
1653,Peace rich,Keith Patton,1.1294115170316334,0.9275959418780189,1.1053020469865031,1.024392209890848
1654,Produce,Keith Patton,1.1101928427424248,1.1306437897525854,1.0136353054969653,1.0366018013608063
1655,Catch,Keith Patton,1.044097555542842,1.043844803414114,1.1053932060699951,1.15125234189613
1656,Article one,Keith Patton,1.0768755205235176,0.9973972656932677,0.9793142007741252,0.9014571122475991
1657,View feel,Keith Patton,0.7565104274958594,0.9210594188759872,0.8450456522909273,0.9402197416880418
1658,Trouble garden,Keith Patton,1.0436363133165907,0.9918269709339161,1.0052093185653947,1.1138829088375761
1659,Hot natural,Keith Patton,0.9384829192620838,0.9490272378851146,1.125466399765157,0.8855304580055279
1660,Natural tell,Keith Patton,1.09249770996549,0.9489107673718193,0.9287557231199064,0.9014342326213792
1661,Significant,Keith Patton,1.0893885728670714,1.0444336095121007,0.8975142998200933,1.1119361157957686
1662,Every camera,Keith Patton,1.1709294051180272,1.0104819837090344,0.9970526145559683,0.8367204762168319
1663,Well affect,Keith Patton,0.9841101328205627,1.074477275493769,1.121380956262615,1.0380458895246103
1664,Scene interest,Keith Patton,1.0061804333383442,0.9851832339704255,0.8233687983545865,1.1860926874081794
1665,Trade begin,Keith Patton,0.9230723505398724,0.8109011434160753,0.7850069090375561,1.0029877930433728
1666,Usually,Keith Patton,0.9683651475790412,0.935838552877514,0.9832556673428208,1.1080215426679423
1667,History,Keith Patton,1.027352017601309,0.9515700881439189,0.7482130932619075,0.9621769929719817
1668,Recently deal,Keith Patton,1.0947358883450957,1.0439211540064517,1.2305491427649966,0.9820731238578901
1669,Follow,Keith Patton,1.0112383308060393,0.8658852638378678,1.1503694555252177,0.9963234782865853
1670,Allow never,Keith Patton,1.2124920765313467,1.076293875032263,1.0363222171585915,0.9727092648393557
1671,Choose natural,Keith Patton,0.9151843677945773,0.971576211600143,0.9377307930668255,0.9652206918325511
1672,Democratic,Keith Patton,1.0050147403248435,0.8952737959836911,1.0255761838705373,1.1437869859407055
1673,Well quickly,Keith Patton,1.0223206611200695,1.005569369206066,0.8971156385626926,1.0292416894495413
1674,Draw industry,Keith Patton,1.0511400557470754,1.055922066020428,1.005028007536303,1.1386846381720235
1675,Consumer might,Keith Patton,0.9977616209403612,0.8908871428908731,0.955515496289389,1.149995530484389
1676,Likely produce,Keith Patton,1.0318903109418056,1.0290652945333247,1.070246296635835,0.9952014143091575
1677,Those,Keith Patton,0.8937911010364115,1.0023083286914853,0.8776576670014594,1.0187941344471165
1678,Move available,Keith Patton,1.0365141051495728,1.0752325283287631,0.9789212158778136,1.0329184787776802
1679,Then walk,Keith Patton,1.1124721088409926,0.940391690561946,1.1807558357235737,1.175035822053636
1680,Consumer,Keith Patton,0.9500813224553157,1.020339757625615,0.8663479854858385,1.0309169175211044
1681,Raise like,Keith Patton,1.1156770457034193,1.025582631183808,0.9313779551902378,1.0515865667612174
1682,Down check,Keith Patton,0.9125691021331166,1.00527957195019,0.9339859861307002,1.140138624377961
1683,Our find,Keith Patton,0.9913347919800047,0.9539666463859137,0.9457740102640135,1.3412435476821076
1684,Close must sea,Keith Patton,0.8750340188240924,1.1546356305823167,0.9497255661360798,0.9703026533286502
1685,Minute out,Keith Patton,1.0674403323361945,0.822574712874919,0.8459345225791546,1.0338177213614308
1686,Professor son,Keith Patton,0.9940577635880696,1.152993039707719,0.9186784805366621,0.9676335933865622
1687,Affect common,Keith Patton,1.020806588694839,0.9930500379014284,0.8283204854430795,1.2292512313289552
1688,Early,Keith Patton,0.9655872545978326,0.9450172621713662,1.0405687577764888,0.8950133019563804
1689,Until fine,Keith Patton,0.8985556468636291,1.0567310614480938,1.0396470732417866,0.8882785368725434
1690,Accept charge,Keith Patton,1.0901932214018613,1.1529825855777174,1.0571922237666702,0.9107467411160632
1691,Your,Keith Patton,1.1277305542268066,0.9373120950594009,1.0090772735786635,0.9361070645454714
1692,Summer night,Keith Patton,1.0179673852238789,1.259009770658532,1.0138791510829848,0.9574556079076548
1693,Defense half,Keith Patton,1.1470371811389222,0.937899868691062,1.0815545414460925,0.96453209718233
1694,The real,Keith Patton,1.058017881721064,1.0826839689020527,1.0501889813845753,1.0418429695877027
1695,Morning total,Keith Patton,0.9936094130835524,0.9765926585669802,1.1016724870196362,1.0586791826960618
1696,Fill name,Keith Patton,1.08488704908508,1.0524015316205055,1.1560356176433815,1.0537775135381964
1697,Good house,Keith Patton,0.8734982474109664,0.987467066364748,0.9012196623647138,0.8991375095257098
1698,But power,Keith Patton,1.015074635370881,1.0125925510723148,1.0504190533124453,0.9976375371161925
1699,Financial and,Keith Patton,0.9509604552866128,1.1232025200725315,0.8468837802673195,1.0883660069954817
1700,Character,Keith Patton,1.194121606526391,1.1462906346509565,1.0325941980153779,1.0288651022691082
1701,Somebody,Keith Patton,1.0298710757798166,1.111624556858817,1.0630901621112494,0.9095748793443451
1702,Lead,Keith Patton,1.061444473967823,0.9036290006861848,1.1470188990677852,1.0092717584705222
1703,Adult service,Keith Patton,1.0007107633823566,1.0897384270236203,1.0591437723486763,1.0002966743003838
1704,Cover industry,Keith Patton,1.2155401154532604,1.0649982720013131,0.9209502336150713,1.0558859359144204
1705,Civil whom,Keith Patton,1.085606242903325,1.099163385317835,1.0243663985525542,1.0696919291021665
1706,Discuss,Keith Patton,0.8244855776033945,1.116583301572175,1.0392665715055684,0.9830160211936508
1707,Glass red,Keith Patton,0.9622908880121024,0.985882477298911,0.8736490154853177,0.8544745689889781
1708,Every relate,Keith Patton,0.9175285560262533,1.1037360879382598,1.0880225065492402,1.1080822723205428
1709,Former,Keith Patton,0.8778048463032155,1.0391116594874232,1.1317567224321556,0.9394603216813684
1710,Collection,Keith Patton,1.043186561010952,0.9256026929167593,1.2093796364426044,1.021219303017525
1711,None describe,Keith Patton,0.8796623754489142,0.909084146690985,1.0400459492057454,0.857101740258843
1712,Box control,Keith Patton,1.2446621030133502,0.964817726677102,1.011137066731879,1.116113941778953
1713,Evening every,Keith Patton,1.0330835644818195,0.9385279414484153,1.012681611983427,1.085886233092704
1714,Identify grow,Keith Patton,0.9648458625548716,0.8231363953679156,0.957236658445697,1.0031400763722746
1715,Wind people,Keith Patton,0.9083048098461779,0.8316284506621476,1.144017876213187,0.9523873516734128
1716,Expert fire,Keith Patton,1.111295382737767,1.113837206758948,1.0689571698671685,0.919747546698293
1717,Join,Keith Patton,0.8410219599346397,1.0345232028810691,0.9014372033785233,0.9941610101076653
1718,Must out sea,Keith Patton,1.1490281608107489,0.9957737797502391,1.1503991896558092,1.1736676739292626
1719,Right concern,Keith Patton,0.97370755707271,1.049137487213414,0.9669191500948491,0.8732210590757186
1720,Treatment,Keith Patton,1.0397990049735413,0.9413413451962261,0.9382748988362106,1.1209598638518543
1721,Business bill,Keith Patton,1.1711681201399498,0.9326685832595416,0.971901314944643,1.003385588120018
1722,Look human,Keith Patton,0.7220286768947407,1.0547185307164084,1.1056860638196968,0.8950607530237473
1723,Performance,Keith Patton,0.9918109652866173,1.0077166489481855,1.0305897557688761,1.1047673557376811
1724,How must over,Keith Patton,1.0556257315757391,1.203436859214014,1.0099438237751395,0.8376111624060599
1725,Page soon bag,Keith Patton,1.0562908354523706,1.0571636068393744,0.9850871737733832,0.9051777325118558
1726,Cover leave,Keith Patton,1.0684762421820073,0.990609837118273,1.1441822385764178,0.8480878125324274
1727,Company view,Keith Patton,0.801175948975179,0.8993553444506605,1.031321676707692,0.8775262850779817
1728,Commercial,Keith Patton,0.938941801572309,1.0140582799257978,1.064432251509354,1.076901759624041
1729,Suddenly any,Keith Patton,1.0642279965113595,1.0034046757796562,0.9133500239125746,1.10545214127652
1730,Information,Keith Patton,0.9216464056849012,1.0625989741352155,1.145024398606887,0.8792465257892075
1731,Decision,Keith Patton,1.200139740646063,1.1787827586180675,0.9805794938491146,1.0142683504302703
1732,Body own,Keith Patton,0.9406028423208593,1.048865216800009,1.0564061483398912,0.9158583764603275
1733,Rate figure,Keith Patton,0.9597631393961679,0.9412813413615817,1.1521551334839897,1.0165901993850763
1734,Computer much,Keith Patton,0.9931881080004888,1.0653801479521643,0.8667078619364215,0.9786778840897924
1735,One go right,Keith Patton,0.9742303955751506,1.028891236939658,1.1893380872064832,1.056225683862533
1736,More probably,Keith Patton,0.9011125617905803,1.0566792187883836,1.043448212705123,1.1293978997642802
1737,Get range,Keith Patton,0.9769762265778712,1.0023452523427672,0.9558695979501948,1.14771046445532
1738,Short soldier,Keith Patton,0.7979552845100293,0.8656519290460114,1.06838422805977,1.0964119873729095
1739,Huge family,Keith Patton,0.942942665897256,0.9910602796198714,0.9967293929511515,1.0883859996669225
1740,Run certain,Keith Patton,1.0642379486979054,1.2179039776959717,1.0492454182533335,1.1640214480887714
1741,Dog nor nice,Keith Patton,0.9712845613976256,1.0641363969986146,0.920514397595924,0.8703984567975445
1742,Ahead evidence,Keith Patton,1.2583231812512847,1.2159457064923163,0.7508664801011122,0.794175964262028
1743,Authority,Keith Patton,0.9931452982234658,1.0658120610292685,1.1194198399293884,1.0359020040558027
1744,Personal prove,Keith Patton,0.9747228439675668,1.0228351519262764,1.1051563564644706,0.9002424875626678
1745,Always,Keith Patton,1.0202343348737342,0.8240865998117879,0.9782641220551851,0.9033511826314734
1746,Cut become,Keith Patton,0.9660629087790695,0.9653972969040727,1.11983314298024,0.9427626583066229
1747,Resource,Keith Patton,1.0151680707292334,1.0220333258153098,0.9886865849397789,1.1130147208085264
1748,Certainly live,Keith Patton,0.9721599098966887,1.029043661114213,0.8693674806468944,0.9475571857027394
1749,Idea join all,Keith Patton,0.9042524162274147,0.9073239048657885,0.8761578988260663,1.02183095080083
1750,Stock white,Keith Patton,1.071536599974755,0.8801768884319223,1.0352555409658577,1.10530913594278
1751,Such only send,Keith Patton,0.9312234858993673,0.8754430920308711,1.0776799006081013,1.147294508160264
1752,Put fine,Keith Patton,1.1108240324028231,0.9938899646808178,1.0054543948926333,1.2055115787027584
1753,Whatever,Keith Patton,1.1468373976013826,0.9744201446261715,1.1592151205148928,1.006843603101038
1754,Tax one sure,Keith Patton,1.0382402856828303,1.153853185366678,1.0155794011962513,1.2598545159552308
1755,Husband shake,Keith Patton,1.0216755372039648,0.9880792750893977,0.970446746859987,1.014023913087277
1756,Fast someone,Keith Patton,1.0491510345889064,1.0834142386016319,0.9332721460744332,1.0561397695859807
1757,Hard happen,Keith Patton,1.002153512239255,0.9795129279040529,0.9133992248297373,1.2497159397519944
1758,Send,Keith Patton,0.9405522669554134,1.1416458570782735,1.0494853736092649,1.0752722593903743
1759,Current help,Keith Patton,1.0040951010142634,1.0461971207643042,1.0429549177962292,1.096764645453859
1760,Body evidence,Keith Patton,1.0970615038181208,1.1437861444239514,1.1101281671329177,0.9978730442968874
1761,Goal alone oil,Keith Patton,1.0431968094869397,1.0451899409683527,1.0558106434762171,0.8533815037904907
1762,Mean shake now,Keith Patton,1.0893604063611533,1.0695299326130354,0.9717573904085087,1.0640259570316053
1763,Control top,Keith Patton,1.0402407185173383,0.9443467543267775,0.8870737922436662,1.1285543291994555
1764,Employee,Keith Patton,0.9829192395369033,1.018261640946206,1.0540189775886206,1.0957073631847838
1765,Play way money,Keith Patton,0.9605566434952794,1.0404155976480418,0.8927339333298816,1.0811815560128546
1766,Culture decade,Keith Patton,1.1333755687187788,1.0238985353053944,0.8498846945053296,0.9996794281197975
1767,Threat others,Keith Patton,1.063366965055883,0.9698055182009933,1.044638719954994,0.9734157139186448
1768,Personal,Keith Patton,0.9480720168873439,1.1499317258681825,0.8941942589401907,0.9520274747029941
1769,Free case wide,Keith Patton,0.9832211473240681,0.8597261413655308,0.7951920778664311,1.0590124019567178
1770,Probably,Keith Patton,0.9959491159153518,0.9645371546684284,1.0716357816706175,0.6811150764069462
1771,Picture size,Keith Patton,1.1498372369748302,0.9303832864359833,1.1014038217592286,1.1941727460004583
1772,Improve remain,Keith Patton,1.0990970267528404,1.0949395884804365,0.8780196591790453,0.8535340188250694
1773,None shake,Keith Patton,1.0673365818124707,0.999319542920467,0.8089731828461488,1.0523052192797124
1774,Most prepare,Keith Patton,1.1513264045470675,0.9679537420533811,0.9109819292320007,1.0642658803189087
1775,Think young,Keith Patton,0.7822015600835971,1.1290995330318,0.9550255527918222,0.9617660751626792
1776,Article again,Keith Patton,1.2290003485035514,1.0046885312767482,0.9534127937255382,1.0291057828213495
1777,Result artist,Keith Patton,0.846348679386793,1.0533659482102347,0.979176726306729,0.9040113828043784
1778,Economy,Keith Patton,0.8947667972955846,0.843784054529257,0.8800675284898452,1.0151840638710046
1779,His whose,Keith Patton,1.174092950952586,1.181748350247012,0.969097154355879,1.0423466108535107
1780,Front big,Keith Patton,1.1366581560650515,0.7383458405243808,0.8582402809174108,1.1310287185644432
1781,Option pay,Keith Patton,0.9497731759062328,1.1005322458140936,1.0741404482349546,0.9544353723550658
1782,Still should,Keith Patton,0.9508403021512413,0.9559660533591003,0.9218650498698957,0.7701184404581095
1783,Onto set,Keith Patton,0.9847322009260908,1.2007076310363534,1.005831774921531,1.2326078348443166
1784,Picture large,Keith Patton,0.8803940895350263,0.8917635331187871,1.015653124554965,1.1015879990366206
1785,Remember drive,Keith Patton,1.1848525606178402,0.9257058494901589,0.9889366713578361,0.828495866283492
1786,Kid place give,Keith Patton,1.1550939205717536,1.1150003211102195,0.9760571068577518,0.9631475496351982
1787,Edge authority,Keith Patton,0.9835870025126999,1.1399960532434856,0.8466403188238807,0.9136868544452165
1788,Table worker,Keith Patton,0.8969098420454816,1.0558898860020869,0.952304861267259,1.0595392800883876
1789,Any edge right,Keith Patton,0.9660557940220721,1.0055648821616496,1.0453815941129943,1.079965825163206
1790,Control,Keith Patton,0.8264435908637273,1.0305593463508318,1.0680532692805564,0.9266987532927746
1791,Subject seven,Keith Patton,0.8787819615705742,1.2343528694779018,1.2546246250784157,0.9171736751745472
1792,Police sense,Keith Patton,1.108711710864802,0.8995316996108491,1.2274387204421422,1.0020006484778061
1793,Within go,Keith Patton,1.0992432454586263,0.872026141146287,0.9496418476674637,0.859797116943298
1794,Memory,Keith Patton,1.0448930965204875,0.9598879760041087,1.0607366238832872,0.9021831792958324
1795,Whatever drive,Keith Patton,0.9457217060570425,1.046259181571619,0.9445264807288526,0.9851300212681867
1796,She floor,Keith Patton,1.0583557414185418,1.001818297992881,0.9059735241029298,0.9777659064671986
1797,TV suggest,Keith Patton,0.860403722745175,1.039953697419545,1.027849896789962,0.9517085177337252
1798,Between,Keith Patton,0.9450187262179683,1.0069745240485053,0.9233735727350694,1.1194881504591887
1799,Wife person,Keith Patton,1.1534098406871447,1.0336405983353056,0.998151456022058,0.8655868321805148
1800,Result get,Billy Kelly,0.8364843153312288,0.9154628039535253,1.0602804924890998,1.1147435923326148
1801,Summer base,Billy Kelly,1.0050063695451301,1.016951624995643,1.0081851544562093,0.989698608872639
1802,Add itself,Billy Kelly,0.8972996991607994,0.9319965056988375,1.1153390336023943,1.0483782703012814
1803,Fish,Billy Kelly,1.2368649295144323,1.0131910368630435,1.0221725183237662,1.2056830190979615
1804,Own medical,Billy Kelly,1.0198689149468838,0.9686989454996564,1.0579964273628033,1.05902479433656
1805,Answer,Billy Kelly,0.9608680485067412,1.0492672212414098,1.0883434649652581,0.927026937145745
1806,Defense,Billy Kelly,1.2074570316366005,0.8902985179415464,0.9210410054655784,1.078460265294678
1807,Impact,Billy Kelly,1.029372466223404,0.9484642524650785,0.9284948224766808,1.0684078850222245
1808,Order almost,Billy Kelly,1.209599911628775,1.1367460348168132,1.054037966370422,1.1630852615870468
1809,Want until,Billy Kelly,0.9910052471655026,1.0815272541522882,0.962227588076074,0.9014012139936368
1810,Enter maybe,Billy Kelly,1.0865985632953323,1.102988828024798,1.0217621108700552,1.1109099228191799
1811,Material once,Billy Kelly,0.9573293845757808,0.8871360327876225,1.017404822017884,0.9130310234104307
1812,Language,Billy Kelly,0.947854515711484,1.2357555542735474,0.9798090466773582,0.9459404776223614
1813,Quality fight,Billy Kelly,1.056507662621358,1.0073661186800975,0.9489026419448401,1.0635702389770803
1814,Exist under as,Billy Kelly,1.0295632834907138,1.0284695151609642,1.0059316811752628,1.0636243593796402
1815,Behavior three,Billy Kelly,0.9820477832914005,1.0127398005260073,0.8751581022167999,1.1387094874282382
1816,Better whom,Billy Kelly,0.8518413485171712,1.2070929549385006,1.0462200523509688,1.06072943171133
1817,Myself several,Billy Kelly,0.9636041519667974,1.1216945167495262,1.2886834894290644,1.0508326462119488
1818,Front recently,Billy Kelly,1.0140775005210656,0.8513845000981779,0.9569343101331144,1.1009163160661748
1819,Hand pretty,Billy Kelly,0.8731698001514201,0.8438447917932101,0.9482135933331508,0.976173652576023
1820,About personal,Billy Kelly,0.9510662824083482,1.264536532320343,0.9541866125928271,1.0105074233971296
1821,International,Billy Kelly,1.0807058210763911,0.9424854932248439,0.8422694591631832,1.081628814935171
1822,Pull anything,Billy Kelly,0.8447673643964111,0.992000387795049,1.0848807131496268,1.1110268741550253
1823,Agreement sea,Billy Kelly,1.1276751577915158,0.8280975626762019,1.0041853014143867,1.1859330305640936
1824,Capital hotel,Billy Kelly,1.096510703750595,1.0906601754553686,1.0602210286183626,0.9273058389004118
1825,Seem it most,Billy Kelly,1.0087908204271794,1.0151156103145749,1.108713042202095,0.8284861619390427
1826,Stuff family,Billy Kelly,1.044322628099546,1.0666138967875942,0.9999535802238912,0.9671494908747144
1827,Rich anything,Billy Kelly,0.9262346023005675,1.1587335583923788,0.9418246344642404,0.9613139359253627
1828,Senior degree,Billy Kelly,0.8222054678448799,1.084231988946621,0.9161358221695717,1.0530430886193984
1829,Successful,Billy Kelly,0.7697728353645122,1.0918696539577424,1.0139338286860435,1.2170999909302505
1830,Be mean itself,Billy Kelly,0.9178020823261406,0.9941198239855898,1.0407310693924843,1.0567069234173332
1831,Result add,Billy Kelly,1.0191585522153712,1.1136981315218595,1.177845643678681,1.0162083913679136
1832,Marriage grow,Billy Kelly,0.8380427808517241,0.9848066905807578,1.0209300568629502,0.8748973888004967
1833,Response job,Billy Kelly,1.09473383436121,0.9928706173222129,1.1405795006801487,1.0157390574106948
1834,Car ask,Billy Kelly,0.9440852226887213,1.2280329223801727,0.9909910057095948,1.074831313456866
1835,Wish front,Billy Kelly,1.0865086910187858,1.1152264215946257,0.7372942360262136,1.1686947519929558
1836,Attack,Billy Kelly,1.1606638460526328,0.8886362973716813,1.0912090463889228,0.9464181398918357
1837,Single,Billy Kelly,0.9210194191322093,1.0558341744841275,1.224890073250692,0.8855003169219202
1838,From education,Billy Kelly,0.992880592904107,0.9007272231267258,0.8467383896583236,0.8476175872095143
1839,Focus real in,Billy Kelly,1.060877111904486,0.9499139521507324,1.012481683754448,1.1271979530060348
1840,Skill ok home,Billy Kelly,0.9855899578854355,0.924683691946272,1.019244156931458,1.063367921764584
1841,Risk,Billy Kelly,1.0485021101943586,0.9511610613751358,0.9779640434628196,0.8487584891928043
1842,Left able,Billy Kelly,1.0998337180007256,1.0754012066717278,0.8872656817170628,1.0386654508413544
1843,Yourself past,Billy Kelly,0.9379208896795385,1.0924137259409377,0.8181455422186295,0.9500768229126557
1844,Idea drive,Billy Kelly,0.9667191406988567,1.0082922916597306,1.0620682692117904,0.8693673914830865
1845,Public,Billy Kelly,1.0514777216685653,1.0312997022136454,1.0118667726355577,1.0001685646298966
1846,Many indeed,Billy Kelly,0.8618008041232573,1.0166540455107027,0.8345711890781657,1.2191300701268477
1847,Focus customer,Billy Kelly,0.9391520459132934,1.3008068853794856,1.0065968912562393,0.9803193244082129
1848,Blood season,Billy Kelly,1.0409090012420916,1.1402856666693035,1.0039458698096535,0.973152089747591
1849,Everyone,Billy Kelly,1.0216850841755067,1.2283800505639375,0.9274381723779388,1.0182302503545204
1850,Smile although,Billy Kelly,0.8753479392973066,1.0705727364968791,0.8403783374463764,0.9542989067380249
1851,Until body day,Billy Kelly,1.0154160313609493,0.900997097825462,0.9451537239733764,1.119590111695917
1852,Money everyone,Billy Kelly,1.0898623085425863,1.019062624016707,0.9077778579658095,1.1040587274206617
1853,Become pull,Billy Kelly,1.262404492921815,0.9867995051938194,0.8673752717150636,0.9809095193769687
1854,Senior short,Billy Kelly,1.036533830389347,0.8739540250347779,1.0133873877778823,1.1016449490744222
1855,Group discover,Billy Kelly,1.0449293920731055,1.2234053023346019,0.9582027184178068,1.2817181625209186
1856,Our if lead,Billy Kelly,1.0415255579173666,0.9211755025950088,0.9460967886333304,1.0785412523207634
1857,National serve,Billy Kelly,0.9910078993947915,1.0697391141504828,1.0029408568770897,0.9164282007477382
1858,Type strong,Billy Kelly,1.1832114346357931,1.0864618211340127,1.2175368146737087,1.0728350484808393
1859,Defense those,Billy Kelly,1.1200629269426032,0.7169680557461975,1.1083302491838452,0.9488611687774667
1860,Expect year,Billy Kelly,1.007531560954613,1.0492286062386793,1.0174590296355206,0.8974267840056415
1861,Win factor,Billy Kelly,0.9427829946511702,1.1563362854170007,1.1505441992254464,1.1290451366753784
1862,Beat reality,Billy Kelly,0.9809252419440586,0.8237604301362828,1.0638721814363792,0.9268398800541311
1863,Mind voice,Billy Kelly,1.1142844200895372,1.2393289354653545,0.7850959686803943,0.9049640628374659
1864,Significant,Billy Kelly,1.1964643687775829,0.8756670648984591,0.9254320269611319,1.2071698093843288
1865,Parent south,Billy Kelly,1.0904878508412168,1.2223106937901924,0.8758352215245384,1.0319795536772258
1866,Huge night,Billy Kelly,0.9682360410465065,1.0048183198039873,1.111169287860415,1.0427389646930165
1867,Two animal,Billy Kelly,1.0373094983384126,0.9797288595473748,0.8456414075985412,0.9637439959556279
1868,Serve hard,Billy Kelly,1.0090098875350124,1.0984367023228674,0.9186110587852321,0.7922420588395955
1869,Success speak,Billy Kelly,0.8989380103905017,1.1193987479571192,1.086132363201825,1.0780555889487093
1870,End training,Billy Kelly,1.000461279820132,0.9961018133076367,1.011241112691064,1.1512220382752603
1871,Tend pay,Billy Kelly,0.9441234087559842,1.0909453734675236,1.0765946509996411,1.051078667012659
1872,Marriage dog,Billy Kelly,0.908437491515002,0.9500329800249607,0.9408733567589951,0.8760035637425669
1873,Impact occur,Billy Kelly,0.9998793113356029,0.8778018025334429,0.997567657823679,1.2001920106671347
1874,Beyond small,Billy Kelly,0.9645242403645667,0.8963861557131052,1.0330610343686575,0.9810046173341435
1875,Whatever,Billy Kelly,1.0303372698938285,0.9367073100605462,1.0722680144169658,0.9316669468389606
1876,By run class,Billy Kelly,0.9634049877465498,0.9313952749016647,1.0030665951390307,1.1112151086002415
1877,Would should,Billy Kelly,0.9992734404194695,0.9845198420783845,1.197238470988331,1.05418997274955
1878,Author decade,Billy Kelly,1.0851455221293886,1.108967951347345,1.0071202957041676,1.1317444846498765
1879,Should garden,Billy Kelly,0.9209479867515816,1.0417606415603917,0.9713537049911907,0.9677024956422766
1880,Street indeed,Billy Kelly,1.1067515933609935,0.8106707975087275,1.1214075022185532,1.0152197738681388
1881,Sell seat,Billy Kelly,1.0669327954345844,0.8920301603857762,1.0769826429529779,0.9133160913307595
1882,Natural wide,Billy Kelly,1.0415427738733418,0.9116820693321859,0.925983235377326,0.8853163680579601
1883,Stock every,Billy Kelly,1.1800959150251198,1.0665335792795814,1.1393141082525122,1.0414346654872193
1884,There choice,Billy Kelly,1.0050005767269041,0.9181283865585561,0.973823466530968,0.8804971402504183
1885,Me believe top,Billy Kelly,1.036686334118973,1.0815534782476373,0.9095847619344395,0.8813149061099668
1886,Democratic,Billy Kelly,0.9538971201307591,0.8838293541444053,0.8394507001883568,0.9187201475483373
1887,Group energy,Billy Kelly,0.8793922740350703,0.9855374743851338,0.8832429890396631,1.1401574148706082
1888,Few speech,Billy Kelly,1.1889979661716819,1.344094390106908,1.2425627951390101,1.1146386085185713
1889,Record on,Billy Kelly,0.9757095161807725,0.8220636416139794,1.0654874842124544,1.0045228820070977
1890,Soon indicate,Billy Kelly,0.8802484565022254,1.17419823713337,1.0215417976607244,1.014916641885054
1891,Bad benefit,Billy Kelly,0.9516519199002967,0.8939144578344866,0.9849349723059313,1.0871593236453307
1892,Above food,Billy Kelly,1.005015586968107,1.0255258830999714,1.1262092889905926,1.000883623758647
1893,Blue close,Billy Kelly,0.9412896455028148,0.965075755333047,1.062259276635502,0.9862685502004298
1894,Final their,Billy Kelly,0.9518306316921094,0.9561906392468993,1.0852417573344575,0.8908465644497106
1895,Congress seek,Billy Kelly,0.724395106253692,0.8924711950204061,0.9824351223137765,0.981441963139162
1896,Mouth cup,Billy Kelly,0.7807840699868529,1.1132265767999887,0.7821330540090721,1.0445642918425313
1897,Foreign cause,Billy Kelly,1.0207427957229218,0.936756544765364,0.857006849885115,1.0409481635872988
1898,Job argue,Billy Kelly,1.1340707891376014,0.873836075245537,0.8217584572277552,1.0306733113718223
1899,Myself follow,Billy Kelly,1.055773008562146,0.9481144918266833,1.0374275138831688,0.9959641233321097
1900,But garden,Billy Kelly,0.9080587867253821,1.0190046037949496,0.9965066642204335,1.132799627189762
1901,National ahead,Billy Kelly,1.071000722139177,0.9977597905611489,1.0383130180111175,0.9198448140748228
1902,Rate rather,Billy Kelly,1.0253910380365328,1.0719351005316637,1.0290772343882661,1.1096306492195052
1903,He tax dinner,Billy Kelly,0.8488022025364872,1.115616991420072,0.8294942444034811,0.8411528021987986
1904,Skill none,Billy Kelly,0.9891553291703283,0.9608736183820733,0.9388025467388494,1.1540474799503793
1905,Trouble half,Billy Kelly,1.0624201982927766,0.8873046644018195,0.9631428418798312,1.064189708558515
1906,Probably,Billy Kelly,0.92158346711932,1.0328768527230703,1.239541400076915,1.1352151952769227
1907,Night buy,Billy Kelly,1.024889556591056,1.0663960902477798,0.8917293972896574,1.0999405307463617
1908,Response,Billy Kelly,1.0990137018377664,1.007135525261688,0.8778708118497125,1.1140470192089222
1909,Majority,Billy Kelly,0.8598000999920254,1.075226845266064,0.9627265042165281,1.0345512292371748
1910,Full later,Billy Kelly,1.0750353351284365,0.9981510595324382,0.9047970805757705,1.1355697212255802
1911,Current rich,Billy Kelly,1.014352449926454,1.1827354517019075,0.9389001582511678,0.9718773177061616
1912,Sit tough ever,Billy Kelly,0.9892974714024486,1.1166552209639713,0.9005356182031932,0.9255814384057935
1913,Each draw,Billy Kelly,0.9995588023963674,0.8063368496611408,0.9259038699956118,1.094093321672468
1914,Site later,Billy Kelly,1.0291648879814448,0.812030468659693,1.134175355836541,0.976774462395983
1915,Attention,Billy Kelly,1.0764675364089011,0.8683032735436019,1.0829814081755402,0.9557492534696087
1916,Popular,Billy Kelly,0.9349544723531356,1.056058908289162,1.0089805056589167,0.9523304879440109
1917,Fly to size,Billy Kelly,0.9546458041165276,0.9547743254708193,1.0969003250713791,1.038447443718406
1918,See all,Billy Kelly,0.899810292530692,1.1108412531461391,1.1275548208849395,0.9223145209241664
1919,Still effort,Billy Kelly,1.1220396509307289,0.9003913638078591,0.9104719852853516,1.048496663003839
1920,Some important,Billy Kelly,0.770955580237197,0.9632573820982736,1.0761442077534733,1.0022404636394031
1921,Ball fly,Billy Kelly,1.0834821008457378,1.1270071066059089,0.9473040001082957,0.9801720376493624
1922,Newspaper,Billy Kelly,1.043818883809149,0.8861734527972278,1.0227138356015488,0.932853958051099
1923,For executive,Billy Kelly,0.9184743599455457,1.1414133929970116,0.9936475352668488,1.0126132127353766
1924,Series tell,Billy Kelly,0.9123959164604923,1.0057544714185067,1.2880578125779367,0.9141916378881443
1925,Past Mrs,Billy Kelly,1.0324543762946559,1.0276781465556963,1.1245009415417049,1.1094173092039634
1926,One against,Billy Kelly,1.0031885758926962,1.0557951713456752,0.9799338698925666,1.2073755875660406
1927,Nation husband,Billy Kelly,1.098388735514257,1.0759715493120234,0.9960176747152728,1.0604169153841052
1928,Win protect,Billy Kelly,1.096599556181946,0.9512283658749848,1.0843125885293612,0.8022291310638654
1929,Themselves,Billy Kelly,0.9728282613614493,1.0699868498662386,0.9735722940248253,0.9052610949079837
1930,Cause dark,Billy Kelly,1.163649687875135,0.9488363116116416,0.9796793697329843,0.9989038274559707
1931,Risk story say,Billy Kelly,0.9225408553273798,1.1245880542210458,1.0814758452169886,0.8784687946086834
1932,Nor set,Billy Kelly,0.980094423268733,1.1211652730700656,1.0894399385318234,0.9692162808556503
1933,Same to could,Billy Kelly,1.0413167668676755,0.9974157848097449,0.9264267508289068,0.9745500619251477
1934,Look,Billy Kelly,1.0887758015465998,1.0080780144106438,0.9852040277945511,1.1396151712050229
1935,Measure,Billy Kelly,0.8648427035122335,0.8712948579264037,0.8768534147092877,1.0388355155871263
1936,Use without,Billy Kelly,0.9996486817049628,0.9888492788308278,0.9933695135686397,0.8687204243421845
1937,City last,Billy Kelly,1.2096034274205825,1.125162227436104,0.8976305723398683,1.0280268417001739
1938,Both plan some,Billy Kelly,1.1510861887634791,1.0315436478150748,0.8996094962966096,1.075090152970725
1939,Myself total,Billy Kelly,1.0549175578628218,1.1868159583269056,0.9834877211140706,0.8908999267577531
1940,Impact when,Billy Kelly,1.0097915229434504,0.8811167358005983,1.0371753164684112,0.9768321100913452
1941,Hospital hand,Billy Kelly,0.9075884176541387,1.026706527286961,0.9709161750278179,1.128082732867722
1942,Nothing,Billy Kelly,0.9832877404143501,1.2017405397319785,1.1263865998383515,1.0039125199010934
1943,Success many,Billy Kelly,0.9578765050681152,0.9929134809369079,1.091327951378591,0.93569508221357
1944,Per sit role,Billy Kelly,1.0945273447966923,1.1142576828935489,1.150178157756342,0.95015138563959
1945,Seek miss on,Billy Kelly,1.1349100784911779,0.8973573763409237,1.0099192584702665,0.9652310279148953
1946,Threat black,Billy Kelly,1.1206249867782987,0.9848348618296127,0.8746718223171555,1.0992381653418326
1947,Investment,Billy Kelly,1.0915924994457602,0.9569912764582105,0.9563578585395471,0.9641999157413441
1948,House vote,Billy Kelly,0.8956744149955577,0.8620168370445098,0.9692793894148704,1.0463894740121586
1949,Near police,Billy Kelly,1.0756999498715372,0.9995039025165917,1.1330564110963306,0.9315882090143787
1950,Head begin,Billy Giles,0.9550018591136229,0.9918126719531912,0.8148979044498734,0.8900938672213689
1951,Necessary,Billy Giles,0.9442529229780305,1.0302123389400224,0.9995147137255392,1.230950603498419
1952,Continue,Billy Giles,1.163735676259856,1.0487185070727638,0.9551172807106918,1.0289269301115749
1953,Box suggest,Billy Giles,1.0016302204867553,0.9018174665552936,1.1097020092280616,0.8491856544068135
1954,Kid explain,Billy Giles,0.8903386803364496,0.8540207845957285,0.9886559192794884,1.0125391550651421
1955,One kind,Billy Giles,1.0155838510246809,1.010354955014839,0.9667391953797125,1.025351218395374
1956,People job,Billy Giles,0.9486126700787333,0.9291338723919117,1.0296962286162474,0.9130498319618043
1957,Point page,Billy Giles,1.2731031417356435,1.0334261632291668,0.9699267938678283,1.0686743792987108
1958,Six business,Billy Giles,0.9421769843496246,0.8921338359908126,1.0151432323360006,0.9599647104900434
1959,Bed better,Billy Giles,1.078878936082669,1.0412517013050975,0.9977097263041595,0.8612091029079115
1960,Top up kind,Billy Giles,1.0452666519419709,0.958187616647649,0.9512326386112058,1.0531615931263112
1961,Better style,Billy Giles,0.9514554396840135,0.896854330714564,0.8864680258828366,1.0557075421624802
1962,Policy clear,Billy Giles,0.9924268446353912,1.056961985311071,0.9827104338835313,1.047519379016533
1963,Send yard wall,Billy Giles,1.012711052293498,0.8873114801847517,1.0470731427383626,0.9154550694627711
1964,Write I year,Billy Giles,1.0361343664650393,1.033357780513373,0.8856268379853486,0.9803497880850311
1965,Themselves,Billy Giles,1.044841952645022,1.1997863197639058,1.0730643764705945,0.8266099887488623
1966,I base may,Billy Giles,0.9554884979345596,0.9729240650526935,1.0068960159465663,0.8490820501984849
1967,Trial,Billy Giles,0.9115897568239467,0.9177137313929734,0.9136656021995068,1.0608059760135182
1968,Say five step,Billy Giles,0.7942112393213092,1.009310236619161,0.998996058173056,0.9380935034929689
1969,Present only,Billy Giles,0.8051794929914977,0.7777804502719603,1.0656956044058497,0.9139675543275788
1970,Gas more short,Billy Giles,0.9412030905440503,1.0852631179940144,1.0866865422596304,0.9085990102915136
1971,Painting,Billy Giles,0.9517968799336453,1.0910514722910585,1.0810121673572453,0.9666010077640574
1972,Fish full,Billy Giles,0.7489415724514703,0.9900901220480769,0.9674122519400816,0.961365731685674
1973,Toward work,Billy Giles,1.0496247827945488,0.9296832660940083,1.1289849750270156,0.8407908523245069
1974,Thousand,Billy Giles,0.9882705803428558,1.0172187032933007,0.8954991065172531,0.9534715775389084
1975,Door travel,Billy Giles,0.889616062450231,0.9041600920810667,0.859762988291749,1.002866248950744
1976,Writer,Billy Giles,0.949908410327533,1.063619742476287,1.1386997146057316,1.0948747362634639
1977,Available,Billy Giles,1.1325595700617301,0.9582296862631605,1.0256737050693756,1.0822226862583657
1978,They rock,Billy Giles,1.1190519960035556,0.9248386565967415,1.223300542161208,1.2546808747641873
1979,Single adult,Billy Giles,0.9141295159725791,1.0256572626573248,0.8627285776245527,1.0843129634637525
1980,Citizen visit,Billy Giles,1.0343902220679975,1.11853356291531,1.0080730273798661,1.1045900695621043
1981,Goal together,Billy Giles,1.0004399675746627,0.9885714562968427,1.009884550123756,1.0923842202308411
1982,West away,Billy Giles,0.9800967907932728,1.0404295272659636,0.8504282380539986,0.9186608928118363
1983,Painting,Billy Giles,1.1254740003984105,0.900096325878867,0.8788732101445194,0.7566908760906118
1984,Knowledge we a,Billy Giles,0.8860829195450103,0.8040863353667007,1.0956818072499173,0.8485623917011145
1985,Minute decide,Billy Giles,1.0830143291416647,1.1075795715525565,1.1835272898235907,1.0096411607680271
1986,Also firm,Billy Giles,1.0046334208443992,1.1858490070080503,0.9452801360891199,0.8793543340723291
1987,Only clearly,Billy Giles,0.9696911701431081,0.9189607804736877,0.9001940323501901,1.1608285000335063
1988,Authority,Billy Giles,1.055218006649572,1.0075272956301211,1.0337751130398682,0.9859997911643336
1989,Tell fact food,Billy Giles,1.0232195902926082,1.0312825812945274,1.0638256194713653,0.958295321667953
1990,Any relate,Billy Giles,1.1551307244871185,0.9546830572160414,0.9163440245104182,1.0424819630163096
1991,Ask include,Billy Giles,0.8337665187334721,0.892181654202001,0.9360839241339107,0.8818748447348654
1992,Pass offer,Billy Giles,0.958132753345914,1.0548841656948222,0.7900202339824763,0.8822183691077294
1993,Least ability,Billy Giles,0.8819575990313985,1.1251094027916493,1.0410983118875157,1.0330029514910564
1994,Decade note,Billy Giles,1.0528986709917703,1.0672758338829362,1.0182636552111237,1.1479338034427575
1995,Particular,Billy Giles,0.9375008267684213,1.0914984058880213,0.9997328683983445,0.9709361114875531
1996,Remember,Billy Giles,1.0257896653215177,1.1436573569059045,1.072579838300395,0.944728656106171
1997,Require view,Billy Giles,0.7902502849255345,1.0725418167153464,0.977031714472665,1.1606642178868787
1998,Total PM,Billy Giles,0.9084118226683179,0.9740055490312409,0.9594240812483904,0.9482450352867726
1999,Magazine war,Billy Giles,1.118693616383963,1.0071613278376026,0.958339906501637,1.033995566692228
2000,Respond much,Billy Giles,1.0080647579191442,1.1035713827607125,0.9249995839896532,1.0065604493121454
2001,Evening south,Billy Giles,0.9812935296805215,1.0406416129299896,1.0380281586185494,0.9647752056942209
2002,New dream car,Billy Giles,1.142160839191138,1.002626228779774,0.9896123479842643,1.1912669457953977
2003,Forget speak,Billy Giles,0.8945955228106544,0.8710389363653385,1.097868196568114,0.9681471771159875
2004,Power expect,Billy Giles,1.1567239911116391,1.121721781913861,1.0345378710237494,1.0705352162947346
2005,Mouth nearly,Billy Giles,1.0377740895443444,1.0313119544749556,0.9574942969936,1.1205640508819597
2006,View see pass,Billy Giles,0.8988503581770428,1.021661609295987,0.9611499783426152,0.9794641007970903
2007,Prepare push,Billy Giles,1.0330874551908218,1.1544780139365798,0.9769111058971467,0.8586363137800409
2008,Son walk,Billy Giles,1.1436471070487584,1.158347605312644,0.9273854666027844,0.8944617625392519
2009,Open medical,Billy Giles,1.0885007173629553,1.09280865783535,0.934812435205138,0.7887078822020889
2010,Side ten,Billy Giles,1.1408262006676348,1.0307255926168846,1.0999978411113776,0.9654876867967811
2011,West down,Billy Giles,0.9525431346766311,0.9169464695534981,0.9943785715390431,1.0975968300401469
2012,Production,Billy Giles,0.8959359072696389,1.0526098437026157,1.0537130792997191,1.0141527524413463
2013,Anything,Billy Giles,1.0570001221547956,0.8754052327554642,0.9354020367285182,0.9185361729702062
2014,Around,Billy Giles,0.8728437607419185,1.1396730844362908,1.085401021556211,0.9312126668588662
2015,Power enjoy,Billy Giles,1.0686417297756996,0.8979428115096976,0.9272290287110057,1.042216091491256
2016,Quickly full,Billy Giles,1.0073227577115371,0.9373740608355312,1.1380559400019847,0.8476370488677499
2017,My consider,Billy Giles,0.9700700116348048,0.9461423017775378,0.9162107127898351,1.1151644104263791
2018,Season dinner,Billy Giles,0.8882136284355333,1.0422961085267426,1.0957564199589893,1.1402775722504166
2019,Surface place,Billy Giles,1.0833268554210378,1.0566211216643302,0.9041378725723619,0.8491270923051674
2020,These,Billy Giles,0.9745552313506664,0.9519307398465922,0.9728048839290722,0.8598229854816375
2021,Pay office,Billy Giles,0.8841724949210579,1.0772803944711717,0.7910162783441674,0.9893097055643729
2022,Account data,Billy Giles,0.8313815011224573,0.7910294657003749,1.0502691748970774,1.0221300040604513
2023,Let in walk,Billy Giles,1.0508798212787918,1.0104782787641708,1.0782227144845868,1.1562633490740066
2024,Few seat role,Billy Giles,1.131875539171333,0.9752160237147387,0.8300467150096192,1.0154956865289335
2025,House last,Billy Giles,0.9196424728207832,0.9924430698230613,0.9148579375127036,0.9742441350814193
2026,Argue long,Billy Giles,1.0457402040679173,0.9794003394081817,0.9406660069308339,0.7786138958822137
2027,Change wife,Billy Giles,1.03890106046778,0.8563500574391647,0.8424771508000539,1.019633212282285
2028,Dog also close,Billy Giles,0.9666953017727637,1.1375409193625656,1.0050425518765562,0.9275816106995463
2029,Bit on manage,Billy Giles,0.9783021107994645,0.998282810418113,0.9888869125705502,1.0374430662848344
2030,Lot staff,Billy Giles,1.0978681408616326,0.9360537875838217,0.9221451395925957,0.9723273635011005
2031,Safe sound,Billy Giles,1.1640903983043924,1.0268074882034923,1.084898505837045,0.9258417063982133
2032,Hard minute,Billy Giles,1.0357965645297544,0.9587265874414344,1.0032222763614695,0.9900362146405193
2033,Within prepare,Billy Giles,1.0310930945435346,0.9014939100364805,0.9821805383379894,1.081323578508041
2034,High another,Billy Giles,0.7911655176532197,1.0311312191663837,1.0233807301202458,1.2170736582955788
2035,Grow upon,Billy Giles,1.0117187097600986,0.888937000148484,1.0258099693555915,1.1332952706943615
2036,Beautiful,Billy Giles,0.9717758897997792,0.9873551620505812,1.1163501132082827,1.003515840006285
2037,Raise,Billy Giles,1.0681824232433326,0.9720652902132771,1.0562212849620063,1.0291288336779378
2038,Again report,Billy Giles,1.0526032153503477,1.0130467209261833,0.839853713952019,1.0619777472899221
2039,Budget brother,Billy Giles,0.9999283890813921,1.108854561968875,1.0460867642926297,1.0570628920003668
2040,Upon company,Billy Giles,1.1721606848599169,1.169234579450514,1.0373398433235934,0.7955307002947043
2041,For so girl,Billy Giles,1.0287870382605389,1.1017093534823124,1.2114587119683458,0.8703878269162032
2042,Least message,Billy Giles,1.0857943964876622,0.9807541504371897,0.9519965622280093,0.9369353360063137
2043,Yourself,Billy Giles,1.0334035495681666,1.0256804492674532,1.004910334316591,0.934310270981271
2044,Former person,Billy Giles,1.0417122340478917,0.8938042719853221,1.081787117765188,0.9469405076642753
2045,Final politics,Billy Giles,1.0330912097938676,0.9895104763750856,1.0325501481499855,0.979475662654855
2046,Full Mr,Billy Giles,0.9989000483926416,0.8614677625389942,1.0185341330207798,0.7078479523145587
2047,Feel position,Billy Giles,1.0234784879745527,0.9329164263527904,0.8935987623471391,0.7583857350388019
2048,Performance,Billy Giles,0.9051336551934264,1.0619797260017527,0.9644192411877046,0.9700443033436896
2049,Go crime race,Billy Giles,1.2266316847182366,0.7149138036593135,0.9547428005146602,0.9836052533265067
2050,Wait financial,Billy Giles,0.8854714101014645,1.0277769916727726,1.0602128241890234,1.0211068336446283
2051,Pretty blood,Billy Giles,1.162866982204629,0.9583908044788336,0.9811160005141573,0.9476860176347529
2052,City get,Billy Giles,0.9535334561344575,1.1988533777287769,0.9827699427954425,1.0072817312332745
2053,First radio,Billy Giles,1.0021190990067763,1.0407400877741426,1.0610775726489983,1.1169677768593635
2054,Culture minute,Billy Giles,0.9525468302050557,1.1363252039246863,1.0363253362444471,0.89631301634296
2055,Else identify,Billy Giles,1.0504842866134776,1.0149856192767304,1.0647349371448558,0.9499412759770056
2056,Former focus,Billy Giles,0.9780413531309485,1.0688378373105858,0.9905385652173692,1.1318227115962072
2057,Chance throw,Billy Giles,0.9563101288600759,1.2128594954079264,0.9687839438803962,1.1575392890744516
2058,Window you,Billy Giles,1.0395593102458995,1.0429079180725367,1.0071462919967658,1.141309591849008
2059,Budget country,Billy Giles,0.9420366898494559,1.1516131005148997,0.9214742874806517,1.1023257216658466
2060,Production,Billy Giles,1.0473199688563728,0.9925371749942858,0.9688178143275192,1.1549228423010673
2061,Those customer,Billy Giles,1.0000642158118018,0.9209180579506998,1.1154756479518337,0.9755896137742289
2062,After entire,Billy Giles,1.0125401692690295,0.9437557319188559,0.9811609684854601,0.9005912605842801
2063,Suggest amount,Billy Giles,0.949703414531192,1.0426867159245194,1.0313770768264923,1.0313619158045242
2064,Life word same,Billy Giles,0.9318430841013038,1.0035891039260973,0.9796887315854417,0.8912310060682547
2065,Last heavy,Billy Giles,1.027336205718174,1.0675380741776441,0.9648396522559842,0.9287641599619639
2066,Capital top,Billy Giles,0.8743899242893933,0.9268512795080189,0.9391669296085927,1.0546973391078918
2067,End why gun,Billy Giles,0.9897178043148424,1.1312285284969374,1.0811694578213742,1.0140380330208105
2068,Star suddenly,Billy Giles,1.0810874418764544,1.066012332896061,0.8757523849114712,0.9661113298450759
2069,Security close,Billy Giles,0.9527254518523689,1.0051413463737109,0.9986643788777787,1.028332278641919
2070,Recently enjoy,Billy Giles,0.8766167592747559,0.9513329506408961,0.9506522423293968,0.9752361746962624
2071,Own reflect,Billy Giles,1.0848507246358419,1.0031553257300203,1.1181909752286685,0.9909907146329628
2072,Fund adult,Billy Giles,0.8439297234236119,1.1687591818864724,0.9362157669796023,0.8072781332921581
2073,Sing police,Billy Giles,0.9760088425167741,1.0044434027521667,1.0069167415168696,0.8981156292784837
2074,Consumer,Billy Giles,0.998587129759437,0.9593486970814428,0.9666522759273626,1.067106304902546
2075,Traditional,Billy Giles,0.9215822271572341,0.7809345015711388,1.0740910224919908,0.9361638430506165
2076,These marriage,Billy Giles,0.8270689936624686,1.0764542484467088,0.9775111310248336,0.9999999141386006
2077,Exist music,Billy Giles,0.9774242223453534,0.9260231578329332,1.1569530359779274,0.9845029704353212
2078,West network,Billy Giles,0.9298052100191684,1.0454445556553822,0.9052997342393401,0.9782135079477586
2079,Follow,Billy Giles,0.884575583224823,1.0636144424389145,1.0033005901498733,1.0427801864358723
2080,Food water,Billy Giles,0.9070030603192861,1.210678129318207,1.0644807438996837,0.8782304559813507
2081,Though economy,Billy Giles,0.7643323018798132,1.111741976996584,1.1643685134200168,0.9357481139596435
2082,Stage first,Billy Giles,1.088300007822337,0.9324030645458887,1.057208686112989,1.0586143674395225
2083,Need defense,Billy Giles,0.8206015798947607,1.1284106039811503,1.1273828299385684,0.9112479076409232
2084,Mother treat,Billy Giles,0.8492482862878911,0.9971233921597458,1.2145356230808098,0.8853263296104843
2085,Win director,Billy Giles,0.9586391477586717,1.0403250336846945,1.0584614829153147,1.041318532167075
2086,Measure else,Billy Giles,1.0371379321466114,1.1608361862863747,1.179007802809602,0.9596924533090326
2087,To all along,Billy Giles,1.0234327743889764,0.8682879222387455,0.9702067709253533,1.0687272175331302
2088,Evidence,Billy Giles,1.0807039641606755,1.1530215739081349,0.9203051519031482,0.8628351895915135
2089,Brother likely,Billy Giles,0.9867994057508294,0.8047307861391995,0.9355980103037734,1.0482371595258049
2090,There computer,Billy Giles,1.0224272126155738,1.1551196137389168,1.0636442632556222,1.1083922358773444
2091,Bit deep film,Billy Giles,1.1439059091539545,1.09948933600351,0.8991278714038858,1.0337420737841978
2092,Eye region,Billy Giles,0.9022455754189248,1.083008606043334,1.010494179280816,1.2169889918755752
2093,Can respond,Billy Giles,1.160259367400196,1.009676402338506,0.9401634746308627,1.102336390961725
2094,Short own term,Billy Giles,1.1239341871050332,0.9762005386805662,1.060046294364133,1.013001907672139
2095,Plant ready,Billy Giles,0.9396993296373399,1.0227912119018174,1.0227100597264225,1.0360979621577031
2096,Western black,Billy Giles,1.1075732348682799,0.9482354199225648,1.0457165669440829,0.9508308384194835
2097,Degree suffer,Billy Giles,1.1183033033641054,0.9333380592042776,1.077713286252395,0.8915049781538492
2098,Along town,Billy Giles,0.9348140207555445,0.9301563324322698,1.0468898470178294,1.052005491001799
2099,Line low avoid,Billy Giles,0.9633820618404584,0.9766141915720168,1.1709176935239154,0.9065761554571388
2100,On know moment,Amy Shaw,0.9662358677045632,0.8901328551471649,0.9111607439859546,0.9856436852745944
2101,Two sing civil,Amy Shaw,1.0657844049107086,1.0379984087931473,0.9966427099884582,1.0008944599698077
2102,Later per,Amy Shaw,1.1037621650735956,0.9970922115156862,1.0306353001048498,0.9809661655886868
2103,Wall argue,Amy Shaw,0.7415850172012979,0.9627291600197521,0.9436466619774044,0.9708378802899564
2104,Simple wait,Amy Shaw,0.9719181684341233,1.019144342721117,0.9626191930148099,0.9222568581625814
2105,Important,Amy Shaw,1.0900582934379506,1.027032394144705,0.9953321654744303,1.15447801228526
2106,Important,Amy Shaw,1.0456886561713064,1.0239455737480132,1.0393196067997352,0.9678040680437089
2107,Economy watch,Amy Shaw,1.0673762472095336,0.9650963696425947,1.0604454853046783,0.7612270360312757
2108,Policy month,Amy Shaw,1.1174118296452276,0.8157781078530272,0.9328856366425557,1.023582622880725
2109,Argue much,Amy Shaw,1.1006009522980154,1.1026870269927116,1.0014053091005408,0.9559804561753926
2110,Life concern,Amy Shaw,0.9827554712727152,1.0270535294421226,0.9998748168378977,1.020163594953343
2111,Join boy house,Amy Shaw,1.0329385533712108,0.9992881883510738,1.0651046678540876,1.0159967508686412
2112,Who nearly,Amy Shaw,1.0114667105352864,1.0483626425359305,0.99961477972773,0.8996121735471414
2113,Respond today,Amy Shaw,1.0256336545786418,1.0075936503696041,1.0886422155113429,0.9056150079741858
2114,Contain,Amy Shaw,0.8991830537830401,1.0480318023778055,1.104576815929286,1.079513446955734
2115,Trade begin,Amy Shaw,0.9230723505398724,0.8109011434160753,0.7850069090375561,1.0434605235964483
2116,Region certain,Amy Shaw,0.9145169058528752,0.9803133835507318,0.8825168696855507,0.9915496061152711
2117,Consider check,Amy Shaw,0.9299341554255658,1.1124387273245753,0.9658920744731111,0.9527161613915299
2118,Simply start,Amy Shaw,0.9301457333938017,1.153303089250496,0.9863776529213168,0.9353721563195934
2119,Business,Amy Shaw,0.8422347052530887,0.93723867057471,0.990223905978567,0.6697962276975848
2120,Business,Amy Shaw,1.074664568114875,1.0934963788311927,1.051973548596398,0.9338166621695977
2121,Keep remain,Amy Shaw,0.9529313596789188,0.9042866389834595,1.011059416714733,0.961558238365124
2122,Interesting,Amy Shaw,1.1357430174475427,0.7350809309883337,0.9249123427512361,1.0397380280410207
2123,Meeting,Amy Shaw,1.0074757127638416,1.0098803927608109,0.9163809735765651,0.9229528353154022
2124,Draw industry,Amy Shaw,1.0511400557470754,1.055922066020428,1.005028007536303,0.9450481488565964
2125,Thing some,Amy Shaw,1.1150883301744525,0.9842703691233552,0.9449128326901259,0.9449188367480452
2126,Can give,Amy Shaw,0.987362822964401,1.0498637003333604,0.9208277173986067,0.8513789065557987
2127,Take direction,Amy Shaw,1.197225883022802,1.1851871760558736,0.9458195612874709,0.9064825371598058
2128,Pull base,Amy Shaw,0.8606912321858571,0.904043405392996,1.0009537418968046,0.9914452378400832
2129,Team stay onto,Amy Shaw,0.8237560567558693,0.9108764731557303,0.911842118613948,0.8596960074188615
2130,Just produce,Amy Shaw,0.9684677612076861,1.0753329521966355,1.0235604083186078,0.8478669562066643
2131,In age act,Amy Shaw,0.8553747645920824,0.8421800415818252,1.1631067712203473,1.002452804205226
2132,With kind into,Amy Shaw,0.8889421976859305,0.8911395016564101,0.8955646959709113,0.960524325380681
2133,At early seem,Amy Shaw,0.9650339229468848,0.9958680234824362,1.0158115755277397,0.7664475617748414
2134,Later region,Amy Shaw,0.9596644712725672,1.0234857918742262,0.8298753095034151,0.7999938951872295
2135,Situation take,Amy Shaw,1.1385889692012483,1.0256005241327142,1.0280856781868195,0.9272063158769877
2136,Pay he seat,Amy Shaw,1.0683003174074759,1.0938491769373204,0.8598922961852338,0.861609292927369
2137,Return,Amy Shaw,0.7893828203485469,0.9521691281641192,0.9102194723109952,0.9410894019864833
2138,Follow bar,Amy Shaw,1.049981450177537,0.8770543513535395,0.978148796492191,0.9838918221444163
2139,Those thank,Amy Shaw,1.2479336931113862,0.9642817214461992,0.9864173549243788,1.095448251800954
2140,Social,Amy Shaw,1.0311021071615691,0.9175342939461895,1.2335103442387374,0.7574453244886519
2141,Your,Amy Shaw,1.1277305542268066,0.9373120950594009,1.0090772735786635,1.0692497292163876
2142,Ball himself,Amy Shaw,0.9185582026606447,0.8513602805975032,0.9100685213733077,0.9308522038138919
2143,Success rich,Amy Shaw,0.9062314288402346,1.1306628894785202,1.042332277344685,0.8964746772662687
2144,Tend chair,Amy Shaw,1.0440348245974027,1.0258150049828023,1.0666152378142135,1.0731516256618765
2145,Help throw,Amy Shaw,1.005511425764245,0.8903777961094709,0.9549529871799196,0.9196472241312722
2146,Remember,Amy Shaw,1.0257896653215177,1.1436573569059045,1.072579838300395,0.9836450677757008
2147,Decide special,Amy Shaw,1.0221297431815581,1.0382431680767867,0.8622592478043374,0.9472304515420776
2148,Tonight then,Amy Shaw,1.1227883033470496,0.9281729009335521,1.0454462173560795,0.9692240677627945
2149,Magazine war,Amy Shaw,1.118693616383963,1.0071613278376026,0.958339906501637,0.9750740600292637
2150,Commercial,Amy Shaw,1.1568572382800828,1.059536504334407,0.9371669242991445,1.0957915785451668
2151,Car after tell,Amy Shaw,0.9301146759348029,0.8566967606115515,0.9624999008810082,1.0335270520746223
2152,Officer design,Amy Shaw,0.9909117292047389,0.9803237431859619,1.041378944813685,1.0034102692079419
2153,Here left very,Amy Shaw,1.1197243691839645,1.0413763479924967,0.9427138700477777,1.0563843149068726
2154,Power expect,Amy Shaw,1.1567239911116391,1.121721781913861,1.0345378710237494,0.8854319336817599
2155,Avoid attorney,Amy Shaw,0.9791625407104643,0.9655211181988919,1.1936339213101936,0.9363611870787747
2156,Anything,Amy Shaw,0.987653229155394,0.8902038507393519,0.9969400856170403,0.9996380144012613
2157,Account,Amy Shaw,1.1399423951999754,1.1994586822500586,0.9572159849710188,1.1307708458146772
2158,Great receive,Amy Shaw,1.1529060233888613,0.9950359842165872,1.124868463285177,1.152212824252928
2159,Nearly can,Amy Shaw,1.3528951732073744,1.1312704371528972,0.9922967211273556,1.0731389542603427
2160,Student light,Amy Shaw,1.0477070274700055,1.0571886963830293,1.0056593350613288,0.9111970239329781
2161,Vote medical,Amy Shaw,1.0060403209200954,1.0127214230250008,1.1793539716682218,0.9914161331411916
2162,Box control,Amy Shaw,1.2446621030133502,0.964817726677102,1.011137066731879,1.089759750612597
2163,Movie him,Amy Shaw,1.065180781364657,1.0159043110666692,1.1221768146894044,1.1196560110037936
2164,Society born,Amy Shaw,1.1600523222264827,0.9779965662738965,0.9346264643428933,1.070417966706465
2165,Treat open,Amy Shaw,0.9831479014636018,0.9719862892758097,0.9584158788076927,1.0243968230659708
2166,Cut south they,Amy Shaw,0.9311181977654873,1.0107836769589729,1.0069575670856785,0.9749727076727175
2167,Matter laugh,Amy Shaw,1.2431820384680945,0.9852801578624633,0.9913138732473147,1.0469933861298837
2168,Must out sea,Amy Shaw,1.1490281608107489,0.9957737797502391,1.1503991896558092,1.1076234317285532
2169,Stay,Amy Shaw,0.9373200047654803,0.973689843816627,0.9199709900214402,0.9708093232598847
2170,Receive,Amy Shaw,1.1833433779021463,0.7912087623360919,1.1033009782101124,0.9362325000362016
2171,Member PM,Amy Shaw,0.9753151056822783,1.1232624837009502,1.000477100512673,1.10212247625625
2172,Different be,Amy Shaw,1.0918884824739519,0.9628946694048377,0.9486125659849161,1.148368352761797
2173,Let in walk,Amy Shaw,1.0508798212787918,1.0104782787641708,1.0782227144845868,0.9749289646310898
2174,Over involve,Amy Shaw,1.0467060977317397,0.9871358843541748,1.0743003073043158,1.00022461796688
2175,Reason turn,Amy Shaw,1.0066505905553165,0.9797087006213187,0.9126260859650417,1.0446396444855452
2176,Cover leave,Amy Shaw,1.0684762421820073,0.990609837118273,1.1441822385764178,0.9800297854412884
2177,Through what,Amy Shaw,0.8235856103225794,1.1433053851780597,0.9230592083205095,0.9896898560850029
2178,During me,Amy Shaw,0.9034773816394963,1.0244772135267775,1.0142097359226856,1.2041976568892343
2179,Positive,Amy Shaw,1.0100023397884408,1.0024590089277323,0.8249969371147292,0.9029694874545516
2180,Network,Amy Shaw,1.0216794854304094,0.8875274278899632,1.0184735208504216,1.0244516001667696
2181,First price,Amy Shaw,0.9910740885235116,0.8022495923495646,1.053016342100238,0.9629509613215935
2182,Cut while,Amy Shaw,1.1033224239017023,0.835246923187859,0.8753271829187537,0.8421571597550767
2183,Within prepare,Amy Shaw,1.0310930945435346,0.9014939100364805,0.9821805383379894,0.997271789546676
2184,Unit these,Amy Shaw,0.9218260451647898,0.9568174086287932,1.075448881193458,0.8754655775482099
2185,One go right,Amy Shaw,0.9742303955751506,1.028891236939658,1.1893380872064832,0.8217798581517073
2186,Stuff animal,Amy Shaw,0.8041437600407864,1.04433059509396,0.9531493753662145,0.9188286027336977
2187,Author bank,Amy Shaw,1.1973988817111307,1.0130004625571973,1.0618026451474545,1.0623890049499576
2188,Minute before,Amy Shaw,1.0764751078974135,1.0932727034227347,0.9943498741627566,0.9958828609958584
2189,Identify so,Amy Shaw,1.107501943213292,1.0346550066049263,1.15715445414667,1.2378407631439723
2190,Suggest then,Amy Shaw,0.8156174360574643,1.1267520716435284,0.9242697733138782,1.036331058806763
2191,Dog nor nice,Amy Shaw,0.9712845613976256,1.0641363969986146,0.920514397595924,0.9250489691364107
2192,Decide or,Amy Shaw,0.9870645284706046,1.067531503861811,1.0147037006612325,0.9730804630518644
2193,Relationship,Amy Shaw,1.0406970533172992,0.8275330144461225,1.0804747223325653,0.9410493951265745
2194,Now TV run,Amy Shaw,0.961436963909428,1.165336076790345,1.0553725581652003,1.0498250029260852
2195,Always,Amy Shaw,1.0202343348737342,0.8240865998117879,0.9782641220551851,0.895377029464966
2196,Full Mr,Amy Shaw,0.9989000483926416,0.8614677625389942,1.0185341330207798,0.9919169718812588
2197,Dark,Amy Shaw,0.7507244456862396,1.2288095020118681,1.0333963414167295,0.9962032155856743
2198,Performance,Amy Shaw,0.9051336551934264,1.0619797260017527,0.9644192411877046,0.9769238830435664
2199,Once someone,Amy Shaw,0.8735909729580338,1.1737034179543298,1.0565454440523634,0.805123893291975
2200,Traditional,Amy Shaw,0.9530745922599201,1.159890715540587,1.256294734165807,0.9581501351028112
2201,Special enjoy,Amy Shaw,1.0765557317398464,1.1147757996592345,0.9550312912134697,0.9988793508424747
2202,Simply,Amy Shaw,0.9555764176115622,0.8797847765392417,1.0363957592367257,0.9375128251380538
2203,Quickly say,Amy Shaw,1.0261465112812185,1.0143269402833468,1.013635631392323,0.9797902931515174
2204,Total age,Amy Shaw,0.925377364614411,1.0940689477195602,1.0330868481988025,0.869823030285066
2205,Several,Amy Shaw,1.0757432591090699,1.006079237873237,1.0240309115878692,1.1247303399465267
2206,As sister,Amy Shaw,1.0868017037873383,1.101248617660299,1.0519100980366651,0.9364475745699136
2207,Short,Amy Shaw,1.150650671853296,1.0144876449934597,1.076214969947546,0.7275984200400041
2208,Result,Amy Shaw,0.7734730237291049,1.031323740022115,0.8122797914317343,1.050435885639692
2209,Program author,Amy Shaw,0.9244537384862852,0.9796291898382333,1.0226256523367008,1.1269335693129172
2210,Body evidence,Amy Shaw,1.0970615038181208,1.1437861444239514,1.1101281671329177,0.9849403039288718
2211,Control choice,Amy Shaw,0.9739207514078222,0.960367449300774,1.0629330321564474,0.9685944558386844
2212,Election,Amy Shaw,1.0250274387503304,0.9783324486136851,0.8693733816592362,0.905379135584208
2213,Door culture,Amy Shaw,1.10084471090094,1.055566538796136,0.9766832894044689,0.9299559282407899
2214,Who blue,Amy Shaw,1.0628774063956112,0.8803332391533584,0.9272706500066314,0.8799705015368287
2215,Play way money,Amy Shaw,0.9605566434952794,1.0404155976480418,0.8927339333298816,1.0130318298844507
2216,Us debate late,Amy Shaw,0.9474140628246223,0.9170812103457029,0.9409075413024031,0.9608020771326352
2217,Movie store,Amy Shaw,0.9766831254462549,1.2041620893625653,0.8760690994576386,1.0970612599878966
2218,Set same PM,Amy Shaw,1.1256668253128668,0.964067557913838,1.0293334655575772,0.9490674434882903
2219,Article send,Amy Shaw,0.8988932697245902,0.9854957200236248,1.1675694381334445,1.1683012707856206
2220,Recently enjoy,Amy Shaw,0.8766167592747559,0.9513329506408961,0.9506522423293968,1.0099256047823848
2221,Team charge,Amy Shaw,1.0607309998123846,1.1268666294866196,1.009616028150229,0.6939496459985774
2222,Improve remain,Amy Shaw,1.0990970267528404,1.0949395884804365,0.8780196591790453,1.077270751248355
2223,Stay bill,Amy Shaw,1.0020897875826393,1.1110865798456553,1.0968467683953975,0.8402344629563919
2224,Outside to,Amy Shaw,1.0515440539466647,0.8793319723783618,0.9507179881470214,1.0303184936499776
2225,Too what,Amy Shaw,1.0803442097486875,1.0638890994969856,0.9762148898243017,0.9120080818165495
2226,Hard to sit,Amy Shaw,1.0413737841154664,0.8352464089825085,1.0153008087661695,1.0737947729300186
2227,Local company,Amy Shaw,0.9628792199057338,1.1710024438834472,1.1275090832523005,1.1361305354300084
2228,Specific walk,Amy Shaw,1.0246448545578448,1.0097964889271953,1.1314744242482608,0.7364811949039574
2229,Activity hard,Amy Shaw,1.117965280528995,1.0296773504796595,0.9259707035684219,1.1488854764101128
2230,Glass beat,Amy Shaw,0.7985793405151664,1.0915653862349577,1.0955866478952774,0.9360898321561325
2231,PM east,Amy Shaw,1.0712516032595272,0.8127804604829163,0.9080441643391091,1.0888012414813153
2232,Game special,Amy Shaw,1.2021352785391477,1.1218637909490004,0.9076877531445157,0.9973113589341213
2233,Enjoy,Amy Shaw,0.9340790063502212,0.9620881895425131,1.0324917285275728,0.8962188680773938
2234,Mother treat,Amy Shaw,0.8492482862878911,0.9971233921597458,1.2145356230808098,0.9517138031405838
2235,Soon sit,Amy Shaw,0.8726758864298919,1.0630128786266877,0.9302521025183894,0.8617895817256894
2236,He soon,Amy Shaw,1.0112857253842291,1.0292935553940905,1.0680591467039053,1.0222008873117632
2237,This language,Amy Shaw,0.9218583688432931,1.0331853056139895,0.9426952264318902,1.0459666829756802
2238,Money body,Amy Shaw,1.0824820037199905,0.9940646619740305,1.0230976256322952,1.0631740906547071
2239,Hotel daughter,Amy Shaw,1.0471223676889772,0.9865171861467125,0.8318775961578412,1.0965840150643869
2240,Know whom,Amy Shaw,0.9228216610833211,0.8950354226110318,1.0246444990935575,0.9814901908031938
2241,Really bar,Amy Shaw,1.0238776452330858,0.9751046954666294,0.9355479725430349,0.9408387756487511
2242,Foreign,Amy Shaw,1.0134151058854766,0.9600549076892146,1.0170323907799168,1.1302698801922892
2243,Can respond,Amy Shaw,1.160259367400196,1.009676402338506,0.9401634746308627,0.9513970423469781
2244,Prevent,Amy Shaw,0.9518314811073888,1.2628824425952139,1.0340940920735198,1.2075377400820966
2245,Myself relate,Amy Shaw,0.9899812144828264,0.81444160016345,0.9395733795876239,0.979405347561133
2246,Yeah relate,Amy Shaw,1.0207828784853579,0.912853715727291,1.0499516440490102,0.9091690354777737
2247,Nature within,Amy Shaw,1.1511757172880588,0.9456774136398673,1.0232197606639108,0.7983052132107424
2248,Actually,Amy Shaw,0.858617689869329,0.9898948844465877,0.9795341984637135,0.9341152809451745
2249,Guy brother,Amy Shaw,0.9173932533399829,0.9593187788542548,0.9923076143995815,1.1598624773465203
2250,Four suffer,Jacqueline Vasquez,0.905853489966982,0.9898746427383691,1.0437098385956487,1.0961863010877944
2251,Worry wind,Jacqueline Vasquez,0.9633113836021094,1.0578092956929233,1.0502612267649631,1.1275886219642985
2252,Situation its,Jacqueline Vasquez,1.070297457854278,0.8323749591974453,0.9739847043074813,0.8402584898694743
2253,Whole already,Jacqueline Vasquez,1.181902341685259,1.2128305172247393,0.9667439478639349,1.1069731553338937
2254,Trade success,Jacqueline Vasquez,0.9886350512436891,1.0148408174768782,1.2733934248976584,0.960852884381132
2255,Tend civil,Jacqueline Vasquez,0.9977297182951437,1.1561539514685533,1.1189991443196239,0.9039640434505347
2256,Through,Jacqueline Vasquez,1.077717439469886,1.1248293500905877,0.9351928164620074,0.9543196211935169
2257,Next good,Jacqueline Vasquez,1.177866271113036,1.0874121286390963,1.1224183713761409,0.9394743423904385
2258,Reflect,Jacqueline Vasquez,0.9798844169334581,0.7447946704961974,0.8964539493760946,0.916005771186439
2259,Structure,Jacqueline Vasquez,0.9702175919811776,0.9334543923712224,1.121795702300034,1.1574238948009177
2260,Green send,Jacqueline Vasquez,0.9568675647108017,0.931835764421205,1.0281171672283536,0.9727196479648884
2261,Education,Jacqueline Vasquez,1.0570780031863873,1.122372039131876,1.0777261134980636,1.0111656437825605
2262,Finish agent,Jacqueline Vasquez,1.0042573254182752,1.0387152804917414,1.1336489126143339,0.9428853665124866
2263,Couple take,Jacqueline Vasquez,0.9021073845113521,1.0875824468082673,0.9310210750301644,0.9259323772207928
2264,Economic feel,Jacqueline Vasquez,1.082070997750035,1.0021120584918266,1.053287065208623,0.9173341116146759
2265,Million short,Jacqueline Vasquez,0.9228195898432197,1.0123312633583326,0.9438286753584668,1.180611100318607
2266,Past toward,Jacqueline Vasquez,1.0087290991968345,1.011550585465423,1.0147443547461745,0.8298812334075409
2267,Share mind,Jacqueline Vasquez,0.9493457570620546,0.9463879327712362,0.9932670418245094,1.0628488500620377
2268,While get,Jacqueline Vasquez,0.991101723742106,0.8779022121563406,1.0182675029771426,1.1290195353286854
2269,Or return mind,Jacqueline Vasquez,1.1557975275512258,1.0903443957992773,1.0587142859852399,1.053459731591404
2270,Get each,Jacqueline Vasquez,0.9355510848670705,1.1931830536317665,1.034077922371888,0.9266090757874607
2271,Wide back,Jacqueline Vasquez,1.1256758895774304,1.1085079926433843,0.9632922110839374,1.02646882168168
2272,Marriage sport,Jacqueline Vasquez,1.0004503652692633,1.0399686881838817,1.035501506420879,1.011732650974557
2273,Kitchen simply,Jacqueline Vasquez,1.094485850559647,1.099143956886572,0.900110869877903,0.8775661137148174
2274,Nation,Jacqueline Vasquez,1.0189262995646782,1.0431726122406253,1.0621882657882435,0.8534155777940838
2275,Big lose,Jacqueline Vasquez,0.9329523711729821,1.0226694655259263,1.1221716408433362,1.0060226119561984
2276,Wide realize,Jacqueline Vasquez,1.1157645123825715,1.0918022168254073,0.9515165414706298,1.089773123450105
2277,Quite leader,Jacqueline Vasquez,0.9787230878155911,0.9969898347198056,1.0517028548444858,1.0433003336377142
2278,Man affect,Jacqueline Vasquez,1.1191311583427588,1.0888984152682264,1.027993618602814,0.9110712858759232
2279,Central third,Jacqueline Vasquez,1.2189825647651882,0.9367564693651393,1.0132238300086907,0.9512627922146379
2280,Feel summer,Jacqueline Vasquez,0.9508411067693993,1.000171215089512,1.0832735585671238,1.0986776505830127
2281,Contain,Jacqueline Vasquez,0.8945771411333189,1.0720685824742724,0.9218846237847906,0.809101271432946
2282,Power not,Jacqueline Vasquez,0.9883537284783034,0.8205920108701055,0.9534513424749582,0.9200871682926982
2283,Wrong wonder,Jacqueline Vasquez,1.076393768033349,1.0152697915530533,1.1405022573095402,1.2765747988828213
2284,Official,Jacqueline Vasquez,0.9040820501631504,1.0538911147738892,0.7965468444247779,0.9817637895582056
2285,Stock simply,Jacqueline Vasquez,1.11411413418322,1.0873693628922192,0.9589900240743046,0.938163074125179
2286,Rule money,Jacqueline Vasquez,1.2611496285904504,0.775009788157577,1.0076810524794315,0.9517530465867436
2287,Special,Jacqueline Vasquez,0.9153623947488717,1.0183802775439672,0.9365945798248487,0.9807106455754295
2288,Activity dark,Jacqueline Vasquez,1.0067295639069633,1.1779670094262675,0.835452294261535,1.188944051934254
2289,Without I your,Jacqueline Vasquez,0.8511369948957308,1.014012046815685,1.1330504069231842,0.9853269162872624
2290,Space win,Jacqueline Vasquez,1.0686612107606204,0.8084951571100507,1.0208937703466066,1.0092967523955534
2291,Past,Jacqueline Vasquez,1.0675767539670125,0.9814202100322491,1.220962691771993,0.9767477116687073
2292,Decision,Jacqueline Vasquez,0.9651347941621518,0.9761164004551259,0.8236904057834824,1.0923168931952807
2293,Home field,Jacqueline Vasquez,1.0894371965115819,1.0735986968141102,1.002792024342784,1.144760504874995
2294,Site Mrs,Jacqueline Vasquez,0.8452843234691927,0.9429649547429296,0.9945119461932189,1.0308176379572833
2295,Occur,Jacqueline Vasquez,1.0154057141688906,0.9804810522181693,0.9704276459236312,1.1009103080185496
2296,Degree,Jacqueline Vasquez,0.7864217657031538,0.8532577819298214,1.0111817685403073,0.9043095088993961
2297,Adult,Jacqueline Vasquez,0.925351982650447,0.937149091832957,0.990557729068317,0.9711285103619645
2298,Group time,Jacqueline Vasquez,0.9696951111856932,0.8730604844322558,0.8666004061853132,1.0441156180687086
2299,Seven hold,Jacqueline Vasquez,0.96600712657737,0.9914343613860771,1.0928684498948475,1.0190168722127781
2300,Support along,Jacqueline Vasquez,1.0712694306753032,1.0343112890247004,1.0660251240730694,0.8753731386721293
2301,Season produce,Jacqueline Vasquez,0.9128550979818496,1.0262604905245134,1.2019475582390753,1.310981429964924
2302,Design such,Jacqueline Vasquez,0.932551326690817,0.9983738922111863,1.0487150867203305,0.9161440584768583
2303,Example,Jacqueline Vasquez,0.9992030285566096,0.9029248126440277,0.9704517591611883,0.9624472599282612
2304,Meet five,Jacqueline Vasquez,0.8808910379753925,1.0149778486160852,0.7843896129162029,0.9942347988760617
2305,Half wait,Jacqueline Vasquez,0.9232593383728998,0.9407618351432606,0.9239122982591053,1.0377501247633703
2306,Choice every,Jacqueline Vasquez,1.121892141957041,1.047084715795912,0.9712666911436839,0.9279337961079066
2307,Yard me miss,Jacqueline Vasquez,0.9040514417114729,0.9496354572369524,1.0175774282093775,0.9686467625885795
2308,Us stop,Jacqueline Vasquez,1.2074252561549004,0.9965212330747214,0.9367087743538524,1.195697532447151
2309,Bar theory,Jacqueline Vasquez,0.985994446364344,0.9255080215982543,0.973534225075896,1.0222427723511922
2310,Song policy,Jacqueline Vasquez,0.8276175814994761,1.0700929231353424,1.101205126341417,0.9787991050867035
2311,Foreign near,Jacqueline Vasquez,0.9299096848931739,1.0024588652452426,0.9587621811473709,0.9468327999670556
2312,Can book once,Jacqueline Vasquez,0.931914533793838,0.9972231747869027,1.2754550224267502,1.0817816642386113
2313,Whose property,Jacqueline Vasquez,1.076736784035698,1.0777466089019134,0.9847038615074152,1.0399755509889106
2314,Rich notice,Jacqueline Vasquez,0.6914933297730015,0.9260892741921792,1.0358900314809123,0.9719221591264776
2315,Family sound,Jacqueline Vasquez,1.1009761674055494,1.0345585821138044,1.0782811248727122,0.8687674313444117
2316,Interesting,Jacqueline Vasquez,0.9292724259116476,1.1563331362728693,1.0395287449134285,0.9156323600053783
2317,Mean financial,Jacqueline Vasquez,1.2147738750415342,1.0170698118753452,0.993755474838075,1.0792660107874967
2318,Other,Jacqueline Vasquez,0.8209577642245502,0.9940017760439759,0.8074503422329746,1.013700377661689
2319,Vote final,Jacqueline Vasquez,1.0721852875417568,1.0844607957568995,0.8694276656767734,0.8663092217638553
2320,Camera food,Jacqueline Vasquez,1.0083315541370441,1.0709326258620648,0.9067923416741277,0.827138044237208
2321,Cost air,Jacqueline Vasquez,1.0240683084584337,0.974271533449918,1.0356470282111256,1.1285083889289844
2322,Federal left,Jacqueline Vasquez,1.0004520733197202,0.990906787195078,0.9073479818093158,1.1110936451826814
2323,Leg understand,Jacqueline Vasquez,0.7956365213657174,0.9886592748847246,1.1024536648390715,0.8234108816328354
2324,Generation by,Jacqueline Vasquez,0.9724872205572367,1.0324416786022375,0.8015451286427565,0.8302197877712142
2325,Manager seek,Jacqueline Vasquez,1.0542188468407911,0.8371860515782068,1.0048583238363833,0.8943599320365578
2326,Significant,Jacqueline Vasquez,0.9912616148453697,0.9318092198954248,0.9692078628995089,0.907857402114224
2327,Situation two,Jacqueline Vasquez,0.9861926315022171,0.8957574439165962,1.1150627954011703,0.8111671743177478
2328,Middle onto,Jacqueline Vasquez,0.795017824726808,0.8965751769209311,0.9616960868882972,0.9269175534664715
2329,Training seat,Jacqueline Vasquez,0.9202871215648053,0.914017332090625,1.1564786207562592,0.887726912241173
2330,All find goal,Jacqueline Vasquez,0.9645840894679562,0.961743723958032,0.9086139870385364,1.1132477712581947
2331,Control life,Jacqueline Vasquez,1.1369485035852773,0.9845691633578594,0.9973882384837807,0.795482377471205
2332,Stage kid,Jacqueline Vasquez,1.150924793014071,1.1439812454800626,0.9194430968455802,1.054966248623636
2333,Our garden,Jacqueline Vasquez,0.9975775380090597,0.9571103360728449,0.8868736974895393,1.068839599704444
2334,Claim future,Jacqueline Vasquez,0.9016189576405653,1.0805132461085851,0.9699416543015177,0.8333045085864793
2335,Sea expert,Jacqueline Vasquez,0.9998455630984586,1.0018906957908373,1.014714092869542,1.1230880848611011
2336,Individual,Jacqueline Vasquez,0.9960245235719948,1.0154728431954143,0.7910670625961972,1.0100700844454142
2337,Difference,Jacqueline Vasquez,0.9081186500709109,1.0909717142478135,0.9132589245933956,1.0999209437462445
2338,Wall outside,Jacqueline Vasquez,0.8900111684147025,1.0868630443133507,1.0444708982819653,0.9896839891176528
2339,Eight age seem,Jacqueline Vasquez,0.8452472305732499,1.0848512734499955,1.029422909310083,0.9969415009921611
2340,Itself finally,Jacqueline Vasquez,1.0640265465526988,0.8592570703783645,0.929988877623853,1.1048952441199926
2341,Home character,Jacqueline Vasquez,1.0412487443078144,0.9476749774508613,0.9408614474298083,1.01001693665956
2342,Whatever be,Jacqueline Vasquez,0.9355070753746018,1.0608165457310699,1.0776568974158054,1.0883529507009446
2343,Someone,Jacqueline Vasquez,1.0319308476451508,1.101609977467508,0.9333790531986909,0.9190503074333889
2344,Others level,Jacqueline Vasquez,0.8232430841905665,0.8782651848601825,0.8860847517272519,0.9457585228796156
2345,Spring owner,Jacqueline Vasquez,1.1807767431900618,0.9935489399409695,0.9899731303248474,1.0509228161442843
2346,Effect yard,Jacqueline Vasquez,1.0228148929927923,0.9298213265023786,0.9012259473244064,1.0073286101875345
2347,Poor hospital,Jacqueline Vasquez,1.1448769721576246,0.8747327396529865,1.047824324553221,1.0660366191670512
2348,Behind happen,Jacqueline Vasquez,0.9868708227050542,1.033247547569987,1.1716833380523997,0.849863434686236
2349,Usually door,Jacqueline Vasquez,0.989694819050676,0.9797954242449771,0.9889552955759006,0.8758677933632427
2350,Music nice,Jacqueline Vasquez,0.8354532604470872,1.058491822225382,0.8777873059163364,0.9987601439016347
2351,Visit together,Jacqueline Vasquez,1.0523150106730725,1.1014612914041508,0.7365874671374836,0.8755691486115214
2352,Thank option,Jacqueline Vasquez,0.8428439448380658,1.0019723216505152,1.0514084731313833,1.0529543415707554
2353,Night begin,Jacqueline Vasquez,1.041948813129062,0.9595904647515937,1.1811764997341072,0.9049828305649106
2354,Control summer,Jacqueline Vasquez,1.0160938476203751,0.9258001570801914,1.0307086325998407,0.9939101817641802
2355,Entire doctor,Jacqueline Vasquez,1.075890916234818,1.03070149551704,1.1041243828101233,1.1495862626153994
2356,Heavy bad,Jacqueline Vasquez,0.8649842706139519,0.9292688837248809,1.0236674945081323,1.0395343588806187
2357,Member,Jacqueline Vasquez,1.0383283057386226,0.9296798751005999,0.982598145413464,0.96077048276121
2358,Degree play,Jacqueline Vasquez,1.0858729618397125,0.9063011616121786,0.9041619209443249,0.9717096367081473
2359,Life those,Jacqueline Vasquez,1.0309787366313725,1.167115441312601,1.0032242487880436,0.9726192761335553
2360,Customer most,Jacqueline Vasquez,1.0609580905827467,1.059227911626615,0.9955512424878422,0.9826386471808995
2361,Month place,Jacqueline Vasquez,1.0801145577217015,0.9990408279915626,1.0729540130425974,1.0154621674698063
2362,Difference age,Jacqueline Vasquez,1.013999744321303,0.98388413712309,0.9907750473362836,0.914238903120586
2363,Difference own,Jacqueline Vasquez,0.8142060674148103,0.9494561222948724,0.8958300568276227,0.9693776694234438
2364,Role need,Jacqueline Vasquez,0.9877378165376658,1.028071671055301,0.8823059299798119,1.0346630227357934
2365,Win poor sell,Jacqueline Vasquez,1.0284902346885825,0.9944912503229454,1.194124102910838,1.0428829421194974
2366,Way old plan,Jacqueline Vasquez,1.0902080504071197,1.1585194161282837,0.9082146934929425,0.8946747249517263
2367,Few purpose,Jacqueline Vasquez,0.971030492256999,1.0449965196640458,1.1227692753684626,0.9374019132215697
2368,Now door it,Jacqueline Vasquez,0.9662456125819707,0.9666961258432055,1.1326237035288829,0.9091708077393679
2369,Can leave,Jacqueline Vasquez,1.0278339326485446,0.9404391775363686,0.9448949918997325,1.223925250005385
2370,Deal loss,Jacqueline Vasquez,0.9410629668438677,1.0993174449404548,1.0378478213991844,0.8692183102512296
2371,Design picture,Jacqueline Vasquez,1.111682274257464,0.9914503372721574,0.9729876698578894,1.1040712067037965
2372,Factor second,Jacqueline Vasquez,0.8989316388153332,1.0445715082339548,1.0285410607379153,0.9154781106523455
2373,Television gas,Jacqueline Vasquez,1.0884287537010158,0.827899918495866,1.0753205066853881,0.9861730281586294
2374,After food car,Jacqueline Vasquez,0.9624251518881696,0.7820397301031572,0.9403517488338894,0.826106558097045
2375,While machine,Jacqueline Vasquez,0.8592456812194489,0.9247492757055982,1.088680500223297,1.0585479088375735
2376,Use before say,Jacqueline Vasquez,1.0325890854371487,0.8092770883431988,1.0146077877029573,0.8615516912434394
2377,Tough stock,Jacqueline Vasquez,0.8877568493957093,0.8876078597162731,0.9225551957353338,1.0984329268058501
2378,Really thing,Jacqueline Vasquez,1.115895777969341,1.1366341420911108,1.0195205497663062,1.0172232669637014
2379,Need fast,Jacqueline Vasquez,1.0101574157123994,0.8385542513880152,0.9491741010533682,1.0930279070204514
2380,Keep better,Jacqueline Vasquez,0.9243108358631847,0.8780716539362651,1.0145301551657355,1.0348116570360055
2381,Card heavy,Jacqueline Vasquez,0.8794084434758527,1.0851782932873564,0.9634312741694142,0.8761765249638209
2382,Common often,Jacqueline Vasquez,0.9821306333475995,1.0546316039929282,0.9952800683111224,1.0121965373617843
2383,Agency method,Jacqueline Vasquez,0.7906571379330954,0.8382139094272673,0.8847232442120401,0.9531161324355589
2384,Certainly,Jacqueline Vasquez,1.0062721324632335,0.9184802122041188,0.8315370071846442,1.038818257254835
2385,Newspaper,Jacqueline Vasquez,0.9560746359100454,0.946452403928214,0.9567298509187792,1.0109867914420911
2386,High clearly,Jacqueline Vasquez,0.9380425335767226,0.8082374253377838,1.0630609934556172,1.0318718634377098
2387,Them executive,Jacqueline Vasquez,0.8203025968113303,1.269445264492205,0.9654092246367512,0.8722849685418846
2388,Beautiful over,Jacqueline Vasquez,1.0100057311145443,0.9558890800551899,0.9697237744091156,1.0075678870112528
2389,Follow bill,Jacqueline Vasquez,0.9830359619544176,0.9226270179934769,1.0601314580570167,1.0164052408949706
2390,Lawyer huge,Jacqueline Vasquez,1.086080189844794,0.9066870409303359,0.9545184300269319,1.0070713752691767
2391,Answer center,Jacqueline Vasquez,1.0177617440587012,0.9789616803853488,0.9756114771369684,1.0015158591642046
2392,Poor friend,Jacqueline Vasquez,1.1619705940817497,1.0513506847673815,1.030378888160445,1.11502904962774
2393,Resource goal,Jacqueline Vasquez,1.1499048222177697,0.9839694655751766,1.0513578763071423,0.8092513388705513
2394,Set religious,Jacqueline Vasquez,0.7882393463091599,0.916744791632608,0.8305001117153267,0.9479668984794026
2395,Everyone cause,Jacqueline Vasquez,0.9197145384737382,0.920675412098659,0.9575969864323628,1.0494883351701227
2396,Born idea each,Jacqueline Vasquez,1.0659841636405007,1.1004885277408094,1.0684085926186406,0.8297407349751365
2397,Game eye back,Jacqueline Vasquez,1.0516697349785231,0.9478795652678469,0.9690304066935232,0.9742594338159137
2398,Ability ready,Jacqueline Vasquez,0.8605179517106596,0.86787458917018,0.9646579811546673,0.7898781220908773
2399,Country,Jacqueline Vasquez,1.069373117420434,1.11460420672818,0.9502574374143863,0.9544462711232462
2400,Lose partner,Michael Wheeler,1.206476485981293,0.9953402292187288,1.0480660262770098,1.014629910592479
2401,Everything,Michael Wheeler,0.980608498629745,0.9498605626360301,0.9541252727161937,1.1425568205765213
2402,Continue,Michael Wheeler,1.0643783218162426,0.9042779518138377,0.8960112486381926,1.0022229526926374
2403,Party east,Michael Wheeler,1.3624736473610435,0.9552863220057818,0.9715238272809437,0.8781646826822949
2404,Forget around,Michael Wheeler,0.9201443281462363,1.079650840241169,0.9605809938165923,0.8099606597823485
2405,Subject,Michael Wheeler,0.9300096938133391,1.0769881592148085,1.1561306425006768,0.956969579225204
2406,Though such,Michael Wheeler,1.1359964224694312,0.9435142290238199,1.1189444359063423,0.7915082510916673
2407,Our partner,Michael Wheeler,0.9164464278676944,1.0315630875212962,0.9874236816578162,1.0407352390677385
2408,Doctor improve,Michael Wheeler,1.0399702545821032,1.1289066582206055,0.9653600357815775,0.9873134445333411
2409,Trade hold,Michael Wheeler,1.0875972462778625,0.9268689327133405,0.7910314284505907,1.1572837249424701
2410,Ball energy,Michael Wheeler,0.9579182913888852,1.103778066201071,1.0168383477910632,0.9672196544513515
2411,Company six,Michael Wheeler,0.9761290107554197,1.0223977749482085,0.8210415198179759,0.9622944000393742
2412,Party good,Michael Wheeler,0.9925379764797294,0.8660439341810564,1.0332052818016093,0.9511036150079222
2413,Wind drop,Michael Wheeler,1.0666235225811918,0.8810103296570636,1.022103101451167,0.7141070117993717
2414,Door speak,Michael Wheeler,1.0299117593280784,1.0307097542788537,0.8537432284069527,0.9657790697426121
2415,Camera ten,Michael Wheeler,1.0747824968749553,1.0259039020204928,0.9476866643468498,1.1888571863506117
2416,Society,Michael Wheeler,0.8427033225113347,0.9574891692805406,1.0861029313276145,0.8278442708592474
2417,Ready theory,Michael Wheeler,0.9334602498089296,1.1308388620634917,0.9682479184090885,1.1094673946063112
2418,Food movement,Michael Wheeler,0.8647992120734844,1.0650338946455489,1.2570797735027734,0.9912218975979843
2419,Beat shake,Michael Wheeler,0.8918778223277977,1.0159765852064668,1.1373945641918828,1.2740557917590563
2420,Personal thing,Michael Wheeler,1.0583832106500832,1.2397756798513457,1.0887931634098857,1.1336626581928897
2421,Discussion,Michael Wheeler,0.8615806368503626,0.9236884631200466,1.1983895638517135,0.764397735160289
2422,Raise now,Michael Wheeler,1.021589516730214,1.1604435678375646,1.1768543997402094,0.8604434145870281
2423,Pay hope,Michael Wheeler,0.9010794572233207,1.1413951832628397,0.9970311592370337,1.0200971604758227
2424,Example rule,Michael Wheeler,1.2647667920970622,0.9431775644723431,0.9296269278917273,1.117263695865442
2425,Our himself,Michael Wheeler,1.0032444224841846,0.8011336094250758,0.9968557861602908,1.2057981249966117
2426,Degree author,Michael Wheeler,0.9754069776071836,0.9634941328986184,1.0916023745269638,1.0447607847906206
2427,Visit movement,Michael Wheeler,0.999646893303304,1.025369982215684,0.9983077330748268,1.071802386919696
2428,Apply seat,Michael Wheeler,0.9550259056048491,0.8885370568991495,0.883347797626401,0.9793571327613748
2429,Couple morning,Michael Wheeler,1.1515526550647197,1.0592321809081824,0.9419648341961225,1.0118548695644765
2430,Couple young,Michael Wheeler,0.9010927334351622,0.7948838235605826,1.0485932566038438,1.1552907256575577
2431,Science fill,Michael Wheeler,1.1853479488961516,1.0052964977833092,0.930504696987192,1.0178401280713136
2432,Thing before,Michael Wheeler,1.0620254715672204,1.0333237960135182,0.8948107399668411,0.9793789333709645
2433,Maybe image,Michael Wheeler,1.0040274946235164,0.8681778302298714,0.7790814366325773,1.1123308629251996
2434,Marriage least,Michael Wheeler,0.9627298479387737,0.9759014003873375,0.9836378425439019,0.9192961857177946
2435,Author field,Michael Wheeler,1.0656303310272772,0.9783153589976561,1.0553289341034842,0.9270561655065427
2436,Yourself at,Michael Wheeler,1.0259550534044344,0.9550013951133584,0.9840648749655216,0.9653321250728095
2437,Behavior check,Michael Wheeler,0.9042492111410503,0.9773911801857192,1.1587823955108028,1.0388470463947943
2438,Add door show,Michael Wheeler,1.0145150628841775,0.904365154668514,1.0545806917571616,1.0835867067133058
2439,Play word,Michael Wheeler,1.1807392697329775,0.8707289226894238,1.3361752352511633,1.0078461734211688
2440,Also clear,Michael Wheeler,0.886052557018644,1.0753031440687124,0.9485334525303045,0.9499516718155872
2441,From try,Michael Wheeler,1.1089754524808382,1.1136313923647454,1.0511843202067832,0.9872468948182265
2442,Former argue,Michael Wheeler,0.9373645063160472,1.1613261452047998,0.9330726989839208,1.0105012181218271
2443,Behind final,Michael Wheeler,0.9381611574053225,1.135258615982874,1.0266650765221588,1.0401197774760265
2444,Rest citizen,Michael Wheeler,0.9486182999166178,0.9700347280169548,0.8204844305040757,1.2492209214751102
2445,Seven but,Michael Wheeler,0.9600156799536539,0.7792836114100329,1.1106549236263845,1.027415082692911
2446,Ask site,Michael Wheeler,0.9638507973461605,0.9820454641319561,0.9743486217516389,0.7710203231706081
2447,Former star,Michael Wheeler,0.7761038576864795,1.098345990927031,1.0297949382597051,0.912043923347738
2448,Behavior lead,Michael Wheeler,1.1521191887596056,0.9285878940853717,0.9364444179889961,1.0384159025010988
2449,Expect song,Michael Wheeler,0.9389388923919111,0.9372480109145555,1.0206120300784034,1.230634760719469
2450,Thank only,Michael Wheeler,0.8611120531857901,0.8609433906356825,1.0099101667343138,0.8659270518186577
2451,Above effort,Michael Wheeler,1.090454885234836,0.9038066178414357,0.895044945624649,0.9956553851403153
2452,Board exist,Michael Wheeler,0.9179378355328736,1.049377795934043,0.9914626115786098,0.7455127858373894
2453,Computer,Michael Wheeler,0.9507730553941423,1.0143011953726668,1.027016710023981,1.0999023105833223
2454,Recently,Michael Wheeler,1.0889891024065215,0.9703527873009269,1.0348145274270926,1.0185444060042723
2455,Production,Michael Wheeler,0.8767067778852949,0.968068017415769,0.9150733336120129,1.0323348261804843
2456,Public agent,Michael Wheeler,1.0017545918269912,1.0839082295233868,1.0366995298821844,0.9395407346727995
2457,Something guy,Michael Wheeler,0.8532627860985496,0.8712250057111122,1.0785264730632353,1.1169738049371443
2458,Form myself,Michael Wheeler,0.9030036970727748,0.8498448943609362,1.062722084776065,0.778144928608258
2459,Seem southern,Michael Wheeler,0.741775698240015,0.907025584089538,1.0086182104112107,1.0308202579342745
2460,Institution,Michael Wheeler,0.9906962291838873,1.1347528682446093,0.9259512087816284,0.8724844736926826
2461,Front modern,Michael Wheeler,0.8869808346360298,1.0404509813159226,0.9295355166984091,1.0058412378225783
2462,Agent reality,Michael Wheeler,0.9901513755551812,1.1318239591787307,0.9206426632325799,0.9544555445201615
2463,Position whole,Michael Wheeler,1.158174841307442,0.9550183059578475,1.0664029638028074,0.9894988784111587
2464,Board when way,Michael Wheeler,1.0590939559680677,0.9765800585607404,0.8961767741643809,1.1009115212637615
2465,Every as group,Michael Wheeler,1.0826217627585806,0.8590309349189197,1.0758978243427721,1.0329157041074561
2466,Better station,Michael Wheeler,0.9175252650945767,0.8570860026979739,0.9785579178979773,0.9218217493938556
2467,Toward stuff,Michael Wheeler,0.776851805445598,1.0770500740217654,0.9853201786470468,0.871139810382777
2468,Ball question,Michael Wheeler,0.8339718210774676,1.07175045042522,1.0784026760114127,1.0278138606913505
2469,Time remember,Michael Wheeler,0.8862716250127184,1.0693706339779787,1.056240017005344,1.013309376030246
2470,Gun back,Michael Wheeler,0.8467189530933374,0.7561686239517011,0.9629410124289833,0.9621504663084595
2471,Apply play,Michael Wheeler,0.8706710518071171,1.0810999077579306,0.9079958085736366,1.0619002021458848
2472,Within news,Michael Wheeler,0.988277580731395,1.0401773238825172,1.0810387428572232,0.9524114380912083
2473,Tree fish,Michael Wheeler,0.9940883293446501,0.9491236732219408,1.0106234276100858,1.1446772773871592
2474,Left instead,Michael Wheeler,0.9364447583577572,1.0932047198870956,1.0720069292850223,1.0324059012146658
2475,Section best,Michael Wheeler,1.1238993919393248,0.9961066381291835,0.8643474934732089,1.0142782398418522
2476,Crime wear,Michael Wheeler,1.1589888999465172,0.8562375303992131,1.140222903431304,0.9724079647953621
2477,Family future,Michael Wheeler,1.0298640231225349,0.914636489518758,0.9781153123653189,1.2074042081368175
2478,School explain,Michael Wheeler,0.8025056328379475,0.9616571019240502,1.0562889535873594,0.9950363857579243
2479,Power range,Michael Wheeler,1.0627365589388478,1.0526503328266845,1.2193711744033908,0.9257431917631709
2480,Value,Michael Wheeler,0.9988546720409945,1.0315262745266345,1.0664459933347534,1.2391012039934146
2481,Pay win,Michael Wheeler,1.071785217447145,1.0849607414272489,0.9959700549069855,1.0681235069100439
2482,Success why,Michael Wheeler,1.1545534940943714,1.0311104267068727,0.955502455487232,1.090410646809678
2483,Success both,Michael Wheeler,0.8608894578944211,0.9287582662412228,1.0551424835744476,1.056999720870223
2484,Staff live,Michael Wheeler,1.0798290773907704,1.0875958754765227,0.9452020902950538,1.0025139101320155
2485,Number many,Michael Wheeler,0.9480476314496529,1.1696162406729678,0.9969923218216533,1.0252452535882475
2486,Product,Michael Wheeler,0.940200585218943,0.9548945970743205,0.8318708888295916,0.8568174837923233
2487,Its agency,Michael Wheeler,0.9838973561605941,0.9148868614812278,1.1762813803502403,1.000143502975547
2488,Onto person,Michael Wheeler,1.0069752830806498,1.0596932069974743,0.8602849686858636,0.9114570767528538
2489,Performance,Michael Wheeler,1.0449710824444187,1.090458154038297,1.0817515663067183,0.9110065503349695
2490,Player thank,Michael Wheeler,0.9738318262039619,1.1034531718448048,1.1080126045771665,1.062474161998142
2491,Production,Michael Wheeler,1.1132361562705702,1.196170925458454,1.0583795399751044,1.0502132840725258
2492,Sort guess,Michael Wheeler,1.041653151392854,0.8584546223799755,0.9987254871313891,0.726114635864147
2493,Here south,Michael Wheeler,1.0755895050309359,1.1086797616767972,1.0118011647116956,1.0185808563705927
2494,Section,Michael Wheeler,0.8523902440321579,0.9462289949571028,0.9230884002637948,0.6907447538495266
2495,Cultural sure,Michael Wheeler,0.926014944033461,1.0777088428168773,1.052459095955958,0.966893636810656
2496,Nothing,Michael Wheeler,0.9252328849123529,0.9385719178302496,0.9572420062075129,0.9988483900789585
2497,Above left,Michael Wheeler,0.8910854596295421,0.9431128864555416,0.9268621019145039,1.1181889383280983
2498,Worry civil,Michael Wheeler,1.1539360748933876,0.8782000665376456,0.9455433367481805,0.9142332438412261
2499,International,Michael Wheeler,0.9469389674444428,0.8238503092704521,0.8851328836216317,0.9890023204818902
2500,Work trial,Michael Wheeler,0.9658040235336555,1.0407726447700911,1.1299145472938852,0.8173036011002105
2501,Newspaper,Michael Wheeler,0.9852048700602434,1.121213698831803,1.0525485204663823,0.936517737524144
2502,North however,Michael Wheeler,0.9035706519998128,1.1042453324864907,0.8903589058220872,1.16469886925767
2503,Market say,Michael Wheeler,1.0974213423522952,1.0071341495048274,0.8954633823490709,0.9975038420631159
2504,State least,Michael Wheeler,0.9197399659702127,0.7704258772754368,0.9836101431716954,0.9678529550490099
2505,Play own,Michael Wheeler,0.9229018193996722,0.9546490111234776,0.8485804730812662,1.2375358366949318
2506,Another,Michael Wheeler,1.0094997852768328,0.9077042487025002,1.0872027933205013,0.8869474442479222
2507,Voice too,Michael Wheeler,1.0742703366630193,1.0039682902330496,1.2374136437071281,0.9157886134205478
2508,Represent,Michael Wheeler,1.0578129890341623,1.1107128926710046,1.137182474953807,1.0957744730119452
2509,Month author,Michael Wheeler,1.1756426428902655,1.0222689956726625,1.015183646719607,0.8660704531307561
2510,Maybe,Michael Wheeler,1.0703872872298246,1.0597246638101407,0.9522837905026663,0.876271803717892
2511,Plan voice,Michael Wheeler,1.1436722016407337,0.9018541247238079,0.7538347473605465,1.1302070512239837
2512,Answer spend,Michael Wheeler,1.0621311335175299,1.0408159682382259,0.8713466953576463,1.0715176750243869
2513,Current sound,Michael Wheeler,0.8791696130280842,0.9841117264591572,1.0210090204375208,1.1713903968677115
2514,Cut office,Michael Wheeler,1.0639117284563424,0.8492362283698878,0.6825763689307155,0.9624533747219493
2515,Inside thank,Michael Wheeler,1.1013431652864458,1.0637794220456172,1.0669721411299362,0.97085540010866
2516,Player well,Michael Wheeler,1.0815013423609,1.0409459237575467,0.8982017129632376,1.0005511169251458
2517,Reveal reason,Michael Wheeler,1.2262646214377053,0.9468045623976337,1.1319281154489276,0.9333559527265526
2518,Article name,Michael Wheeler,1.0320958289945168,1.096403288749896,0.9124194987722852,0.8840831860622302
2519,Artist matter,Michael Wheeler,0.9225239441448104,0.9226381961520035,0.9407568287530074,1.036338130785007
2520,Man claim nor,Michael Wheeler,1.0481277961647721,0.9718872730044362,1.1146375258237045,1.1912109928922905
2521,Teach hour,Michael Wheeler,1.124013999176164,1.048818554260149,1.1010848194254848,1.1324990710668503
2522,This already,Michael Wheeler,1.0216035798028757,1.115539357258934,0.9746106524790423,0.9678903878398785
2523,Then see set,Michael Wheeler,1.1709922187393067,1.0370679602245754,0.8464790445653574,1.175964057390328
2524,Five since,Michael Wheeler,1.0790507078142433,0.9055591828773223,0.934717703231832,0.9139430433881843
2525,Service,Michael Wheeler,0.9999155615474392,1.0227695902597618,0.8978602162596829,1.07789173836182
2526,Another,Michael Wheeler,1.109968277708926,1.0579382086269644,0.9894883096953072,0.9412593304839261
2527,Season expert,Michael Wheeler,0.8870832403378692,1.0574952447907615,0.9879819777772032,1.130708654242033
2528,Few shake,Michael Wheeler,0.8855227599496651,1.0074710346194387,1.2897102116887913,1.0184206384667909
2529,Dinner wait,Michael Wheeler,1.0963907175218497,1.0962852825048726,0.9401990600826095,1.1673726915975329
2530,Range step,Michael Wheeler,1.028272583370012,1.0097168170510245,0.9405389567098991,0.9194463044934055
2531,Foreign field,Michael Wheeler,0.8685850142039424,1.1383558464261854,1.1235635897059761,1.0304396768172075
2532,Oil join than,Michael Wheeler,0.8619287835435828,0.9779717579473842,1.0110526665120572,1.147400290479458
2533,Body military,Michael Wheeler,0.9158217115231111,1.0747435457379138,0.9707778588430678,1.0321358396746212
2534,Market size,Michael Wheeler,1.0188292016260059,0.970686457421397,0.9290512722522015,0.9840385547593596
2535,Head include,Michael Wheeler,0.8977007835717287,1.084354918101409,1.1034972740229352,1.0775835994031764
2536,Election day,Michael Wheeler,0.8546207744103644,0.9847101586720676,1.0704723176354076,0.9527200031877094
2537,Street party,Michael Wheeler,1.1266723569581254,1.0607033975275684,0.9028362663238059,0.9911038539382863
2538,Simply,Michael Wheeler,1.020278988655975,0.9620539692865253,1.10674794305136,1.1258793425643179
2539,Available town,Michael Wheeler,1.055180293163929,0.9830048101484858,0.9253156347559693,1.0160068382088918
2540,Turn control,Michael Wheeler,1.0034743048666295,1.0619527013089043,1.0766864264617793,0.7659241419139222
2541,Recent not,Michael Wheeler,0.9486421682681097,0.8958367995005324,0.8437712109070268,1.0800674054668145
2542,Guy,Michael Wheeler,1.053242251581966,0.9738697663880423,1.0059915810979985,0.9620128413062831
2543,Always major,Michael Wheeler,1.07166639098271,0.9946941695138851,0.9372039714369521,1.0557578216835395
2544,Know develop,Michael Wheeler,1.0348041779110317,1.0573078171779708,0.9672212286324712,0.9705365822129023
2545,Second first,Michael Wheeler,1.1552535883394186,1.0192486438126132,0.9958530113386734,0.9287324261529609
2546,Measure hand,Michael Wheeler,1.0543892152771022,1.0114737008762797,1.0700969762255284,0.873067312407597
2547,Shake,Michael Wheeler,1.0757929936887507,1.0092676530836897,0.9269355928321512,0.9271196979495044
2548,Century oil,Michael Wheeler,0.8977135099279108,1.0668685110256317,0.9973568113447426,0.9432821867575778
2549,Guy they me,Michael Wheeler,0.7823619368974555,0.9496325004388959,0.9756355272375177,1.0174390934017348
2550,Along ten get,Megan Leonard,1.0667695105271968,0.8282241049063527,1.1403340658746872,0.9319099325476183
2551,Structure,Megan Leonard,1.0509973971973596,1.008254317933476,0.9860854909126275,1.0803150319042483
2552,Member,Megan Leonard,1.2580566841599972,1.165407929257418,0.8389315128162025,1.172664201841789
2553,Every today,Megan Leonard,0.7754235130579101,1.061680778761532,1.128226155326562,1.1153055437969015
2554,Technology,Megan Leonard,1.0244935895081302,0.9387186746576023,0.8649706028612876,0.9794888673296338
2555,Major seem,Megan Leonard,1.1229064588871203,1.118410506703036,0.9669345515853037,1.109808650741367
2556,Family,Megan Leonard,1.0195066862627573,0.9663430000189308,0.9630150285484862,1.0019390905742018
2557,Want station,Megan Leonard,0.9618045800765185,0.9868863300202505,0.941980497953341,0.973560289849017
2558,Along tax,Megan Leonard,0.9898609821323763,1.1103942777227365,1.0197477414023293,1.1821389835119496
2559,Pass when such,Megan Leonard,0.9430051540034298,0.9995553836387466,1.1009299248365931,0.9440596201600302
2560,Nor there,Megan Leonard,1.0348049921362041,1.0612472085616942,1.046673655585418,1.0572322948961064
2561,First,Megan Leonard,1.1944308269499897,1.0880549746719763,1.0063979949634594,1.2061897834375546
2562,Set ago school,Megan Leonard,0.989650822818782,1.0348651875745571,0.9236568234681248,0.9669954039307344
2563,Future person,Megan Leonard,1.057246003768283,1.0166032550414794,0.9601265028908077,1.0358979721891528
2564,Citizen,Megan Leonard,0.9637151066910646,0.7982489648616043,0.9031117780129162,0.8752928938393613
2565,Available,Megan Leonard,0.9688302454992979,0.8811532591703858,1.157071770233665,1.1309325334226445
2566,Value coach,Megan Leonard,0.9767121965490495,0.9055671896229329,0.9731772616733958,0.9768407936644165
2567,Stage pressure,Megan Leonard,0.9851452998914352,1.0682391272948188,0.9850406777501427,1.181530219926687
2568,Personal might,Megan Leonard,1.0905000135441973,0.9239426196779554,1.0575557259467865,0.9705086308038078
2569,As red white,Megan Leonard,0.9210183218159353,0.8689767607634513,0.8776830677588998,0.9144752727509005
2570,Include born,Megan Leonard,1.0196013238628414,0.9876063542930271,0.9977051607144842,1.077503544557278
2571,Medical soon,Megan Leonard,1.0715313815580816,0.9995290974350798,0.8349618746331398,1.133445680195365
2572,Even safe,Megan Leonard,0.766085852179953,1.0755276954050583,1.0429339691057202,0.9575918269666327
2573,Door need,Megan Leonard,1.0544979725528063,1.0274005133056843,1.0218260434436475,1.1825018962008436
2574,Mention apply,Megan Leonard,0.9566383906470407,0.9229735921952466,1.0713391524761409,1.045438958139216
2575,Floor affect,Megan Leonard,1.0709743136163021,0.9076371278388016,1.0260840165530418,1.0576773375422748
2576,Question,Megan Leonard,1.1166211972198925,0.8711777822848187,0.9110629562096488,1.024157344848568
2577,Operation,Megan Leonard,0.9386470901083358,0.8096068412743895,1.1648355341840473,0.9717755279012099
2578,Explain ever,Megan Leonard,0.9668044368884432,1.1087471711838208,1.0846635541965965,1.0176027926422715
2579,Yeah one,Megan Leonard,0.9701886889318768,0.7811930580296733,0.9683604152531012,1.0068767428517906
2580,Support feel,Megan Leonard,1.1881124108748757,1.0190993354868096,1.0435757519281166,1.0797780392997776
2581,Us travel,Megan Leonard,1.0662736005606754,1.1089860363925321,1.1002997000864863,0.9413804550497655
2582,Parent,Megan Leonard,1.1118921869880622,0.9615211910071648,1.1824960456864124,0.9229740336453898
2583,Consumer poor,Megan Leonard,1.1813499423294194,0.9682957820543926,1.046317921926718,0.9960898571457202
2584,Civil,Megan Leonard,0.7872075858646839,1.1128039319959488,1.011439015186664,0.9608888510878659
2585,Us important,Megan Leonard,0.985378192324306,1.0743508560085608,1.0230043844174532,1.234553174877387
2586,Program point,Megan Leonard,1.1080056247957504,0.952519892015091,1.3964024642947093,1.0750891031210852
2587,Yet possible,Megan Leonard,0.8038132642140645,1.0005839910954704,0.9365739725168593,0.9660734113290284
2588,Table physical,Megan Leonard,1.194963411578825,0.9027864439272838,0.9921975015552857,1.0096674269458934
2589,Cause receive,Megan Leonard,1.0018056724721331,0.9382773948487719,1.0710888398094895,1.009294405495594
2590,Wonder place,Megan Leonard,1.1377391953669895,0.9614764628419976,0.9603574742260133,1.1175593221110007
2591,Thing,Megan Leonard,0.9493892983435398,0.9379896062542281,0.968261604203147,0.96905058441684
2592,Front fly real,Megan Leonard,0.8774767130085102,0.9179211721038032,0.9941089058020148,0.9750442860052553
2593,Various attack,Megan Leonard,1.034524076961488,1.1149283528399074,1.1665110057239738,0.9350658621894435
2594,Task reach,Megan Leonard,1.1182866837832,1.0580600917000942,0.962400571862508,1.216696640765379
2595,Later cut,Megan Leonard,0.8072676994320279,1.0367547883778663,0.9362039905341862,0.8929913532597328
2596,Piece partner,Megan Leonard,0.9825852208217717,0.9815366844415155,0.8928553226589143,1.1107102764782575
2597,Ten news wife,Megan Leonard,1.0327150173599435,1.1064195074416627,1.020914292758845,0.8805286675038526
2598,Build travel,Megan Leonard,1.019780068525482,0.916342600861935,1.1011085220424053,1.005704982169426
2599,Site possible,Megan Leonard,0.8439693126927929,0.9656147523530747,1.0279455116510965,1.1442464864987996
2600,Able bar I,Megan Leonard,1.1942953315699332,0.9481468407799769,0.9049221476037033,0.8715889732154379
2601,Find water,Megan Leonard,0.8851246622496683,1.1110137766049688,1.0134501864438723,0.8962324219735143
2602,Their,Megan Leonard,1.0956604588719552,1.1087882199556585,1.0146214875140294,0.8856864161804732
2603,Agree mean,Megan Leonard,1.062430994494024,1.0437782092326837,1.0460284769204726,1.0480849510070636
2604,Door evidence,Megan Leonard,1.148485295295983,0.8481670211004683,0.871403744521225,1.0607885314558252
2605,Hope control,Megan Leonard,0.8487767450632253,1.0553382578848451,0.939571911926725,1.104842068257138
2606,Tend single,Megan Leonard,1.1545513413360275,1.0844137303379353,1.0791450546298,0.9365104747568049
2607,Speech during,Megan Leonard,1.1233510483081115,1.001574307497264,1.0799247049210452,0.9985814250759921
2608,Interesting,Megan Leonard,0.8898046932829841,1.0546500331753703,0.844088641113969,1.1255317630481767
2609,See attention,Megan Leonard,0.9419387266054159,1.170838266734373,1.1636004222500242,1.0083770863770887
2610,Today,Megan Leonard,0.7974386100672453,1.0506286535932714,1.0290298389873853,0.8977223450302122
2611,Stock thank,Megan Leonard,0.9816547696884336,1.0518221189661618,0.9504339718454858,0.8936644932591925
2612,Allow keep,Megan Leonard,1.0282031365108797,1.0430463797250482,1.050956675977328,0.7674496960475043
2613,Yeah very,Megan Leonard,0.9568753966369004,0.9333136963989949,1.0921501125375375,1.0375116045690163
2614,Act more,Megan Leonard,1.2232055924590135,1.0978571949935279,0.9794327470846674,1.0265376242127289
2615,Challenge,Megan Leonard,0.9523994801416795,1.0927031079686242,0.8782581468445232,1.0990326622700863
2616,Either least,Megan Leonard,0.9610099177717125,0.8715711779541873,1.0258919225321919,1.0998198766135594
2617,Several fast,Megan Leonard,0.856445870343647,1.1032362967171288,0.9934536475740154,0.9963643161242988
2618,Service,Megan Leonard,0.9395594166309046,0.973778346330365,0.8650111048193534,0.9662702131087905
2619,Message,Megan Leonard,1.0675021816340793,1.0667329316918772,1.0042834147995052,0.9556903097969001
2620,Debate every,Megan Leonard,1.0373640053569981,1.0431710616631564,0.9340536232684858,0.9016948588253946
2621,Inside key,Megan Leonard,0.9113999905453822,0.7667983509963374,1.0509392868999825,0.9493876603945122
2622,Within result,Megan Leonard,1.013706325758721,0.9192324391781479,0.8685027165834543,1.2479647115944066
2623,North trouble,Megan Leonard,0.9545816986322129,0.9071552277815712,0.9971902555376347,1.048719425315539
2624,Collection,Megan Leonard,0.9432701358923459,1.1831751626960023,1.0209695112399357,1.057994002857411
2625,Talk ability,Megan Leonard,0.9192336377637856,1.1084744550935817,1.0381444921583156,1.0304264802836054
2626,Smile company,Megan Leonard,0.8440635125547121,1.0919191745659815,0.9978768684292454,0.9945123718324227
2627,Wear life,Megan Leonard,0.9187674105645967,0.8272552937471976,0.9683373638070945,1.0171981299583401
2628,Those kid,Megan Leonard,1.0487822253021488,0.9206444963718634,0.9840018699620801,0.7589827003946799
2629,Subject assume,Megan Leonard,0.8942903849962792,0.9519044587168816,1.007248948835528,1.07816992977821
2630,Group small,Megan Leonard,0.8627921375776346,0.9890679451662665,1.1348877930429793,1.0818744854270852
2631,Finally,Megan Leonard,0.9379515529219054,0.9996305491430736,1.0341667190335775,0.8970849809059013
2632,Focus,Megan Leonard,0.9952904492589892,0.8329732072614213,0.873780147202897,1.0934919001619805
2633,Bank foot,Megan Leonard,1.0429000604367655,1.0616375690345348,1.1092828146174436,0.9936718709624058
2634,But edge,Megan Leonard,1.0585899094057107,0.9851832681324613,1.0969123767327356,1.0310683571797865
2635,Me current,Megan Leonard,1.0301953049561623,0.9826413784156229,0.9024716932026249,0.9499883826278979
2636,Happy reality,Megan Leonard,1.0137855843896464,0.9895456092201578,1.0612228144630644,0.9715858945424907
2637,Society indeed,Megan Leonard,1.0052410415302684,1.0830670115471903,0.9752236273473571,0.9906524203125451
2638,Eat if,Megan Leonard,0.9162572212857872,0.7949655338200339,0.8911742181730664,1.063206838752798
2639,Hour unit,Megan Leonard,0.9686125001213468,0.9217490543773644,0.9453454756777778,0.8821127266862752
2640,Per around,Megan Leonard,0.8607432709090602,0.8987639054268869,0.7876120856076413,1.037939879165832
2641,Side off hold,Megan Leonard,1.0961501205327426,1.0942492219672992,0.9490021777959724,0.946386006999598
2642,Fill true,Megan Leonard,0.9753534629118757,1.04942026770924,0.9095481671017533,0.8033633245431551
2643,Federal drive,Megan Leonard,0.9751511074130956,1.08134330675771,1.041724254169092,0.9364866548347877
2644,Those will,Megan Leonard,1.0347413426486674,1.1353926066984714,0.9854180760389474,1.0255648147336562
2645,Attention,Megan Leonard,0.9894378700703356,1.0298189271799525,0.9614091266171443,0.945907268018573
2646,Organization,Megan Leonard,0.7970273152595729,0.9825815108711625,1.0683315838168093,1.1246475176415085
2647,Fall side,Megan Leonard,0.8825150375629424,1.0319801972838625,0.8247794605416264,1.0142843672279644
2648,Fly call,Megan Leonard,1.037448974228181,0.8948151906834542,1.036561559275246,1.0597224158661183
2649,Recently,Megan Leonard,0.9821839447044014,0.8677944570690996,0.9561413784659251,1.1185942768553494
2650,Have fund pull,Megan Leonard,1.2229441329265796,0.939489743870141,0.9483562062290296,0.8819249765306041
2651,World daughter,Megan Leonard,1.0040557182957186,0.7951667168771309,1.0142838980808344,0.9704756561059377
2652,Media without,Megan Leonard,1.0806527781370032,0.9481061810740458,0.8819266630457988,1.1201057973390842
2653,Someone,Megan Leonard,1.0461343155108629,0.9491065027058173,1.0168175299677629,0.9803410614328973
2654,Republican,Megan Leonard,1.153146762128455,0.7440368971298498,1.0774846235612803,1.1888938101087398
2655,Glass,Megan Leonard,1.0983503137863166,0.9301015713859625,1.033589505042735,0.9387486527654568
2656,It news red,Megan Leonard,1.0893892665670304,1.022134656506728,1.0589988716536087,0.8578768100215279
2657,Although,Megan Leonard,1.0096142951134577,0.8709743811809552,0.9792747632021168,0.917365564719778
2658,Reality ask,Megan Leonard,1.063422883963146,1.008725354663733,1.0263617166898162,0.9133331693735256
2659,Audience war,Megan Leonard,0.9396559690631175,0.7560447971093255,0.8817783133367553,1.086912210397074
2660,Ready ago,Megan Leonard,1.086389464720997,1.0716328839495866,1.0902852526832574,0.9317388173141852
2661,Decide,Megan Leonard,1.0895785614402698,0.9020078997642326,1.045513006894965,1.0495419799291426
2662,Especially,Megan Leonard,0.9650663575537978,1.1696582559909154,0.9439348157678793,1.1094001314047826
2663,Loss result,Megan Leonard,0.9185790924668515,0.9523130779590891,1.0708402555858523,0.9079639638247855
2664,Institution,Megan Leonard,1.0498056497898918,1.0256233743408703,1.0959460463062147,0.8774257218040493
2665,Moment let,Megan Leonard,0.8745196934036479,1.0801898568898054,0.83684645083211,1.0023427695275087
2666,Next effect,Megan Leonard,1.162156788066172,1.136271313262411,1.1088349030137534,0.965125768840965
2667,Doctor against,Megan Leonard,1.0298646279195727,1.0372885984435987,1.0173168041131195,0.8591562097453179
2668,Particularly,Megan Leonard,1.033177204479079,1.0403966669472269,1.0181240316181446,1.1754060226719134
2669,You cultural,Megan Leonard,0.9956926103019018,0.9122034859959247,0.9238339287523177,0.855492553546092
2670,Chance brother,Megan Leonard,1.1176693474443555,1.1591497619075686,0.9503053782824088,1.1173125335703336
2671,Home blue tell,Megan Leonard,0.9100343192160342,0.9356703507890088,1.2058020746008007,0.8056231619562524
2672,Create yard to,Megan Leonard,0.9668891869914158,1.1268374344625463,0.8865628100259523,1.0245374782203618
2673,Bill,Megan Leonard,0.8725810006332577,1.052324862799622,0.881458573831613,0.9701708820554756
2674,TV happy side,Megan Leonard,0.9545771809112118,0.9612508091635165,0.8717222828766474,1.1667949734684013
2675,Condition,Megan Leonard,1.0706131395539777,0.9230687897661214,0.842416044279078,0.9443879183069669
2676,Explain entire,Megan Leonard,1.0600167037469865,1.0699083991951268,0.7607849563648738,0.9460367542761547
2677,Either,Megan Leonard,0.9678709129841383,1.1521503521972014,0.9127734065070149,1.0205052870523748
2678,Result little,Megan Leonard,1.1315364224858468,1.046707469766707,0.9684714477186495,0.9986520706445996
2679,Approach how,Megan Leonard,0.933112926833433,0.8091860726887025,0.9327459512856412,1.1832086243701205
2680,Use industry,Megan Leonard,1.0216721018469623,1.0053440213275504,1.0806045496602548,1.1217742098913186
2681,Recently,Megan Leonard,0.9240466358321502,1.0085931508902837,0.875105361260528,1.0298926773181536
2682,Evening,Megan Leonard,1.1489661345765885,0.8667728312152579,1.0510089114484022,1.016957553468098
2683,Father discuss,Megan Leonard,1.0502332888836778,0.9069069342268168,1.0518117654063746,1.008187675196598
2684,You white,Megan Leonard,0.8767380089097061,1.1482960425597102,1.0705900650990487,1.0455060975714339
2685,Side can two,Megan Leonard,1.0792647012648746,1.0573690854537545,0.9766611734151144,1.0711111863522937
2686,Everything you,Megan Leonard,0.9144067757798453,1.0214947876393874,0.9251046481090606,0.9051112632629282
2687,Hot strategy,Megan Leonard,0.9404094504386349,0.9362437580578059,0.8587672526962085,1.0851448691076808
2688,Cold wind,Megan Leonard,0.9000149363877438,0.9593213480975414,0.9388647880532826,1.1768620402560233
2689,Section floor,Megan Leonard,1.0116264139998816,0.8644186708485179,0.9812092642551993,1.0765989742554938
2690,Wait next,Megan Leonard,0.8363639700196175,0.9690220991556319,1.1215440310289342,0.8170999389811355
2691,Entire picture,Megan Leonard,0.9339716826378571,1.0738495925533709,1.0793850493296415,1.0513538422724835
2692,Quality white,Megan Leonard,0.8906166309591147,1.1420887850440695,1.0161789334267473,1.0360489737158378
2693,Fear parent,Megan Leonard,0.8800862397558982,1.0109330801952587,1.0450186744125485,0.8775974027009295
2694,Us difficult,Megan Leonard,0.9213140589123061,0.8888095673815305,0.9827448285848012,1.2524244005874723
2695,Raise happen,Megan Leonard,0.9922654164193865,1.0425477644903012,0.9831608479192664,1.247714605301222
2696,Final,Megan Leonard,1.1656764297023066,1.1105425501459525,0.7828535381337707,0.9693096756004886
2697,Page foreign,Megan Leonard,0.9794775029411961,0.8916693909922799,1.0682508497999,1.003703402697344
2698,According,Megan Leonard,0.9456904381882769,1.1095654570768516,1.0168323592555266,1.1893672134363769
2699,Tax seem tax,Megan Leonard,1.111039876299634,1.1364436113891303,0.8324839628661962,1.0930905715110384
2700,Head begin,Mark Blackburn,0.9550018591136229,0.9918126719531912,0.8148979044498734,1.0414280535621343
2701,Sound shoulder,Mark Blackburn,0.9164720940538091,0.9567659044168514,0.8545449978547712,1.0124635043145995
2702,Continue,Mark Blackburn,1.163735676259856,1.0487185070727638,0.9551172807106918,1.0630359084941936
2703,Record him art,Mark Blackburn,1.0253154109468596,0.8781529980263141,1.0738943593551624,0.9412412320720598
2704,Down need,Mark Blackburn,0.9788419104183079,0.9905344089715453,0.8481218972838149,0.7991497562189721
2705,Catch,Mark Blackburn,1.044097555542842,1.043844803414114,1.1053932060699951,0.9677838063159581
2706,People job,Mark Blackburn,0.9486126700787333,0.9291338723919117,1.0296962286162474,1.1554429279514933
2707,Sense top,Mark Blackburn,1.1192672347932218,1.0555993101219314,1.1059679265368139,1.076915019924387
2708,Policy month,Mark Blackburn,1.1174118296452276,0.8157781078530272,0.9328856366425557,1.0745797380096669
2709,Understand,Mark Blackburn,1.0439287979178222,1.0253863912968117,1.0398725062719127,0.9783512570193942
2710,Myself,Mark Blackburn,0.8275392718120743,1.1375559733033886,1.0285456442429284,0.8881696143491385
2711,Better style,Mark Blackburn,0.9514554396840135,0.896854330714564,0.8864680258828366,1.0915735352198372
2712,Policy clear,Mark Blackburn,0.9924268446353912,1.056961985311071,0.9827104338835313,1.1474637057906083
2713,Send yard wall,Mark Blackburn,1.012711052293498,0.8873114801847517,1.0470731427383626,0.9883155090888277
2714,Scene interest,Mark Blackburn,1.0061804333383442,0.9851832339704255,0.8233687983545865,1.0276137736053956
2715,Man,Mark Blackburn,0.9707737551360508,1.0094176562342931,1.024976781481184,0.968529633767662
2716,I base may,Mark Blackburn,0.9554884979345596,0.9729240650526935,1.0068960159465663,0.9371482397295972
2717,Trial,Mark Blackburn,0.9115897568239467,0.9177137313929734,0.9136656021995068,1.0071276179671316
2718,Say five step,Mark Blackburn,0.7942112393213092,1.009310236619161,0.998996058173056,1.159441167991977
2719,Present only,Mark Blackburn,0.8051794929914977,0.7777804502719603,1.0656956044058497,0.9851907779202752
2720,Allow never,Mark Blackburn,1.2124920765313467,1.076293875032263,1.0363222171585915,0.9381347210892489
2721,Painting,Mark Blackburn,0.9517968799336453,1.0910514722910585,1.0810121673572453,1.1088469524723066
2722,Fish full,Mark Blackburn,0.7489415724514703,0.9900901220480769,0.9674122519400816,0.9141532252469246
2723,Toward work,Mark Blackburn,1.0496247827945488,0.9296832660940083,1.1289849750270156,1.0950240892181171
2724,Thousand,Mark Blackburn,0.9882705803428558,1.0172187032933007,0.8954991065172531,1.1014265843951467
2725,Here nor dog,Mark Blackburn,0.9412203059545432,0.958427494313384,0.7942407431559744,0.907999475150477
2726,Writer,Mark Blackburn,0.949908410327533,1.063619742476287,1.1386997146057316,1.06183140757055
2727,Available,Mark Blackburn,1.1325595700617301,0.9582296862631605,1.0256737050693756,0.8166297089443542
2728,They rock,Mark Blackburn,1.1190519960035556,0.9248386565967415,1.223300542161208,0.8826653548755827
2729,Single adult,Mark Blackburn,0.9141295159725791,1.0256572626573248,0.8627285776245527,0.9010478951783273
2730,Citizen visit,Mark Blackburn,1.0343902220679975,1.11853356291531,1.0080730273798661,1.0977501318001603
2731,Admit range,Mark Blackburn,0.9641088601292377,1.078741027289636,0.909948343028526,0.9957743784881359
2732,Modern toward,Mark Blackburn,0.9163829899208669,1.1293903500421016,0.9616034742328967,1.0587484781999583
2733,Painting,Mark Blackburn,1.1254740003984105,0.900096325878867,0.8788732101445194,1.0459324696754586
2734,Several energy,Mark Blackburn,0.8935533423634662,0.9008904681123246,0.9482610980847871,1.1493206580993223
2735,Minute decide,Mark Blackburn,1.0830143291416647,1.1075795715525565,1.1835272898235907,0.92828709376886
2736,Pay he seat,Mark Blackburn,1.0683003174074759,1.0938491769373204,0.8598922961852338,1.08427341469398
2737,Thus customer,Mark Blackburn,0.8663645083992831,1.0346606685023176,0.9898700664244358,0.9915708546606216
2738,Authority,Mark Blackburn,1.055218006649572,1.0075272956301211,1.0337751130398682,0.8726809273966247
2739,Student matter,Mark Blackburn,0.9380953843618731,1.0058688267097944,1.1152245326705972,1.013858876437228
2740,Any relate,Mark Blackburn,1.1551307244871185,0.9546830572160414,0.9163440245104182,1.1116198523455563
2741,As much,Mark Blackburn,1.1168548845533783,0.9912009613180653,0.9501785398122741,1.0763073909649468
2742,Produce,Mark Blackburn,0.8659636028885719,0.7951332903047718,0.7515784389259232,0.9961307802295124
2743,The admit,Mark Blackburn,0.9963080384469621,1.044600469534595,0.9132497172255035,1.0482934865352163
2744,Skin after,Mark Blackburn,0.9647510818664076,0.9248334254250232,1.0481867811011645,0.8116788907691059
2745,Particular,Mark Blackburn,0.9375008267684213,1.0914984058880213,0.9997328683983445,0.9331859572258187
2746,Remember,Mark Blackburn,1.0257896653215177,1.1436573569059045,1.072579838300395,1.079611750918527
2747,Require view,Mark Blackburn,0.7902502849255345,1.0725418167153464,0.977031714472665,1.047678339175724
2748,Notice stand,Mark Blackburn,0.9658674097588734,0.9414073123632298,0.9377229885724875,1.0687432271671637
2749,Program,Mark Blackburn,1.1429671006760294,0.9361889216930092,1.0890884661552644,0.9214534023323818
2750,Coach picture,Mark Blackburn,0.8744624061652226,0.7506805331906234,0.8480555079891224,0.981644467262659
2751,Evening south,Mark Blackburn,0.9812935296805215,1.0406416129299896,1.0380281586185494,0.9286153418920043
2752,Him yet hotel,Mark Blackburn,0.8736325892703859,1.1066967360110582,1.0845723131643559,0.9226803823268275
2753,Little it,Mark Blackburn,0.9959811549739939,0.7644825204501782,0.8930660643562973,1.0359962120858202
2754,Cover industry,Mark Blackburn,1.2155401154532604,1.0649982720013131,0.9209502336150713,1.143271486762976
2755,Mouth nearly,Mark Blackburn,1.0377740895443444,1.0313119544749556,0.9574942969936,0.9575808131189777
2756,View see pass,Mark Blackburn,0.8988503581770428,1.021661609295987,0.9611499783426152,1.0256114553853983
2757,Prepare push,Mark Blackburn,1.0330874551908218,1.1544780139365798,0.9769111058971467,1.0011909438000428
2758,Every relate,Mark Blackburn,0.9175285560262533,1.1037360879382598,1.0880225065492402,0.7920543808929964
2759,Open medical,Mark Blackburn,1.0885007173629553,1.09280865783535,0.934812435205138,0.8589735138813108
2760,Collection,Mark Blackburn,1.043186561010952,0.9256026929167593,1.2093796364426044,1.0839832662228535
2761,Time medical,Mark Blackburn,1.0019501057194924,0.9767535854599612,1.127390864661194,1.05915717106857
2762,Do table fall,Mark Blackburn,1.2147116843509629,1.0658851624246222,0.9619962464548611,0.9873704693047468
2763,Forget past,Mark Blackburn,1.0025341747089023,1.1708571997467867,1.0209914212883857,1.194109886418014
2764,Around,Mark Blackburn,0.8728437607419185,1.1396730844362908,1.085401021556211,0.9821813131139888
2765,Environmental,Mark Blackburn,0.9260542151956852,1.0605786594432816,0.9266459189997038,1.0107171440920961
2766,Expert fire,Mark Blackburn,1.111295382737767,1.113837206758948,1.0689571698671685,0.8943899834705608
2767,Say push add,Mark Blackburn,1.0012290872113856,1.177323355583898,1.0481230989936634,1.1843729050740515
2768,Power yes,Mark Blackburn,1.0322602567578443,0.9248646786838728,1.0464313605611393,1.029343338372364
2769,Surface place,Mark Blackburn,1.0833268554210378,1.0566211216643302,0.9041378725723619,0.9820733286933692
2770,These,Mark Blackburn,0.9745552313506664,0.9519307398465922,0.9728048839290722,1.019569939558198
2771,Pay office,Mark Blackburn,0.8841724949210579,1.0772803944711717,0.7910162783441674,1.1038873178600466
2772,Account data,Mark Blackburn,0.8313815011224573,0.7910294657003749,1.0502691748970774,1.092731402167239
2773,Let in walk,Mark Blackburn,1.0508798212787918,1.0104782787641708,1.0782227144845868,0.8792832736466459
2774,How must over,Mark Blackburn,1.0556257315757391,1.203436859214014,1.0099438237751395,0.8821876858988724
2775,Style he,Mark Blackburn,1.0870043734705326,1.0347537667340543,0.9605171682071154,1.1567750749723098
2776,Argue long,Mark Blackburn,1.0457402040679173,0.9794003394081817,0.9406660069308339,0.8120832754891463
2777,Example win,Mark Blackburn,1.001149265766593,0.9092062716820779,0.9026539775714926,0.8624142180687389
2778,Dog also close,Mark Blackburn,0.9666953017727637,1.1375409193625656,1.0050425518765562,0.8719753650989076
2779,Bit on manage,Mark Blackburn,0.9783021107994645,0.998282810418113,0.9888869125705502,0.9072855700202208
2780,Lot staff,Mark Blackburn,1.0978681408616326,0.9360537875838217,0.9221451395925957,0.8600764222157162
2781,Safe sound,Mark Blackburn,1.1640903983043924,1.0268074882034923,1.084898505837045,0.9696386401049272
2782,Body own,Mark Blackburn,0.9406028423208593,1.048865216800009,1.0564061483398912,1.10384936551357
2783,Within prepare,Mark Blackburn,1.0310930945435346,0.9014939100364805,0.9821805383379894,1.0985769843024233
2784,Unit these,Mark Blackburn,0.9218260451647898,0.9568174086287932,1.075448881193458,0.8426196753351629
2785,House lose,Mark Blackburn,1.1119393378472842,1.0432721413041615,1.0484037264093613,0.9018169770851435
2786,More probably,Mark Blackburn,0.9011125617905803,1.0566792187883836,1.043448212705123,1.0849506350852574
2787,Raise,Mark Blackburn,1.0681824232433326,0.9720652902132771,1.0562212849620063,0.8670949831001101
2788,Short soldier,Mark Blackburn,0.7979552845100293,0.8656519290460114,1.06838422805977,1.1154774279692599
2789,Budget brother,Mark Blackburn,0.9999283890813921,1.108854561968875,1.0460867642926297,0.9521552777898541
2790,Social sure,Mark Blackburn,1.0016798095412287,1.0723474890543587,0.954857463886584,1.0858804548733287
2791,Inside seven,Mark Blackburn,1.133227283377822,0.884592231636985,1.0173612044984306,0.9379768563138758
2792,Ahead evidence,Mark Blackburn,1.2583231812512847,1.2159457064923163,0.7508664801011122,1.2098708397477196
2793,Watch,Mark Blackburn,1.1043240028881618,1.2177468876090698,0.9159612261915531,1.1105658200811546
2794,Career work,Mark Blackburn,0.922186244331298,1.2060500882217071,0.9374853213939501,1.002660367748895
2795,Final politics,Mark Blackburn,1.0330912097938676,0.9895104763750856,1.0325501481499855,1.11324012145538
2796,Full Mr,Mark Blackburn,0.9989000483926416,0.8614677625389942,1.0185341330207798,0.9635663773957918
2797,Feel position,Mark Blackburn,1.0234784879745527,0.9329164263527904,0.8935987623471391,1.0211761068805887
2798,Performance,Mark Blackburn,0.9051336551934264,1.0619797260017527,0.9644192411877046,0.9765625034412466
2799,Go crime race,Mark Blackburn,1.2266316847182366,0.7149138036593135,0.9547428005146602,1.109339904022691
2800,Wait financial,Mark Blackburn,0.8854714101014645,1.0277769916727726,1.0602128241890234,0.918700473743627
2801,Pretty blood,Mark Blackburn,1.162866982204629,0.9583908044788336,0.9811160005141573,0.9322272261904841
2802,Put fine,Mark Blackburn,1.1108240324028231,0.9938899646808178,1.0054543948926333,1.00708282527185
2803,Along,Mark Blackburn,0.7325343877406505,1.1870847067662282,1.0359711961011195,1.0125432232055056
2804,Culture minute,Mark Blackburn,0.9525468302050557,1.1363252039246863,1.0363253362444471,0.9390730377120018
2805,Several,Mark Blackburn,1.0757432591090699,1.006079237873237,1.0240309115878692,1.03341124717935
2806,Former focus,Mark Blackburn,0.9780413531309485,1.0688378373105858,0.9905385652173692,0.9811134364981019
2807,Chance throw,Mark Blackburn,0.9563101288600759,1.2128594954079264,0.9687839438803962,1.0800977346451606
2808,Claim maybe,Mark Blackburn,1.2246149819816226,1.0601282322684404,1.0633373336057546,1.0724656461805742
2809,Budget country,Mark Blackburn,0.9420366898494559,1.1516131005148997,0.9214742874806517,1.0156385785338229
2810,Production,Mark Blackburn,1.0473199688563728,0.9925371749942858,0.9688178143275192,1.3375894373649453
2811,Scene develop,Mark Blackburn,0.9279595397709286,0.8498941814244012,0.8259198836470087,1.048195254701028
2812,After entire,Mark Blackburn,1.0125401692690295,0.9437557319188559,0.9811609684854601,1.0235666632877782
2813,Suggest amount,Mark Blackburn,0.949703414531192,1.0426867159245194,1.0313770768264923,1.1964693757153329
2814,Life word same,Mark Blackburn,0.9318430841013038,1.0035891039260973,0.9796887315854417,0.8009245004024602
2815,Last heavy,Mark Blackburn,1.027336205718174,1.0675380741776441,0.9648396522559842,1.0095437842870034
2816,Culture decade,Mark Blackburn,1.1333755687187788,1.0238985353053944,0.8498846945053296,0.9566391745907477
2817,Report,Mark Blackburn,1.122292219198043,0.9080366494134448,0.9507251826177223,1.0365307584097545
2818,Personal,Mark Blackburn,0.9480720168873439,1.1499317258681825,0.8941942589401907,0.9904570170034911
2819,Security close,Mark Blackburn,0.9527254518523689,1.0051413463737109,0.9986643788777787,0.8490759071500223
2820,Recently enjoy,Mark Blackburn,0.8766167592747559,0.9513329506408961,0.9506522423293968,0.9975556276818303
2821,Population on,Mark Blackburn,1.1046253777031072,0.9953905753802179,0.8169907882157132,0.9987631330203943
2822,Raise medical,Mark Blackburn,0.9652222074833092,1.0534390595144443,0.9488045316610539,0.8733840275323277
2823,Certainly,Mark Blackburn,0.8451043412274484,0.947861581185115,1.1181142164184334,0.9720572629161981
2824,Most prepare,Mark Blackburn,1.1513264045470675,0.9679537420533811,0.9109819292320007,0.9437641729544066
2825,Traditional,Mark Blackburn,0.9215822271572341,0.7809345015711388,1.0740910224919908,1.0888027300350895
2826,These marriage,Mark Blackburn,0.8270689936624686,1.0764542484467088,0.9775111310248336,0.7918177200551773
2827,Exist music,Mark Blackburn,0.9774242223453534,0.9260231578329332,1.1569530359779274,1.1213397264254295
2828,West network,Mark Blackburn,0.9298052100191684,1.0454445556553822,0.9052997342393401,0.7751474467696041
2829,West smile,Mark Blackburn,0.907103941012738,0.8362074381002459,1.046357191532451,1.0529199799143123
2830,Turn message,Mark Blackburn,0.982689675944272,0.8674101465005774,0.9716566905286758,0.7918270105485166
2831,Wind far,Mark Blackburn,0.871431703056168,1.1423569024373483,0.828273279570213,0.8948178763251923
2832,Stage first,Mark Blackburn,1.088300007822337,0.9324030645458887,1.057208686112989,1.10983941264469
2833,Onto set,Mark Blackburn,0.9847322009260908,1.2007076310363534,1.005831774921531,1.0253844120267175
2834,Mother treat,Mark Blackburn,0.8492482862878911,0.9971233921597458,1.2145356230808098,0.9893252413153343
2835,Together,Mark Blackburn,0.9183252128204006,0.9275090794165533,1.131992617473431,0.9766984246381204
2836,Hundred cause,Mark Blackburn,1.080658489708109,1.0015896631548458,0.9554092401987306,0.8969894012663383
2837,Radio minute,Mark Blackburn,0.9704746213968855,1.0019017254153362,1.018951668391672,0.9860438875890974
2838,It example,Mark Blackburn,0.9814947049509495,1.1577004339786132,1.131580707021001,0.9914518944047389
2839,Brother likely,Mark Blackburn,0.9867994057508294,0.8047307861391995,0.9355980103037734,0.9248183721337562
2840,There computer,Mark Blackburn,1.0224272126155738,1.1551196137389168,1.0636442632556222,0.8675187573746366
2841,Bit deep film,Mark Blackburn,1.1439059091539545,1.09948933600351,0.8991278714038858,0.7312865954072614
2842,Eye region,Mark Blackburn,0.9022455754189248,1.083008606043334,1.010494179280816,1.0726290291044323
2843,Can respond,Mark Blackburn,1.160259367400196,1.009676402338506,0.9401634746308627,1.0323484529123823
2844,Key law,Mark Blackburn,0.9039371192180736,1.1156699482073564,0.9565137033038731,1.119509950271006
2845,Hard attention,Mark Blackburn,1.0295533020574361,0.8208238037307085,1.175107730736225,0.9465789942569613
2846,She floor,Mark Blackburn,1.0583557414185418,1.001818297992881,0.9059735241029298,1.0018048909830328
2847,Degree suffer,Mark Blackburn,1.1183033033641054,0.9333380592042776,1.077713286252395,1.0940747243242834
2848,Along town,Mark Blackburn,0.9348140207555445,0.9301563324322698,1.0468898470178294,0.9878525276075809
2849,Wife person,Mark Blackburn,1.1534098406871447,1.0336405983353056,0.998151456022058,1.0268855135730375
2850,Along ten get,Joshua Gonzalez,1.0667695105271968,0.8282241049063527,1.1403340658746872,0.9134487851750845
2851,Structure,Joshua Gonzalez,1.0509973971973596,1.008254317933476,0.9860854909126275,0.9771932362450408
2852,Member,Joshua Gonzalez,1.2580566841599972,1.165407929257418,0.8389315128162025,1.0648857257833004
2853,Every today,Joshua Gonzalez,0.7754235130579101,1.061680778761532,1.128226155326562,1.0833433101123568
2854,Technology,Joshua Gonzalez,1.0244935895081302,0.9387186746576023,0.8649706028612876,1.1290081361709947
2855,Major seem,Joshua Gonzalez,1.1229064588871203,1.118410506703036,0.9669345515853037,0.9554964369393072
2856,Family,Joshua Gonzalez,1.0195066862627573,0.9663430000189308,0.9630150285484862,1.0235197710904727
2857,Want station,Joshua Gonzalez,0.9618045800765185,0.9868863300202505,0.941980497953341,0.9236202828600695
2858,Along tax,Joshua Gonzalez,0.9898609821323763,1.1103942777227365,1.0197477414023293,0.7878760552156046
2859,Agreement,Joshua Gonzalez,1.0860646045344384,0.9414312742141372,1.052746497399714,1.0190306487317642
2860,Nor there,Joshua Gonzalez,1.0348049921362041,1.0612472085616942,1.046673655585418,1.3175549908769082
2861,Fill stock tax,Joshua Gonzalez,1.0044169813170305,1.0203367720441807,1.079357667648494,0.9745144582797817
2862,Set ago school,Joshua Gonzalez,0.989650822818782,1.0348651875745571,0.9236568234681248,1.0179165858372679
2863,Candidate dog,Joshua Gonzalez,1.1321997635341026,1.1744244884610557,1.0376187856251784,0.8858227886652602
2864,Between series,Joshua Gonzalez,1.1799974730820273,0.9719201477742485,0.9647978371058392,0.972230759445232
2865,Available,Joshua Gonzalez,0.9688302454992979,0.8811532591703858,1.157071770233665,1.090993978110543
2866,Value coach,Joshua Gonzalez,0.9767121965490495,0.9055671896229329,0.9731772616733958,0.9564864797693352
2867,Four ground,Joshua Gonzalez,1.145079327093983,0.9781186711619676,0.9461372695379564,1.0197489777408875
2868,Personal might,Joshua Gonzalez,1.0905000135441973,0.9239426196779554,1.0575557259467865,1.0453419320678932
2869,West current,Joshua Gonzalez,0.8373450173704801,0.9859256641601121,1.0151958804385852,1.0249899920421097
2870,Include born,Joshua Gonzalez,1.0196013238628414,0.9876063542930271,0.9977051607144842,1.0145833236149895
2871,Medical soon,Joshua Gonzalez,1.0715313815580816,0.9995290974350798,0.8349618746331398,0.9128986744451912
2872,Wind summer,Joshua Gonzalez,0.9987580585312382,0.9570987425616889,1.1506884464554814,1.0325473046297642
2873,Value realize,Joshua Gonzalez,1.1807838318109511,1.0572772815847225,0.8865715119631113,0.9804556870329559
2874,Mention apply,Joshua Gonzalez,0.9566383906470407,0.9229735921952466,1.0713391524761409,0.9161592842745623
2875,Floor affect,Joshua Gonzalez,1.0709743136163021,0.9076371278388016,1.0260840165530418,0.9062339360175312
2876,Question,Joshua Gonzalez,1.1166211972198925,0.8711777822848187,0.9110629562096488,0.9538455762522142
2877,Operation,Joshua Gonzalez,0.9386470901083358,0.8096068412743895,1.1648355341840473,1.0477682678462719
2878,Explain ever,Joshua Gonzalez,0.9668044368884432,1.1087471711838208,1.0846635541965965,0.9327465788528946
2879,Yeah one,Joshua Gonzalez,0.9701886889318768,0.7811930580296733,0.9683604152531012,0.7893693444596938
2880,Support feel,Joshua Gonzalez,1.1881124108748757,1.0190993354868096,1.0435757519281166,0.9634185876288812
2881,Us travel,Joshua Gonzalez,1.0662736005606754,1.1089860363925321,1.1002997000864863,1.079820936920311
2882,Article catch,Joshua Gonzalez,1.1526043171559017,1.2228667444363222,1.0819857971463849,0.9319068696234011
2883,Consumer poor,Joshua Gonzalez,1.1813499423294194,0.9682957820543926,1.046317921926718,1.016907052023527
2884,Civil,Joshua Gonzalez,0.7872075858646839,1.1128039319959488,1.011439015186664,0.9238389054783379
2885,Us important,Joshua Gonzalez,0.985378192324306,1.0743508560085608,1.0230043844174532,0.9071112950525612
2886,Hard itself,Joshua Gonzalez,0.8820622900159713,0.9365969280525195,0.9548981826091071,0.9695487394741319
2887,Yet possible,Joshua Gonzalez,0.8038132642140645,1.0005839910954704,0.9365739725168593,1.1650617745843799
2888,Husband wish,Joshua Gonzalez,0.9836370044912164,1.0164989297492992,0.9069585726044069,1.1519994195919747
2889,Cause receive,Joshua Gonzalez,1.0018056724721331,0.9382773948487719,1.0710888398094895,1.1516474228031748
2890,Wonder place,Joshua Gonzalez,1.1377391953669895,0.9614764628419976,0.9603574742260133,0.9452925319338449
2891,Thing,Joshua Gonzalez,0.9493892983435398,0.9379896062542281,0.968261604203147,0.9190709520872334
2892,Many six,Joshua Gonzalez,0.8826320878805433,1.258743916854274,0.9887666850148742,1.0221295952258604
2893,Various attack,Joshua Gonzalez,1.034524076961488,1.1149283528399074,1.1665110057239738,1.1238896194285004
2894,Task reach,Joshua Gonzalez,1.1182866837832,1.0580600917000942,0.962400571862508,0.7647053687323064
2895,Later cut,Joshua Gonzalez,0.8072676994320279,1.0367547883778663,0.9362039905341862,0.84535408248653
2896,Health arrive,Joshua Gonzalez,0.9541532338156545,0.8272388451055056,0.9086849284377221,0.860592485939387
2897,Ten news wife,Joshua Gonzalez,1.0327150173599435,1.1064195074416627,1.020914292758845,0.9383572294467727
2898,Build travel,Joshua Gonzalez,1.019780068525482,0.916342600861935,1.1011085220424053,0.9232489492519321
2899,Site possible,Joshua Gonzalez,0.8439693126927929,0.9656147523530747,1.0279455116510965,1.0440290449235046
2900,Able bar I,Joshua Gonzalez,1.1942953315699332,0.9481468407799769,0.9049221476037033,0.9380534568667247
2901,Find water,Joshua Gonzalez,0.8851246622496683,1.1110137766049688,1.0134501864438723,1.0094094679458958
2902,Their,Joshua Gonzalez,1.0956604588719552,1.1087882199556585,1.0146214875140294,1.0077161219003798
2903,Manage future,Joshua Gonzalez,1.1252607687338687,1.145365462107537,1.0192076041864286,1.156197506196753
2904,Door evidence,Joshua Gonzalez,1.148485295295983,0.8481670211004683,0.871403744521225,0.9783784777239674
2905,Six beat free,Joshua Gonzalez,0.9796233350741474,0.7821586111364787,0.9736402345794327,1.0913437615877655
2906,Crime treat,Joshua Gonzalez,0.8006501904636596,0.8928201507137792,1.0172179836878328,0.9852960483451787
2907,Here,Joshua Gonzalez,0.938146397024308,1.02577571296983,0.9415556674783794,1.1183713617585325
2908,Interesting,Joshua Gonzalez,0.8898046932829841,1.0546500331753703,0.844088641113969,1.1436901073604626
2909,Seven process,Joshua Gonzalez,1.0291084889912934,0.9881363523196887,0.9196918578459063,0.9389404368382884
2910,Low clear,Joshua Gonzalez,1.0800875832834753,0.8268051721794627,0.9242222122353526,0.9644980394904271
2911,Stock thank,Joshua Gonzalez,0.9816547696884336,1.0518221189661618,0.9504339718454858,0.9445455748187954
2912,Allow keep,Joshua Gonzalez,1.0282031365108797,1.0430463797250482,1.050956675977328,1.1674366099789502
2913,Yeah very,Joshua Gonzalez,0.9568753966369004,0.9333136963989949,1.0921501125375375,0.9375589651270781
2914,Act more,Joshua Gonzalez,1.2232055924590135,1.0978571949935279,0.9794327470846674,1.0068895437466232
2915,This apply,Joshua Gonzalez,0.9077209334715708,0.99235068551829,0.9091710374937929,0.8731351974485174
2916,Either least,Joshua Gonzalez,0.9610099177717125,0.8715711779541873,1.0258919225321919,1.1514029770647773
2917,Several fast,Joshua Gonzalez,0.856445870343647,1.1032362967171288,0.9934536475740154,1.0843722808191245
2918,Service,Joshua Gonzalez,0.9395594166309046,0.973778346330365,0.8650111048193534,1.0609912850461596
2919,Message,Joshua Gonzalez,1.0675021816340793,1.0667329316918772,1.0042834147995052,1.0401509864911693
2920,Debate every,Joshua Gonzalez,1.0373640053569981,1.0431710616631564,0.9340536232684858,0.8336491993127095
2921,Summer feel,Joshua Gonzalez,1.0426587073824407,0.9595947503150067,1.1208756253839054,0.9645250734982737
2922,Within result,Joshua Gonzalez,1.013706325758721,0.9192324391781479,0.8685027165834543,1.1199903359400902
2923,North trouble,Joshua Gonzalez,0.9545816986322129,0.9071552277815712,0.9971902555376347,0.9717923343407024
2924,Collection,Joshua Gonzalez,0.9432701358923459,1.1831751626960023,1.0209695112399357,0.9528887415424223
2925,Talk ability,Joshua Gonzalez,0.9192336377637856,1.1084744550935817,1.0381444921583156,1.1263866259996111
2926,Smile company,Joshua Gonzalez,0.8440635125547121,1.0919191745659815,0.9978768684292454,1.0266847679365347
2927,Wear life,Joshua Gonzalez,0.9187674105645967,0.8272552937471976,0.9683373638070945,0.936557666538671
2928,Those kid,Joshua Gonzalez,1.0487822253021488,0.9206444963718634,0.9840018699620801,1.036738774185263
2929,Line second,Joshua Gonzalez,1.0494650586149372,1.002701897837074,0.9930067668821574,1.059128049950749
2930,Western boy,Joshua Gonzalez,0.9293970298252602,1.0710494570084996,0.8802244891531281,1.0557721547001675
2931,Finally,Joshua Gonzalez,0.9379515529219054,0.9996305491430736,1.0341667190335775,1.0880384100546694
2932,Focus,Joshua Gonzalez,0.9952904492589892,0.8329732072614213,0.873780147202897,1.1033406568336173
2933,Bank foot,Joshua Gonzalez,1.0429000604367655,1.0616375690345348,1.1092828146174436,0.9753852788515818
2934,But edge,Joshua Gonzalez,1.0585899094057107,0.9851832681324613,1.0969123767327356,0.865932919427773
2935,Me current,Joshua Gonzalez,1.0301953049561623,0.9826413784156229,0.9024716932026249,0.8988545834704593
2936,Word dream six,Joshua Gonzalez,1.0015282106656949,0.9784911268138153,0.9248618002696766,1.0246716879050133
2937,Himself animal,Joshua Gonzalez,1.0191626413391113,0.9651644294239783,0.9260572561997689,1.070397653776261
2938,Eat if,Joshua Gonzalez,0.9162572212857872,0.7949655338200339,0.8911742181730664,1.1340510614212382
2939,Hour unit,Joshua Gonzalez,0.9686125001213468,0.9217490543773644,0.9453454756777778,0.9384090772453452
2940,Per around,Joshua Gonzalez,0.8607432709090602,0.8987639054268869,0.7876120856076413,0.9462668813382742
2941,Side off hold,Joshua Gonzalez,1.0961501205327426,1.0942492219672992,0.9490021777959724,0.9669710735263131
2942,Bed age report,Joshua Gonzalez,1.1621317017568287,1.1006018815797476,1.1123070924731295,1.104727555340263
2943,Federal drive,Joshua Gonzalez,0.9751511074130956,1.08134330675771,1.041724254169092,0.8722929188738371
2944,Those will,Joshua Gonzalez,1.0347413426486674,1.1353926066984714,0.9854180760389474,0.862537361525902
2945,Attention,Joshua Gonzalez,0.9894378700703356,1.0298189271799525,0.9614091266171443,1.0719950626849402
2946,Organization,Joshua Gonzalez,0.7970273152595729,0.9825815108711625,1.0683315838168093,0.8959533600703214
2947,Fall side,Joshua Gonzalez,0.8825150375629424,1.0319801972838625,0.8247794605416264,1.0640697607642
2948,Fly call,Joshua Gonzalez,1.037448974228181,0.8948151906834542,1.036561559275246,1.0712444544110151
2949,Consumer,Joshua Gonzalez,1.0841087434462304,0.8882431168704753,0.9285638456763697,0.9241412650801141
2950,Find knowledge,Joshua Gonzalez,0.9515731674961591,1.1160334666373588,0.7973168512474103,1.0269345683234687
2951,World daughter,Joshua Gonzalez,1.0040557182957186,0.7951667168771309,1.0142838980808344,0.9725273476593218
2952,Three although,Joshua Gonzalez,1.1300212528508886,1.083955931024149,0.9387520756180662,1.1056076267571784
2953,Lead way,Joshua Gonzalez,0.8963527699890805,1.1883764290529486,0.995539133990159,0.8786256724593358
2954,Action prepare,Joshua Gonzalez,1.1512939002982214,1.1001936383214594,0.8839932952363794,1.0774721632444817
2955,Glass,Joshua Gonzalez,1.0983503137863166,0.9301015713859625,1.033589505042735,0.9681173468996176
2956,Become page of,Joshua Gonzalez,1.0112313389560421,0.9879414731815375,1.0066105163454955,1.0575631518602326
2957,Authority,Joshua Gonzalez,0.8283483216036283,0.9457116309287681,0.9400720156934507,0.9890464100274002
2958,Personal,Joshua Gonzalez,1.0544838718577096,0.9408289295891135,1.0455921012489149,0.9721245017758054
2959,Audience war,Joshua Gonzalez,0.9396559690631175,0.7560447971093255,0.8817783133367553,0.9327868480555003
2960,Ready ago,Joshua Gonzalez,1.086389464720997,1.0716328839495866,1.0902852526832574,1.1462320979072922
2961,Nice enjoy,Joshua Gonzalez,0.9748001126841671,1.0825288788366503,0.9848297786289181,0.9098336714022396
2962,Especially,Joshua Gonzalez,0.9650663575537978,1.1696582559909154,0.9439348157678793,0.8572394733971964
2963,Near that show,Joshua Gonzalez,0.9868397382859297,1.136302873125552,1.0286663301986554,0.9142851769541862
2964,Institution,Joshua Gonzalez,1.0498056497898918,1.0256233743408703,1.0959460463062147,0.9586683116092077
2965,Moment let,Joshua Gonzalez,0.8745196934036479,1.0801898568898054,0.83684645083211,1.0312010762014479
2966,Fund decade,Joshua Gonzalez,0.9765570548404549,0.93658481155488,0.9474254684425795,0.8193602375167494
2967,Doctor against,Joshua Gonzalez,1.0298646279195727,1.0372885984435987,1.0173168041131195,0.9643957797720426
2968,Very notice,Joshua Gonzalez,0.8479193173585831,1.0636712002738782,0.9910946080809859,1.0456773841739349
2969,You cultural,Joshua Gonzalez,0.9956926103019018,0.9122034859959247,0.9238339287523177,1.0670971713382535
2970,Chance brother,Joshua Gonzalez,1.1176693474443555,1.1591497619075686,0.9503053782824088,1.0371980083483714
2971,Including,Joshua Gonzalez,0.9814871635780862,1.1495956345519673,0.8993414117370706,0.9054237305201378
2972,Create yard to,Joshua Gonzalez,0.9668891869914158,1.1268374344625463,0.8865628100259523,1.0832949137368557
2973,Bill,Joshua Gonzalez,0.8725810006332577,1.052324862799622,0.881458573831613,1.067545687095221
2974,TV happy side,Joshua Gonzalez,0.9545771809112118,0.9612508091635165,0.8717222828766474,0.933650900238234
2975,Condition,Joshua Gonzalez,1.0706131395539777,0.9230687897661214,0.842416044279078,1.092277176970068
2976,Foot fly tough,Joshua Gonzalez,0.9433355552624104,0.7744288420854694,1.0745156405227776,0.965072562439597
2977,Either,Joshua Gonzalez,0.9678709129841383,1.1521503521972014,0.9127734065070149,0.972343324183809
2978,Result little,Joshua Gonzalez,1.1315364224858468,1.046707469766707,0.9684714477186495,1.0206496100024207
2979,Approach how,Joshua Gonzalez,0.933112926833433,0.8091860726887025,0.9327459512856412,0.8758115900597754
2980,Use industry,Joshua Gonzalez,1.0216721018469623,1.0053440213275504,1.0806045496602548,1.1421039497850318
2981,Recently,Joshua Gonzalez,0.9240466358321502,1.0085931508902837,0.875105361260528,0.9042961010703371
2982,Occur,Joshua Gonzalez,0.9933583738525593,1.1098638020501805,1.0787982263972944,0.9631173490962741
2983,Now develop,Joshua Gonzalez,1.0578141979045101,0.8670336274641226,0.9172938726737824,0.9722998855577937
2984,His center,Joshua Gonzalez,1.0977257152090383,0.9083648325895319,1.074108518650474,0.7919829462251465
2985,Side can two,Joshua Gonzalez,1.0792647012648746,1.0573690854537545,0.9766611734151144,0.9367482149120963
2986,Set create,Joshua Gonzalez,0.9495407409702176,0.9983951520403405,1.0207428822901716,0.8412661859475231
2987,Third avoid,Joshua Gonzalez,1.0517050751085533,1.0682127380086854,0.9905203330937289,0.9869410067195684
2988,Cold wind,Joshua Gonzalez,0.9000149363877438,0.9593213480975414,0.9388647880532826,0.9494034167887156
2989,Section floor,Joshua Gonzalez,1.0116264139998816,0.8644186708485179,0.9812092642551993,0.8487691385224496
2990,Past service,Joshua Gonzalez,0.8696379750873856,1.052295994132382,0.9755982611512918,1.1114870450845837
2991,Source,Joshua Gonzalez,0.8454193969398416,1.0038571172478725,1.0635896140846393,1.0449245176053312
2992,Candidate once,Joshua Gonzalez,0.9701640931287125,0.9137493158321585,1.0424543283471557,0.825586552223756
2993,Fear parent,Joshua Gonzalez,0.8800862397558982,1.0109330801952587,1.0450186744125485,1.0394195255969174
2994,Us difficult,Joshua Gonzalez,0.9213140589123061,0.8888095673815305,0.9827448285848012,0.9945369170551149
2995,Well weight he,Joshua Gonzalez,1.045642539101352,0.9046304567493398,0.9957045498529355,0.9789356743820555
2996,Final,Joshua Gonzalez,1.1656764297023066,1.1105425501459525,0.7828535381337707,1.0074587339906984
2997,Page foreign,Joshua Gonzalez,0.9794775029411961,0.8916693909922799,1.0682508497999,1.0111345417374606
2998,According,Joshua Gonzalez,0.9456904381882769,1.1095654570768516,1.0168323592555266,0.9481540092798129
2999,Tax seem tax,Joshua Gonzalez,1.111039876299634,1.1364436113891303,0.8324839628661962,1.1600026384951676
3000,Fight nor,Deborah Payne,1.0712921804021278,1.080813747029602,0.9461294909829081,1.1221857058046087
3001,Team small,Deborah Payne,0.9055253022088406,0.9961588538526954,1.138104268996363,1.1925388270902992
3002,Probably,Deborah Payne,0.9842001650285934,1.1992563253067219,1.137465553856478,0.8729245021742991
3003,Eight,Deborah Payne,0.9716873496551264,0.880359660488132,0.9697002028327323,1.038421351019074
3004,Sell play,Deborah Payne,1.0998999451242246,1.0794263547786445,0.9524768586987982,0.8923995424763579
3005,Act around,Deborah Payne,0.80652393047683,0.9248658765676134,0.9811277342451911,1.0528894853974828
3006,Avoid,Deborah Payne,0.899180447204731,1.0345001125496063,1.0776844629725866,1.0713471652137754
3007,Join huge,Deborah Payne,0.9086825649649595,0.8675542612076174,1.1373702305000397,1.107243351600872
3008,Quite together,Deborah Payne,0.954453262165625,0.8417982159430262,1.1804931661608267,0.9726035509138968
3009,Somebody four,Deborah Payne,0.9181864854907396,1.048223596854024,0.9250863630193813,0.8599019371306704
3010,Five week,Deborah Payne,1.0175715581296878,0.8352462207667515,1.073428022033282,1.1836174443529264
3011,Return most by,Deborah Payne,1.057225855300356,0.9076431074843913,1.0260206461785026,1.0373947319668022
3012,Physical civil,Deborah Payne,1.060473317217638,1.1821407330713598,0.9706286782221759,1.1155417483307868
3013,Lose fight,Deborah Payne,0.961621198811124,0.9978552468790339,0.8070553722283342,1.0758290790074072
3014,Likely western,Deborah Payne,0.9784747435419229,0.8997640976920682,1.0170746507798893,0.9632563288135163
3015,Campaign set,Deborah Payne,0.933060859819107,0.8274109105297327,1.0121307620974573,1.124386790149515
3016,Seem beautiful,Deborah Payne,0.9780525391297239,0.9511770053510379,1.0322126109277991,0.9973392446353665
3017,Share mind,Deborah Payne,0.9493457570620546,0.9463879327712362,0.9932670418245094,1.0954101015850772
3018,Window station,Deborah Payne,0.9984968329784408,1.1750419395134712,0.9907585706867774,1.0492610951710064
3019,Meeting beyond,Deborah Payne,1.105991358993249,0.8960043973713383,1.0946535476311046,0.8965993416654892
3020,Kind foot song,Deborah Payne,0.9031548342501965,1.0115408419769065,1.1230822172343484,0.8521915790081037
3021,Language,Deborah Payne,1.107061821332541,0.9772485375985894,1.0856830882096367,1.094102208260678
3022,The world,Deborah Payne,0.9066043005031497,1.0302098546263179,0.9511599244644006,0.8889630873568558
3023,Seven among,Deborah Payne,0.8745866098168577,1.105614146551495,1.0626108269298484,1.0717744373526346
3024,Student girl,Deborah Payne,0.9667882241181472,0.9335470613983545,0.9244663245614371,1.0256791118855901
3025,Affect name,Deborah Payne,0.9344707563296182,1.1479110273161,0.8873102446276211,0.9370410236535854
3026,Identify,Deborah Payne,1.187026001494862,1.1368124320352249,0.8541413639047626,1.0646975833980414
3027,Black attorney,Deborah Payne,1.1068021143770415,0.9696361916338776,1.1050548279166905,0.991068702400662
3028,Win film ball,Deborah Payne,1.1058978315779269,0.7550117357358501,0.9525867620708841,0.948931916785332
3029,Central third,Deborah Payne,1.2189825647651882,0.9367564693651393,1.0132238300086907,1.0147863381493256
3030,Just able,Deborah Payne,0.7892107717548809,0.9228364202009022,1.002687116950454,0.976976947600118
3031,Before similar,Deborah Payne,1.0610164228238304,0.7092668449265915,0.941415929186547,0.9432548453860541
3032,Home home,Deborah Payne,0.9193539661473504,0.8365823007198571,1.1072024714928834,0.8537740004176151
3033,Keep always,Deborah Payne,1.1748471500257367,0.9123110660162015,1.0520334098393795,1.1375561077495109
3034,Thought,Deborah Payne,1.0415439586443518,0.9256668749679778,0.9464093583042373,0.9012734759066625
3035,Leave treat,Deborah Payne,0.8998273825825738,1.116468892831726,1.0398896476854498,1.032701687211228
3036,Rule money,Deborah Payne,1.2611496285904504,0.775009788157577,1.0076810524794315,1.0306766004251822
3037,Same PM window,Deborah Payne,1.0454092904321781,1.056898093166072,0.9998481004732831,0.9761698566038854
3038,International,Deborah Payne,1.0748519577501308,0.9635734770799529,1.0258555897987658,0.9741563990782883
3039,Machine,Deborah Payne,1.107880512200424,1.154423262930123,1.1616897042760668,0.8937800433595282
3040,Quality,Deborah Payne,0.9681956810961566,0.9346101324227432,1.1638335593370188,1.0493876137030307
3041,See hope trip,Deborah Payne,1.0766332907725262,0.8992674821888706,0.9396098159293887,0.9034660264918937
3042,Brother,Deborah Payne,1.0877041256903224,1.0648161880500964,0.9886742193979691,0.8625306451327839
3043,Practice small,Deborah Payne,1.0046571761291032,0.8764037150997458,0.9832490655012278,0.8844854288562837
3044,Site Mrs,Deborah Payne,0.8452843234691927,0.9429649547429296,0.9945119461932189,0.9944331956662513
3045,Reduce week to,Deborah Payne,0.9710871655926661,1.0135833060635495,1.0244125819252314,1.1064699278112828
3046,Boy explain,Deborah Payne,0.9492051718849467,0.8603715279633003,0.9243583523877886,1.1280821650665456
3047,Seek imagine,Deborah Payne,0.8992632208548466,0.9717996951902561,0.8933337585897518,0.9577219158008345
3048,Billion,Deborah Payne,1.1409156081044642,0.9561250880919049,0.9914541200997196,0.9330301376395089
3049,Nothing test,Deborah Payne,0.9331354365594191,0.8364402827699517,0.8657862247839377,1.0586377316065034
3050,Discover,Deborah Payne,0.9638697515822765,1.1238625561372824,1.1920632478061577,0.9053328160634577
3051,Someone sort,Deborah Payne,1.0138312734213852,1.073751975181934,1.0172215083565932,1.1099072190863049
3052,Design such,Deborah Payne,0.932551326690817,0.9983738922111863,1.0487150867203305,1.1530700735416946
3053,Medical event,Deborah Payne,1.0677770454256414,1.0174311582977769,0.860660700801724,0.9058615102441304
3054,TV drive,Deborah Payne,1.0527301160563776,0.9353487891292103,1.01845479726965,0.9342438219156772
3055,Very community,Deborah Payne,0.9925630373873895,0.9899424747608094,1.1049963632841078,1.0385472345205309
3056,Understand dog,Deborah Payne,1.156838326874427,0.9089970560123881,0.9645121426747985,0.9043323996486811
3057,Form front,Deborah Payne,0.9619667882103793,1.0661608740955246,0.9334171794788445,0.9061530183786561
3058,Apply city,Deborah Payne,1.0505524691222492,0.8726782547385695,1.036228446422646,0.9330753807411484
3059,Anything black,Deborah Payne,1.0923645414425742,0.953510957212628,0.939968616272402,1.1722286809995686
3060,PM generation,Deborah Payne,0.9163430180022328,0.9123384057956238,0.9480277738084638,1.034780841406094
3061,Gas today,Deborah Payne,1.1433119096510727,1.131404526884569,1.0065498141781093,0.9552916018736067
3062,Material,Deborah Payne,1.1504139597459373,1.1404049834201346,0.9951662730840467,1.1269989649675616
3063,Drug charge,Deborah Payne,0.8387196252684755,1.0110661006756556,0.9882601692874452,0.992946530841271
3064,Range charge,Deborah Payne,0.9459073615747882,1.1075517667410903,0.6781362374853206,1.1932535040313998
3065,Career voice,Deborah Payne,0.992433311661492,1.194765696546487,1.0082834215246739,1.1014420450122742
3066,Outside likely,Deborah Payne,1.000993504738172,1.2086032870287124,1.076456365459979,0.9143273235728343
3067,Fear buy item,Deborah Payne,0.9543862215324911,1.0622872858689483,0.9932339388706112,1.0877052312223192
3068,Across fly,Deborah Payne,1.068714825094252,0.924021669847864,1.0982280675616873,1.0795253916473755
3069,True guy,Deborah Payne,0.8907913879755202,0.8838444995804113,0.961425196143526,1.1256902031766576
3070,Production,Deborah Payne,0.8658798846599318,0.9979498955540569,0.9164519778228593,1.0248020704344134
3071,Example huge,Deborah Payne,1.0250071400635756,0.8789868724253909,0.9325644251871974,0.8624056631829087
3072,Federal left,Deborah Payne,1.0004520733197202,0.990906787195078,0.9073479818093158,1.0424370668609115
3073,Clearly,Deborah Payne,1.038279474374794,0.928871300321727,0.8385281887965436,1.1423046257499248
3074,Great left,Deborah Payne,1.1098847492718742,0.90790475488955,0.8944768271294994,1.0363721526995708
3075,Manager seek,Deborah Payne,1.0542188468407911,0.8371860515782068,1.0048583238363833,0.9258687623733696
3076,Perhaps today,Deborah Payne,0.9235917310610712,0.8248777566112548,0.9998180844733493,1.0198988187494527
3077,Many feeling,Deborah Payne,1.0040112810254895,1.0340896388832863,0.9507319009646894,1.1162775568970422
3078,Special girl,Deborah Payne,0.8559090081381631,1.0334765079092334,0.8251240439791074,0.8863974082659204
3079,Central join,Deborah Payne,0.8799814337506585,1.1161607183353255,1.034418807578402,1.0837341812920447
3080,Memory born,Deborah Payne,0.922309594087992,0.994389023656256,1.0291239721262342,0.9856859323355497
3081,Assume feel,Deborah Payne,0.9600556430478328,0.9537249348636869,0.9235844295987558,1.0619523071454657
3082,Close nature,Deborah Payne,0.9362166716249524,0.8810398422256657,1.0353139736610104,1.3158778315808561
3083,Entire,Deborah Payne,1.0849652060398305,1.0621794016232446,0.9528996198147517,0.9274620867730702
3084,Claim future,Deborah Payne,0.9016189576405653,1.0805132461085851,0.9699416543015177,1.020057151959778
3085,Too great do,Deborah Payne,0.9141799551962406,1.1155003796706762,0.94071614524759,0.9370869910654378
3086,Seek even rock,Deborah Payne,0.912443410828106,1.051125291392918,0.9735923714232384,0.987557669787397
3087,President,Deborah Payne,0.9483093690982459,0.9596808340933507,1.2378175568352598,1.0871741539802693
3088,Fight song,Deborah Payne,1.1163824123867865,1.0295465919061086,0.8676285092421423,0.9146959895928464
3089,Beautiful you,Deborah Payne,0.9815434914388949,1.0445383202049956,1.0154064316527311,0.970465242336671
3090,After,Deborah Payne,1.204016851276403,1.101269952733489,0.9662981323618706,0.9337480987505091
3091,Leader along,Deborah Payne,0.9747082528856514,0.8737432909843655,0.8457587690605491,1.030492744250551
3092,Last machine,Deborah Payne,1.0334695918438639,1.0597895399411716,0.9712689654197868,1.0059631161194422
3093,Walk suffer in,Deborah Payne,1.0069004597225224,1.0651266257033885,1.0881156626189141,0.8036110202640597
3094,Trouble,Deborah Payne,1.1075437967987192,0.8797753725645808,0.8923352345281383,0.9831484279862611
3095,Whether,Deborah Payne,0.9669044243359003,0.8115674776891839,0.8407858918840363,0.8839806669511123
3096,Serve fight,Deborah Payne,1.1217658764180094,1.0076383671297955,0.9834325961215127,1.2071237972625408
3097,Poor hospital,Deborah Payne,1.1448769721576246,0.8747327396529865,1.047824324553221,0.8943289314553051
3098,Right develop,Deborah Payne,1.006770081595134,0.9101179197067971,0.9616705892760604,0.8067589157747874
3099,New suggest,Deborah Payne,0.9636417882772489,1.0116632947094648,0.9364619854618976,1.0903325306545153
3100,Measure stay,Deborah Payne,0.8972168060934643,1.1080957567258203,1.0561760078887719,0.9772889970427662
3101,Audience great,Deborah Payne,1.0099723781916647,0.9606786073340781,1.0623442111596235,1.135874083348083
3102,Law get scene,Deborah Payne,1.0799320564601902,0.9403230011174607,1.041833686252195,0.9389738241665225
3103,Manager,Deborah Payne,0.9973529644965288,0.966340323979154,0.8877107963191011,1.0764004710463009
3104,Common become,Deborah Payne,0.993710392363621,0.9059434460422602,1.2122098257984801,0.9037382132349547
3105,Add admit,Deborah Payne,1.016505125296635,0.9947189566475417,0.9749612044125461,1.0934058071687258
3106,Follow green,Deborah Payne,0.994016089482884,0.9782093994244896,1.0017983259537937,1.076740632823364
3107,Member,Deborah Payne,1.0383283057386226,0.9296798751005999,0.982598145413464,1.052049599643707
3108,Move key,Deborah Payne,1.0758598423447951,1.0232697411419587,0.999838692941403,0.9246494883486408
3109,Down movement,Deborah Payne,1.0476305333637097,0.7850983767444015,1.138553317777286,1.046443268324024
3110,Couple already,Deborah Payne,0.8467588982133551,0.9056126823976989,1.009584932493898,0.8980406778140444
3111,Tree city risk,Deborah Payne,1.017111281479165,1.0609347656865344,1.0639909334552284,1.0299248294732464
3112,Life cost,Deborah Payne,0.9429515345058471,1.1675584529021477,1.184703916634789,0.9859344846772594
3113,Raise paper,Deborah Payne,0.9041570218208833,1.113828332025593,0.8266738748937582,0.8681686416174441
3114,Miss at adult,Deborah Payne,1.0285485268494374,1.0674049191537487,1.2305411477531805,0.9818143748128907
3115,Win poor sell,Deborah Payne,1.0284902346885825,0.9944912503229454,1.194124102910838,0.988386365815519
3116,PM great,Deborah Payne,0.8519365082230427,1.0958083740548128,1.068649508638124,1.0849169582371563
3117,Rock eight,Deborah Payne,0.9634904009890607,1.0530974786221874,1.1391313468022597,0.9241490855923233
3118,Deal modern,Deborah Payne,0.9189437151031685,1.0561758464111455,1.2979019870160524,1.0442777554168847
3119,Career high,Deborah Payne,1.1337496380518828,0.9609330898035752,0.868360625614364,1.0265523419938443
3120,Deal loss,Deborah Payne,0.9410629668438677,1.0993174449404548,1.0378478213991844,1.030729491907901
3121,Down rock,Deborah Payne,0.9699171047519487,0.9347204693241511,0.9068914142251006,0.9608423323822606
3122,Imagine,Deborah Payne,0.9736430936475903,0.9841442029327446,1.0554828653142276,0.9592515457218664
3123,Response page,Deborah Payne,1.2073854580753667,0.9825301122126554,0.8000863710868498,1.0102479588226037
3124,Network,Deborah Payne,0.865151423882711,0.8498196925835462,1.0346539542357998,1.0513296394767742
3125,Concern peace,Deborah Payne,1.0846156505848759,1.3066574041622137,0.8451214739796818,0.9710307610481317
3126,Various source,Deborah Payne,0.8684486471397108,1.0696400592908584,0.9983602203991762,1.0949040637434855
3127,Attention,Deborah Payne,0.8966527219454546,1.0010946065966178,0.8483229650525258,1.0382462291808008
3128,Interest card,Deborah Payne,0.9407286763915969,0.9893323889844442,0.88153945492602,1.0831367930875406
3129,Improve cover,Deborah Payne,0.8454062278394217,0.8486041115533347,0.9110245884776783,0.8375986470137139
3130,School six,Deborah Payne,1.0948988148642602,1.0443776218215022,1.0437739889113276,1.0543867503909197
3131,Difference,Deborah Payne,1.0674482067694835,0.8287586767758531,1.0483399132047624,1.0206895141959083
3132,Wind community,Deborah Payne,0.9735416597735425,0.949025361277317,0.8922811495368983,1.0085629266536957
3133,Four model key,Deborah Payne,0.8385443039370925,0.9590325824570372,0.973313918839006,0.8320956912336079
3134,Certainly,Deborah Payne,1.0062721324632335,0.9184802122041188,0.8315370071846442,0.9586796372780457
3135,Ever news,Deborah Payne,1.0095266392177555,0.9597396001319354,0.9683240460906409,0.9305040927122371
3136,Despite behind,Deborah Payne,1.055283842042338,1.010674452553679,1.1122778280755015,1.0719993778924444
3137,Area should,Deborah Payne,0.9703853286255713,1.022909911240596,1.0231793308990056,1.0522882399016358
3138,Source officer,Deborah Payne,1.3097472919127389,0.9238555816174674,1.0781079136107359,0.9363374029526771
3139,Must upon site,Deborah Payne,1.014525278366179,1.0602404663716096,0.8532865695838725,0.9325296382878122
3140,Public by part,Deborah Payne,0.7907857261018787,0.8257744080575469,0.8823097061038244,1.124138484305504
3141,Answer center,Deborah Payne,1.0177617440587012,0.9789616803853488,0.9756114771369684,1.1522013319483937
3142,In town stuff,Deborah Payne,1.0864048728771711,1.0156173884071014,0.9491976362715828,0.872028349192327
3143,Economic new,Deborah Payne,1.0091962588524988,0.9936564004913974,1.030892718179422,1.165378675728263
3144,Pull personal,Deborah Payne,0.9302991018291032,1.1473123748747673,1.067520314750935,0.9437251211959811
3145,Study eat now,Deborah Payne,1.1412446519625121,0.9057990324841338,1.0509450351171323,1.1841450595088716
3146,Glass total,Deborah Payne,0.9317891057138309,1.0234557941318891,1.096167769847493,0.9815301731211008
3147,Central room,Deborah Payne,1.0394308125718066,0.9924769025897643,1.0781229981749942,0.8774547074889705
3148,Ability ready,Deborah Payne,0.8605179517106596,0.86787458917018,0.9646579811546673,0.8867611962038343
3149,Positive,Deborah Payne,1.1172472294751603,1.1581999588458096,0.8927683645862315,0.9150025168402706
3150,Rise job,Jeffery Malone,1.1407916211670937,0.9503026153914408,0.8537352624338583,1.1509900119572791
3151,Impact there,Jeffery Malone,0.9950511040649757,1.1050443362539226,0.9700527755389525,1.185142202265981
3152,Continue,Jeffery Malone,1.163735676259856,1.0487185070727638,0.9551172807106918,0.9552445024135671
3153,Record him art,Jeffery Malone,1.0253154109468596,0.8781529980263141,1.0738943593551624,1.0670135759497497
3154,Down need,Jeffery Malone,0.9788419104183079,0.9905344089715453,0.8481218972838149,0.8543147656754135
3155,Claim would,Jeffery Malone,0.9085799111465006,1.0810895283978736,1.0892739518333558,1.030819468288696
3156,People job,Jeffery Malone,0.9486126700787333,0.9291338723919117,1.0296962286162474,1.073529356574292
3157,Inside develop,Jeffery Malone,0.9561705197603696,0.9860633754706726,0.9158757382879898,0.9726286762736135
3158,Policy month,Jeffery Malone,1.1174118296452276,0.8157781078530272,0.9328856366425557,1.0952269128979182
3159,Understand,Jeffery Malone,1.0439287979178222,1.0253863912968117,1.0398725062719127,0.9298381118461065
3160,Myself,Jeffery Malone,0.8275392718120743,1.1375559733033886,1.0285456442429284,1.0187920824973264
3161,Better style,Jeffery Malone,0.9514554396840135,0.896854330714564,0.8864680258828366,0.9059899950774686
3162,Policy clear,Jeffery Malone,0.9924268446353912,1.056961985311071,0.9827104338835313,0.9800569761373945
3163,Director life,Jeffery Malone,0.9922473009962391,0.8916477989022396,1.1172802047465331,0.9567708786968931
3164,Offer down six,Jeffery Malone,0.956536699936232,1.0909572490071267,0.940848590487587,0.8714645451589217
3165,Themselves,Jeffery Malone,1.044841952645022,1.1997863197639058,1.0730643764705945,1.1954482823382837
3166,I base may,Jeffery Malone,0.9554884979345596,0.9729240650526935,1.0068960159465663,0.9942547021277116
3167,Trial,Jeffery Malone,0.9115897568239467,0.9177137313929734,0.9136656021995068,1.0201789058355455
3168,Paper ability,Jeffery Malone,1.0313818025387134,0.9906085253942885,0.9710637606040101,1.0219690167311148
3169,Present only,Jeffery Malone,0.8051794929914977,0.7777804502719603,1.0656956044058497,1.0918153932943566
3170,Gas more short,Jeffery Malone,0.9412030905440503,1.0852631179940144,1.0866865422596304,1.1470292526037598
3171,Painting,Jeffery Malone,0.9517968799336453,1.0910514722910585,1.0810121673572453,1.1685296791941273
3172,Fish full,Jeffery Malone,0.7489415724514703,0.9900901220480769,0.9674122519400816,0.9291487373931298
3173,Toward work,Jeffery Malone,1.0496247827945488,0.9296832660940083,1.1289849750270156,1.1608555005437955
3174,Thousand,Jeffery Malone,0.9882705803428558,1.0172187032933007,0.8954991065172531,0.8869668325968473
3175,Here nor dog,Jeffery Malone,0.9412203059545432,0.958427494313384,0.7942407431559744,1.0707894462679037
3176,Writer,Jeffery Malone,0.949908410327533,1.063619742476287,1.1386997146057316,0.9274983825161119
3177,Available,Jeffery Malone,1.1325595700617301,0.9582296862631605,1.0256737050693756,1.102428514175631
3178,They rock,Jeffery Malone,1.1190519960035556,0.9248386565967415,1.223300542161208,1.092477701906053
3179,Single adult,Jeffery Malone,0.9141295159725791,1.0256572626573248,0.8627285776245527,1.0342215100012244
3180,Citizen visit,Jeffery Malone,1.0343902220679975,1.11853356291531,1.0080730273798661,1.1405939550391022
3181,Admit range,Jeffery Malone,0.9641088601292377,1.078741027289636,0.909948343028526,1.0533735511422526
3182,Modern toward,Jeffery Malone,0.9163829899208669,1.1293903500421016,0.9616034742328967,0.9546846093759797
3183,Painting,Jeffery Malone,1.1254740003984105,0.900096325878867,0.8788732101445194,0.9071835729398424
3184,Several energy,Jeffery Malone,0.8935533423634662,0.9008904681123246,0.9482610980847871,1.1312342366994599
3185,Minute decide,Jeffery Malone,1.0830143291416647,1.1075795715525565,1.1835272898235907,0.9662549432907808
3186,Pay he seat,Jeffery Malone,1.0683003174074759,1.0938491769373204,0.8598922961852338,1.1268568363793012
3187,Last open,Jeffery Malone,1.1185920370545923,1.001545360139787,1.1971721356927705,0.9776870777954938
3188,Authority,Jeffery Malone,1.055218006649572,1.0075272956301211,1.0337751130398682,1.1026706886408184
3189,Student matter,Jeffery Malone,0.9380953843618731,1.0058688267097944,1.1152245326705972,0.961553444452332
3190,Any relate,Jeffery Malone,1.1551307244871185,0.9546830572160414,0.9163440245104182,1.0769775707594513
3191,Him majority,Jeffery Malone,1.059488497641472,1.0561643844266773,1.076306073013365,1.107942416321521
3192,Produce,Jeffery Malone,0.8659636028885719,0.7951332903047718,0.7515784389259232,1.0150749505861063
3193,Machine bank,Jeffery Malone,0.8365496759790833,0.9818927668801685,0.8458744984036153,0.9664771267599973
3194,Skin after,Jeffery Malone,0.9647510818664076,0.9248334254250232,1.0481867811011645,1.0082426336405887
3195,Eat how,Jeffery Malone,1.0926809165175846,1.099460220333496,1.159344065206565,0.9464761423054752
3196,Remember,Jeffery Malone,1.0257896653215177,1.1436573569059045,1.072579838300395,0.941856130901915
3197,Appear field,Jeffery Malone,1.1398307434346555,0.9698804109355411,1.0047797314689508,0.8285006429897215
3198,Notice stand,Jeffery Malone,0.9658674097588734,0.9414073123632298,0.9377229885724875,0.96188912232271
3199,Program,Jeffery Malone,1.1429671006760294,0.9361889216930092,1.0890884661552644,0.9634781504477893
3200,Coach picture,Jeffery Malone,0.8744624061652226,0.7506805331906234,0.8480555079891224,1.101723878755959
3201,Upon certainly,Jeffery Malone,1.0544697100001719,0.9372580771839621,0.9767484791723777,1.0159097929077243
3202,Him yet hotel,Jeffery Malone,0.8736325892703859,1.1066967360110582,1.0845723131643559,1.1093163285907537
3203,Here left very,Jeffery Malone,1.1197243691839645,1.0413763479924967,0.9427138700477777,1.012145592557291
3204,Power expect,Jeffery Malone,1.1567239911116391,1.121721781913861,1.0345378710237494,0.9385987651002456
3205,Mouth nearly,Jeffery Malone,1.0377740895443444,1.0313119544749556,0.9574942969936,0.8946388159981724
3206,View see pass,Jeffery Malone,0.8988503581770428,1.021661609295987,0.9611499783426152,0.8475431476221146
3207,Prepare push,Jeffery Malone,1.0330874551908218,1.1544780139365798,0.9769111058971467,1.0091905984387646
3208,Admit radio,Jeffery Malone,0.8795618204184847,1.0016895371609191,1.0259870497666368,0.9544970463342153
3209,Open medical,Jeffery Malone,1.0885007173629553,1.09280865783535,0.934812435205138,1.0367851749005608
3210,Party cut,Jeffery Malone,0.937945365515492,1.019708435349251,0.9423053204282181,1.0139356403983402
3211,Green military,Jeffery Malone,0.830522604370016,0.8215889890211918,1.026884684664938,1.0464761841817996
3212,Little market,Jeffery Malone,1.0739599282479388,0.9364774411633582,1.13695453980459,1.069039900852182
3213,Forget past,Jeffery Malone,1.0025341747089023,1.1708571997467867,1.0209914212883857,1.026541596624401
3214,Involve,Jeffery Malone,0.9490488133354267,1.1393481793661673,1.0393683531013025,0.9056950991329732
3215,Environmental,Jeffery Malone,0.9260542151956852,1.0605786594432816,0.9266459189997038,0.8106128321940562
3216,Quickly full,Jeffery Malone,1.0073227577115371,0.9373740608355312,1.1380559400019847,0.9349804963942974
3217,Say push add,Jeffery Malone,1.0012290872113856,1.177323355583898,1.0481230989936634,0.9728734928553172
3218,Season dinner,Jeffery Malone,0.8882136284355333,1.0422961085267426,1.0957564199589893,1.045924883265552
3219,Surface place,Jeffery Malone,1.0833268554210378,1.0566211216643302,0.9041378725723619,0.8662625661584435
3220,These,Jeffery Malone,0.9745552313506664,0.9519307398465922,0.9728048839290722,0.960180498868433
3221,Hair parent,Jeffery Malone,0.9391549849047071,0.97546761257838,0.9338100577227066,0.9380546228174486
3222,Yeah mention,Jeffery Malone,1.1582696963307617,1.005258448251159,0.9941405470639352,1.1037494272640351
3223,Audience,Jeffery Malone,0.8975369530959467,1.108824568512779,1.078545510521338,0.9833946588949767
3224,Few seat role,Jeffery Malone,1.131875539171333,0.9752160237147387,0.8300467150096192,1.0329124729852397
3225,Style he,Jeffery Malone,1.0870043734705326,1.0347537667340543,0.9605171682071154,1.1781067826498346
3226,Argue long,Jeffery Malone,1.0457402040679173,0.9794003394081817,0.9406660069308339,1.0183630572436304
3227,Example win,Jeffery Malone,1.001149265766593,0.9092062716820779,0.9026539775714926,1.0060980088650848
3228,Dog also close,Jeffery Malone,0.9666953017727637,1.1375409193625656,1.0050425518765562,1.0601389294598496
3229,Bit on manage,Jeffery Malone,0.9783021107994645,0.998282810418113,0.9888869125705502,1.0151208260827536
3230,Lot staff,Jeffery Malone,1.0978681408616326,0.9360537875838217,0.9221451395925957,0.9454720039057434
3231,Safe sound,Jeffery Malone,1.1640903983043924,1.0268074882034923,1.084898505837045,1.1477713535454876
3232,Hard minute,Jeffery Malone,1.0357965645297544,0.9587265874414344,1.0032222763614695,1.143288437161744
3233,Within prepare,Jeffery Malone,1.0310930945435346,0.9014939100364805,0.9821805383379894,0.8545417550571874
3234,Unit these,Jeffery Malone,0.9218260451647898,0.9568174086287932,1.075448881193458,0.9759570274067249
3235,House lose,Jeffery Malone,1.1119393378472842,1.0432721413041615,1.0484037264093613,0.9504348709505824
3236,Beautiful,Jeffery Malone,0.9717758897997792,0.9873551620505812,1.1163501132082827,0.9989227736686007
3237,Size to turn,Jeffery Malone,0.9689421794181402,1.0454483583551986,1.033398679219792,1.0853794650067143
3238,Again report,Jeffery Malone,1.0526032153503477,1.0130467209261833,0.839853713952019,0.978087220215396
3239,It four whole,Jeffery Malone,0.9009720448314189,1.1280233873187482,1.0088030657779479,0.9927935502016647
3240,People,Jeffery Malone,0.7893049645948447,1.1494853804455873,0.8191344283035837,1.0791314017272498
3241,For so girl,Jeffery Malone,1.0287870382605389,1.1017093534823124,1.2114587119683458,0.9563936219396709
3242,Partner event,Jeffery Malone,0.9515180299498943,0.8483305661868867,1.1957637263491017,1.1297841169183382
3243,Watch,Jeffery Malone,1.1043240028881618,1.2177468876090698,0.9159612261915531,0.9765648009092666
3244,Career work,Jeffery Malone,0.922186244331298,1.2060500882217071,0.9374853213939501,1.0918404238439994
3245,Final politics,Jeffery Malone,1.0330912097938676,0.9895104763750856,1.0325501481499855,1.0799100592819422
3246,Without young,Jeffery Malone,0.9765649173682629,0.763497921670546,1.0583616491466454,1.2448195963493462
3247,Feel position,Jeffery Malone,1.0234784879745527,0.9329164263527904,0.8935987623471391,1.0131419821077219
3248,Tax board for,Jeffery Malone,0.9962823757353904,1.07548425382579,1.114270583200725,1.1651008819086746
3249,Whose more,Jeffery Malone,0.9597229353796335,0.9987105683412761,0.7904370732222433,1.1155250715471614
3250,Wait financial,Jeffery Malone,0.8854714101014645,1.0277769916727726,1.0602128241890234,1.0072877095932982
3251,Pretty blood,Jeffery Malone,1.162866982204629,0.9583908044788336,0.9811160005141573,1.1035079422827552
3252,City get,Jeffery Malone,0.9535334561344575,1.1988533777287769,0.9827699427954425,1.1097709978890338
3253,Along,Jeffery Malone,0.7325343877406505,1.1870847067662282,1.0359711961011195,0.9945182714146057
3254,Culture minute,Jeffery Malone,0.9525468302050557,1.1363252039246863,1.0363253362444471,1.132195809213045
3255,Several,Jeffery Malone,1.0757432591090699,1.006079237873237,1.0240309115878692,0.875516431593879
3256,Former focus,Jeffery Malone,0.9780413531309485,1.0688378373105858,0.9905385652173692,0.8869959758449502
3257,Chair mention,Jeffery Malone,1.0114812911088849,1.0445640365222495,0.9593541022339738,0.9510023962910292
3258,Claim maybe,Jeffery Malone,1.2246149819816226,1.0601282322684404,1.0633373336057546,1.0231995844686539
3259,Budget country,Jeffery Malone,0.9420366898494559,1.1516131005148997,0.9214742874806517,1.2047717162741751
3260,Production,Jeffery Malone,1.0473199688563728,0.9925371749942858,0.9688178143275192,1.1860900625924196
3261,Scene develop,Jeffery Malone,0.9279595397709286,0.8498941814244012,0.8259198836470087,1.0500114498250614
3262,After entire,Jeffery Malone,1.0125401692690295,0.9437557319188559,0.9811609684854601,1.0665871479699642
3263,Suggest amount,Jeffery Malone,0.949703414531192,1.0426867159245194,1.0313770768264923,1.0680950980146866
3264,Life word same,Jeffery Malone,0.9318430841013038,1.0035891039260973,0.9796887315854417,1.0348628763185437
3265,Last heavy,Jeffery Malone,1.027336205718174,1.0675380741776441,0.9648396522559842,0.914596866646114
3266,Capital top,Jeffery Malone,0.8743899242893933,0.9268512795080189,0.9391669296085927,0.8092736641604128
3267,Paper rather,Jeffery Malone,0.9948200493575551,1.0206520399396195,1.1542254148270654,0.8477484126632832
3268,Star suddenly,Jeffery Malone,1.0810874418764544,1.066012332896061,0.8757523849114712,1.040791463210862
3269,Security close,Jeffery Malone,0.9527254518523689,1.0051413463737109,0.9986643788777787,1.0229393486379432
3270,Recently enjoy,Jeffery Malone,0.8766167592747559,0.9513329506408961,0.9506522423293968,0.9070468858207001
3271,Population on,Jeffery Malone,1.1046253777031072,0.9953905753802179,0.8169907882157132,0.9100496710798454
3272,Lead poor,Jeffery Malone,0.9031118127808081,1.0449130874209684,1.138454760944107,1.0017545738387215
3273,Anyone film,Jeffery Malone,0.9513946576420717,0.9027915001131646,0.8525644196812372,1.171292720057566
3274,Say listen,Jeffery Malone,0.9902394949896318,0.8202322949140035,0.9905396260675378,1.1077137091307678
3275,Traditional,Jeffery Malone,0.9215822271572341,0.7809345015711388,1.0740910224919908,1.10276460193755
3276,These marriage,Jeffery Malone,0.8270689936624686,1.0764542484467088,0.9775111310248336,1.120885595440486
3277,Exist music,Jeffery Malone,0.9774242223453534,0.9260231578329332,1.1569530359779274,1.1051816394769727
3278,West network,Jeffery Malone,0.9298052100191684,1.0454445556553822,0.9052997342393401,1.0023749825134556
3279,West smile,Jeffery Malone,0.907103941012738,0.8362074381002459,1.046357191532451,1.0354038357868034
3280,Turn message,Jeffery Malone,0.982689675944272,0.8674101465005774,0.9716566905286758,0.8769667987819374
3281,Wind far,Jeffery Malone,0.871431703056168,1.1423569024373483,0.828273279570213,0.9543129134753563
3282,Stage first,Jeffery Malone,1.088300007822337,0.9324030645458887,1.057208686112989,1.017914936085292
3283,Need defense,Jeffery Malone,0.8206015798947607,1.1284106039811503,1.1273828299385684,0.9397040506584663
3284,Garden might,Jeffery Malone,0.8119085028420046,0.797389156283046,1.1113125842504976,1.003494509260995
3285,Together,Jeffery Malone,0.9183252128204006,0.9275090794165533,1.131992617473431,1.0843647519139188
3286,Hundred cause,Jeffery Malone,1.080658489708109,1.0015896631548458,0.9554092401987306,0.999679423385504
3287,Radio minute,Jeffery Malone,0.9704746213968855,1.0019017254153362,1.018951668391672,0.9715718965673454
3288,It example,Jeffery Malone,0.9814947049509495,1.1577004339786132,1.131580707021001,0.966561843391677
3289,Brother likely,Jeffery Malone,0.9867994057508294,0.8047307861391995,0.9355980103037734,1.1230244989345082
3290,There computer,Jeffery Malone,1.0224272126155738,1.1551196137389168,1.0636442632556222,1.0406134091354817
3291,Growth purpose,Jeffery Malone,1.0435127652110845,0.9637095554860204,0.9353262563911124,1.04437582556868
3292,Eye region,Jeffery Malone,0.9022455754189248,1.083008606043334,1.010494179280816,0.949400376744177
3293,Can respond,Jeffery Malone,1.160259367400196,1.009676402338506,0.9401634746308627,1.0046546462220434
3294,Key law,Jeffery Malone,0.9039371192180736,1.1156699482073564,0.9565137033038731,0.9761893421139469
3295,Hard attention,Jeffery Malone,1.0295533020574361,0.8208238037307085,1.175107730736225,1.0292017249377865
3296,Western black,Jeffery Malone,1.1075732348682799,0.9482354199225648,1.0457165669440829,0.9715565151899714
3297,Degree suffer,Jeffery Malone,1.1183033033641054,0.9333380592042776,1.077713286252395,1.199680964611138
3298,Along town,Jeffery Malone,0.9348140207555445,0.9301563324322698,1.0468898470178294,0.8794791266964292
3299,Place choose,Jeffery Malone,0.846906983895253,0.7742520176110008,1.1472647805095904,0.8210627006580425
3300,Behind job,Melanie Berry,1.0323560040905997,1.079369054651502,0.9100020739517625,1.1236094219677495
3301,Film smile,Melanie Berry,0.9893039557459848,1.014801568460888,1.0189609162370337,1.091334768357028
3302,Arrive choice,Melanie Berry,0.9441400226373696,1.159567929044882,1.0400699108059166,0.9152379762361357
3303,Notice expert,Melanie Berry,1.135837973289806,0.9131422214981703,0.9801908948875611,0.9566909361834535
3304,Learn without,Melanie Berry,0.795854827509062,1.1665347674293487,0.9034133539266078,0.9427660373485034
3305,Safe fall box,Melanie Berry,0.9993106932211135,0.9507913029961196,1.161260646191221,1.1327909946763315
3306,Cover nation,Melanie Berry,1.0893240936226312,0.825291163778827,1.0242336974906217,1.124260118077816
3307,Yourself,Melanie Berry,0.8689874441649952,1.026345182688455,0.9009394627490721,0.970931843085777
3308,Food education,Melanie Berry,1.169863876907429,0.9030779672128945,0.8415113400878766,1.0502427409052129
3309,Try drop,Melanie Berry,0.9296967431687775,0.8975271510595592,0.8649294818494455,1.0512918928673696
3310,Money even,Melanie Berry,1.108894302290848,0.9773886282813867,1.1702329587508478,1.048339477026133
3311,Wide yard,Melanie Berry,0.9143097681229874,0.9209906948427867,0.8292317853484181,0.9707052290815793
3312,Article guess,Melanie Berry,1.1809058423139898,0.9004245648746783,1.0421821836958354,1.0093001404980046
3313,So brother,Melanie Berry,1.1072610959678924,1.0774891121262273,0.938459012760168,0.8616954695453423
3314,Anyone its lot,Melanie Berry,0.994162716514919,0.9438434093916868,1.093409318120401,1.064986518866343
3315,Purpose chair,Melanie Berry,1.0576191717809547,0.8409551487835951,0.9787553984661059,0.839926640710989
3316,Less little,Melanie Berry,0.9858847569495494,0.837120795244179,0.9562927356202541,1.1626836686654598
3317,Tax,Melanie Berry,0.9770821404372141,1.054378928732923,0.9837870989897051,0.913831763096576
3318,Public develop,Melanie Berry,1.0171018607494178,0.9837058526379863,1.1063069998969934,1.050557436518588
3319,Time,Melanie Berry,1.0384331349470632,1.0499776981975188,0.9544506396606524,0.9388433465923666
3320,Yet door many,Melanie Berry,0.9162871569601135,0.952846573415247,0.9771999299283324,0.780750926430313
3321,Move,Melanie Berry,0.8756916602501766,0.9808989832618699,0.9963413758873282,0.9890711000895853
3322,Detail car,Melanie Berry,1.0499830485678612,1.1250235303781244,1.0051696946558497,1.0774119898267556
3323,Child century,Melanie Berry,1.001601807144452,0.955227218524325,1.0688537595074978,1.0313845893249487
3324,Late someone,Melanie Berry,1.07638499213288,0.9724005507779641,0.9237871495651764,0.979554040699543
3325,Risk health,Melanie Berry,1.0295339991481374,1.0531665518273539,1.1070463721273653,1.1377396621224594
3326,Current,Melanie Berry,0.9220405977007604,0.7618822268893304,0.7886971063385139,1.0293782224488592
3327,Individual,Melanie Berry,1.0571738938177366,0.951901898761131,1.0515429559664176,0.831362391136973
3328,Town probably,Melanie Berry,0.8964328001822415,1.0302123578282154,0.962172042053043,1.001545215263824
3329,Election,Melanie Berry,0.9375344573318344,0.914018380496188,1.1283462170360985,1.020789349037713
3330,Style example,Melanie Berry,0.9570164212615428,0.926613289366565,1.0804575243336987,1.0482212536817639
3331,Story parent,Melanie Berry,0.9118092656297441,0.9289334486315294,0.8832836580651146,1.053829940341996
3332,Child put,Melanie Berry,0.9293188993657433,1.0247429958837315,1.2217209754194613,0.9776854755259179
3333,Fine left,Melanie Berry,0.8642786688781453,0.7886640668861991,0.9220152374143631,1.0946194717021178
3334,Individual,Melanie Berry,1.0226230984561628,1.0889612899994954,1.0346383837526958,0.9898449466417859
3335,Act style much,Melanie Berry,1.064463620424719,1.0512030233363518,0.8722843027853144,1.1061953692133726
3336,Focus art many,Melanie Berry,0.9613314322285662,0.9367411921753215,0.9228898249750749,0.8710993095978592
3337,Process them,Melanie Berry,1.0176338909875369,1.0308145013553367,0.9774442138804743,0.8896452518311617
3338,Democratic,Melanie Berry,0.9864436085404327,0.8431124237756394,0.8804153868620253,1.1912187774839615
3339,Room,Melanie Berry,0.8644936870173245,0.9805233121870292,0.9300850367046148,1.032792949000032
3340,Image person,Melanie Berry,1.0885341683760286,1.009110304799956,0.9842680964022321,1.0984668701153657
3341,Analysis stage,Melanie Berry,0.9151125046037564,0.9670923402752718,1.0309045629948415,1.0063313784084165
3342,Away find,Melanie Berry,0.9669926507749678,1.0762457908815393,1.013729250179455,0.999094377961477
3343,Woman bar book,Melanie Berry,0.9837624363550487,0.9679880489025793,1.109274049748267,1.0180713494327434
3344,Cost research,Melanie Berry,1.0166201852406977,0.9690910863013538,1.1261061369356524,0.9710778432949365
3345,Up many factor,Melanie Berry,1.0418631868890587,1.1654503404942693,1.1129888068979046,1.2123136769218013
3346,Before idea,Melanie Berry,0.9608425458496537,1.0192738651732756,0.9015417703862264,1.1167917661232667
3347,Share maintain,Melanie Berry,1.072968671906337,1.0303643467015136,0.7749720898025896,0.9359105937975909
3348,Leave eat,Melanie Berry,0.92728665459534,0.8884326188716005,1.0841507399478627,0.9054677658240552
3349,Simple until,Melanie Berry,0.7447344713615294,0.8993313321213285,0.8914571984185765,1.0419102452403959
3350,Their test car,Melanie Berry,0.9275638780176066,1.1292978422185462,1.070368612811308,1.1307284031373048
3351,Already other,Melanie Berry,0.9248942757626588,0.8391048273679408,1.0602467246781362,1.0329700299146158
3352,Southern,Melanie Berry,0.9705019454925639,1.1060825560515204,1.0883552231868088,0.8312011122784064
3353,Appear lawyer,Melanie Berry,1.0641722130489168,1.049338926371734,0.917332463407262,0.9327083680854384
3354,With bring,Melanie Berry,1.0310523932391114,0.9581591972241469,0.8055529581197869,1.1981690121559465
3355,Use teach,Melanie Berry,1.119161430830848,1.0544956569482538,0.9084938206029507,1.072874237650003
3356,PM expect,Melanie Berry,1.0032932109540529,1.0052261176170967,1.0447683069489961,1.016139914307538
3357,Collection,Melanie Berry,1.17676040572004,1.0680596511480809,0.9257535902420249,0.9049250228767659
3358,Mr dinner fear,Melanie Berry,0.9821489967719633,1.0658651579497689,1.1049905520949501,0.9277132965062101
3359,Structure free,Melanie Berry,0.9557174609641093,1.1461944876099959,1.0806029026365218,0.9256234533538849
3360,Decade learn,Melanie Berry,0.9777965284243298,1.0692095522978893,1.0943349400948676,0.8734604326592066
3361,He even speak,Melanie Berry,1.0446565210924115,0.8883565103646986,0.9918882028183459,0.9739915114703449
3362,Suddenly well,Melanie Berry,0.9496240532937248,0.9506236136957689,1.083474441437029,1.1696141409174656
3363,Born without,Melanie Berry,1.043807101218021,0.9185548443209509,0.945749355606621,0.8762202760162828
3364,Newspaper,Melanie Berry,0.888087310744343,0.8858784769788655,0.943089571432411,1.0104516227170985
3365,Next assume,Melanie Berry,1.1035496488797183,1.1325792243368027,1.0173770822161745,1.1046103936285427
3366,The poor sign,Melanie Berry,1.1279211309456694,1.0006280453084777,1.0665055370823722,0.9767542114179062
3367,Life look,Melanie Berry,1.1579645240777467,0.9772202655784783,1.0762860223903525,0.8313181860177856
3368,Discover,Melanie Berry,0.967126210682232,1.1646255782794026,0.8749500120238927,0.8320444216957698
3369,Question,Melanie Berry,0.947748264826101,1.024289883720493,1.0548157981830908,0.8233113401107068
3370,Force budget,Melanie Berry,0.9303960925435308,1.0005678333281975,0.9548184053964445,0.9602239619208741
3371,Human memory,Melanie Berry,0.9267359970591671,0.8866621737694552,1.1027448389059327,1.0486813928113483
3372,Blood seven,Melanie Berry,1.063618289241121,0.9855744820857725,1.2049532212708107,1.0308876182679867
3373,College,Melanie Berry,1.1160942589603875,1.0615069135303457,1.1135296589743913,1.0278438864520714
3374,That want need,Melanie Berry,0.949909746996243,1.0458447174275087,0.9537296170187619,1.0039479229581836
3375,With these,Melanie Berry,0.9130702441715841,0.9696064822884812,1.1814966571874406,1.0279773859933594
3376,Stock read,Melanie Berry,1.1587981568975942,0.943889233236572,0.9280756591817537,1.0306124609869403
3377,Image research,Melanie Berry,1.036500286128142,0.9310502216177616,0.9313054100837963,1.0792870247963833
3378,Civil watch,Melanie Berry,1.1041220477709073,0.7896004969989965,0.9486774143770895,0.8810373640597605
3379,Able,Melanie Berry,1.0101053714565291,1.0045505423127112,1.1219195934518322,0.9361209160544739
3380,Animal less,Melanie Berry,1.0212605928303575,0.8604227496086988,0.9793629570176079,0.9935379903830895
3381,Be begin us,Melanie Berry,1.0124299068700005,0.9156528210347059,0.8145086200940079,0.9454309441586928
3382,Raise order,Melanie Berry,1.0448474928726246,0.9391524763843183,1.1583326788966322,0.9420882483183932
3383,Skill nothing,Melanie Berry,1.0506575935754974,1.0066488709030124,1.0714918960024447,0.8210385758166467
3384,Fill cold fund,Melanie Berry,1.0506912255946552,1.207051131564952,1.0520772332471886,0.8303600503932456
3385,Appear head,Melanie Berry,0.9473324265120147,0.9351355634278451,1.0278915388494032,1.1111869478047303
3386,Seven box,Melanie Berry,0.9951422775097597,0.934776414615559,0.8729374202062161,0.9356426874758508
3387,Parent stay,Melanie Berry,0.8154226181830865,1.0119505320907973,0.9266144685354704,0.8786143027752217
3388,Bag he start,Melanie Berry,0.9263032129781736,0.9477988522258681,1.0823227999022167,0.8778359385169814
3389,Suddenly foot,Melanie Berry,0.8631391500015528,1.004827424911432,0.9335712843774607,1.0558611072024495
3390,This field,Melanie Berry,1.0648888292107621,1.0624091891241372,1.0120199073024971,0.9743983069853935
3391,Successful,Melanie Berry,0.9303013188253394,1.213714918817771,1.0253467133025034,1.0611435991725768
3392,Food arrive,Melanie Berry,0.9026535403877449,1.0733623353619064,0.9085554316547365,0.983948199056966
3393,Blood picture,Melanie Berry,1.1767842141268887,1.049522749890571,0.9325884429084569,0.9690455823665861
3394,Reflect he,Melanie Berry,1.0081165215608647,1.1336675019219244,0.9821007799678836,1.1153442732297005
3395,Throw ability,Melanie Berry,1.224646852485077,1.123717091776957,1.0342176646576056,1.081196796576882
3396,Again half,Melanie Berry,1.0534599927469352,0.975103489249157,0.8966724564628484,0.9888131279838045
3397,High world,Melanie Berry,0.94747707283403,1.0756249763999162,1.1702490294688266,0.9420525327158031
3398,Special deep,Melanie Berry,0.9324083116343275,1.042017203841231,0.9443180894863799,1.0855055439506374
3399,Everything job,Melanie Berry,0.8493073066638308,0.9809835038355772,1.0832009261456612,0.9514860348828194
3400,Time middle as,Melanie Berry,1.0085391064226852,1.0040689949398725,1.1569837787859472,1.0176671164937803
3401,History easy,Melanie Berry,1.015677425775046,0.9756429233275531,1.0128356379916388,1.1956836722970658
3402,Section,Melanie Berry,0.9699928554055146,0.907469865472025,0.8973078266580095,0.8872039653649686
3403,Evening focus,Melanie Berry,0.819214044297941,1.2015098608696686,0.8725569145408093,0.9990075889329042
3404,Bed next,Melanie Berry,0.9147852345823432,0.9766959941566224,0.9776866950997611,1.0591224076301167
3405,Break issue,Melanie Berry,1.0801997521244373,1.1339504355075942,1.0576846285493904,1.1702187947609688
3406,Present care,Melanie Berry,1.0381265887254314,0.9863022487310058,1.1034443735814952,1.1231272802891188
3407,West certainly,Melanie Berry,1.0605787108514038,0.9400644470826619,1.0390939769950438,1.027700771350838
3408,Amount,Melanie Berry,0.9320548868391638,1.0481986631143125,1.0065345782211794,0.9578894148286283
3409,Why present,Melanie Berry,1.0636109937036191,1.019265627977858,0.9567304786497955,1.0719507940247703
3410,We social,Melanie Berry,0.9448745938294448,1.0268081006884282,1.0062302271846062,0.9415720435038009
3411,Oil person,Melanie Berry,1.1400741599068713,1.003995127252388,1.1428862523388352,0.9244958173648802
3412,List threat,Melanie Berry,0.9281600441592501,0.947011181125899,1.016223315194836,0.8095995346148078
3413,Show be move,Melanie Berry,0.8859064905916398,0.902539862072724,1.031940469693414,0.9672426355110662
3414,Address when,Melanie Berry,1.0215812191099494,0.9957334286498817,1.2455299889311282,0.9672668962950125
3415,Clear TV city,Melanie Berry,0.9358340558362376,0.8291699269674252,1.0442703115095187,0.9956191142351266
3416,Author poor,Melanie Berry,1.0146187156787942,0.9752890337135772,1.0892095904779393,0.9810738937782584
3417,Player head,Melanie Berry,1.0825039697385326,1.0468842275237662,1.0741148179206208,1.169647291262281
3418,Clear over,Melanie Berry,1.087233513880042,1.1367491524453466,1.0005276936315384,0.8866368249797323
3419,Foot street,Melanie Berry,0.8920281680978798,0.9339075393819636,1.021222743275947,1.0921651176692397
3420,Relationship,Melanie Berry,0.9664251099847948,0.8362327963575338,1.077297462805556,1.0676284622489367
3421,Drive on they,Melanie Berry,1.0486324257399944,1.0339599204824133,0.9784005828187263,1.0582284940363493
3422,Political,Melanie Berry,1.070685553734178,1.0180923626123393,0.8218833998346675,1.0561916006516447
3423,Behavior white,Melanie Berry,1.0228541791609267,0.9800212724701135,0.9293848639080485,0.9033444192124195
3424,Could minute,Melanie Berry,0.9396898599520908,1.0593703079345729,1.0458399614397587,1.007681892839704
3425,Beat free care,Melanie Berry,1.1632787365647825,1.0924575898771298,1.1100361683749567,1.0441231704756135
3426,Many action,Melanie Berry,1.3288643554332038,1.0204366085660856,1.0504600524681749,0.9304840142488026
3427,First mind,Melanie Berry,1.0570804066456951,1.0787108370820382,0.9843908120834488,1.068068968311083
3428,Concern set,Melanie Berry,0.9451193869752397,1.0347376279569651,1.094719133265956,1.0054499931772314
3429,Feel anything,Melanie Berry,1.046946852759987,0.9667325424117355,1.1269535600187697,1.0691771727684993
3430,Him they serve,Melanie Berry,1.032454689182698,1.0219910903177662,1.0568009072297158,1.0794437763517188
3431,You science,Melanie Berry,1.087198192590964,1.0540255405017767,0.9966695914427298,1.0684069108783754
3432,Present nearly,Melanie Berry,0.9882405009534734,1.1626779252931871,0.9683487082534629,1.0250105157832363
3433,Out computer,Melanie Berry,1.1435212332214122,0.9375357009380189,1.0936393543999487,0.9297786536140469
3434,Would go along,Melanie Berry,1.02645457599955,1.174720260962994,1.0567723366339226,0.9655679635859297
3435,Spring however,Melanie Berry,1.104959511114376,1.334301427325244,1.059060379344208,1.0470260862983622
3436,Game our sign,Melanie Berry,1.1335752902031615,0.7802202531920621,0.9931109321560219,1.0212036543349234
3437,View central,Melanie Berry,0.9673650517763854,0.8770908897622378,1.0595167982012146,0.9130579621958735
3438,Arm seem,Melanie Berry,1.043442076638342,1.1948086053838451,1.0679622449792119,1.1021965644036082
3439,Sign yet,Melanie Berry,0.8269968457653791,0.9591464899509299,1.229638071479307,0.9247023903242257
3440,Player this,Melanie Berry,0.8883822349991078,0.9720526356980174,0.9431646747818218,1.112394183333647
3441,Property,Melanie Berry,1.0975580761426464,0.900665861134558,1.1035878890589828,1.2973347451443118
3442,Laugh recent,Melanie Berry,1.0291682238742097,1.0501356551500645,0.9521063382653905,0.8562698161166833
3443,Minute well,Melanie Berry,0.9585947807006648,0.964995726554782,0.9555480488628556,0.9346102939672764
3444,Always view,Melanie Berry,1.0257278375320111,0.9102251570614389,0.9803667437021233,1.1011645841273447
3445,Upon sense,Melanie Berry,1.0887214370275649,0.9862352868919392,0.9269224929129244,1.032777618114069
3446,Cold concern,Melanie Berry,0.8480245124749461,0.9453586484448074,1.0124300494714509,0.9798735056039007
3447,Laugh some,Melanie Berry,1.1632920883224718,1.0629949560323428,1.1113086158914496,1.1167367620819795
3448,Avoid inside,Melanie Berry,0.8746717788599851,1.099998242325935,1.0890431544380803,0.8676298418941685
3449,Drive surface,Melanie Berry,0.7734044427082989,0.9665816978660106,0.9557783228570809,0.8680972333899539
3450,Along ten get,Anna Robinson,1.0667695105271968,0.8282241049063527,1.1403340658746872,1.255540643459133
3451,Structure,Anna Robinson,1.0509973971973596,1.008254317933476,0.9860854909126275,0.7478393175801692
3452,Member,Anna Robinson,1.2580566841599972,1.165407929257418,0.8389315128162025,0.8935604029637855
3453,Every today,Anna Robinson,0.7754235130579101,1.061680778761532,1.128226155326562,0.9190546866854472
3454,Technology,Anna Robinson,1.0244935895081302,0.9387186746576023,0.8649706028612876,0.9019923386082094
3455,Major seem,Anna Robinson,1.1229064588871203,1.118410506703036,0.9669345515853037,1.1412347196240198
3456,Family,Anna Robinson,1.0195066862627573,0.9663430000189308,0.9630150285484862,0.9758458900327913
3457,Want station,Anna Robinson,0.9618045800765185,0.9868863300202505,0.941980497953341,0.9473568930586158
3458,Fire a plan,Anna Robinson,0.8867108317529306,0.9385358609969467,0.8970699256267485,1.159600190737594
3459,Pass when such,Anna Robinson,0.9430051540034298,0.9995553836387466,1.1009299248365931,1.0093854657762589
3460,Nor there,Anna Robinson,1.0348049921362041,1.0612472085616942,1.046673655585418,0.7396732309743957
3461,First,Anna Robinson,1.1944308269499897,1.0880549746719763,1.0063979949634594,1.0193368031762768
3462,Set ago school,Anna Robinson,0.989650822818782,1.0348651875745571,0.9236568234681248,0.9808586357703502
3463,Future person,Anna Robinson,1.057246003768283,1.0166032550414794,0.9601265028908077,0.7986273756668608
3464,Citizen,Anna Robinson,0.9637151066910646,0.7982489648616043,0.9031117780129162,0.8547758182347396
3465,Available,Anna Robinson,0.9688302454992979,0.8811532591703858,1.157071770233665,0.9486375927087136
3466,Value coach,Anna Robinson,0.9767121965490495,0.9055671896229329,0.9731772616733958,1.062259560648295
3467,Stage pressure,Anna Robinson,0.9851452998914352,1.0682391272948188,0.9850406777501427,0.8182689956368389
3468,Personal might,Anna Robinson,1.0905000135441973,0.9239426196779554,1.0575557259467865,0.9867334229168702
3469,True spring,Anna Robinson,0.9541638857893708,1.061067243307314,0.9361657673984464,1.082685778904651
3470,Include born,Anna Robinson,1.0196013238628414,0.9876063542930271,0.9977051607144842,0.9727231220900262
3471,Medical soon,Anna Robinson,1.0715313815580816,0.9995290974350798,0.8349618746331398,0.8306237406567517
3472,Brother could,Anna Robinson,0.9161207138910034,0.6800928681988044,0.961037241916209,0.8998550997930644
3473,Door need,Anna Robinson,1.0544979725528063,1.0274005133056843,1.0218260434436475,1.0861008255303854
3474,Mention apply,Anna Robinson,0.9566383906470407,0.9229735921952466,1.0713391524761409,0.8085669460459377
3475,Floor affect,Anna Robinson,1.0709743136163021,0.9076371278388016,1.0260840165530418,1.0396441850148208
3476,Question,Anna Robinson,1.1166211972198925,0.8711777822848187,0.9110629562096488,1.0226960331298935
3477,Operation,Anna Robinson,0.9386470901083358,0.8096068412743895,1.1648355341840473,1.164751189334191
3478,Explain ever,Anna Robinson,0.9668044368884432,1.1087471711838208,1.0846635541965965,1.0154217307147992
3479,Yeah one,Anna Robinson,0.9701886889318768,0.7811930580296733,0.9683604152531012,0.9939188146408029
3480,Support feel,Anna Robinson,1.1881124108748757,1.0190993354868096,1.0435757519281166,0.8794348399877084
3481,Us travel,Anna Robinson,1.0662736005606754,1.1089860363925321,1.1002997000864863,1.037588570593766
3482,Parent,Anna Robinson,1.1118921869880622,0.9615211910071648,1.1824960456864124,1.1264762224846963
3483,Consumer poor,Anna Robinson,1.1813499423294194,0.9682957820543926,1.046317921926718,1.0659845850160388
3484,Civil,Anna Robinson,0.7872075858646839,1.1128039319959488,1.011439015186664,1.1454668321026862
3485,Us important,Anna Robinson,0.985378192324306,1.0743508560085608,1.0230043844174532,0.9950578385677985
3486,Program point,Anna Robinson,1.1080056247957504,0.952519892015091,1.3964024642947093,1.1039294459791968
3487,Yet possible,Anna Robinson,0.8038132642140645,1.0005839910954704,0.9365739725168593,0.9216109843217247
3488,Table physical,Anna Robinson,1.194963411578825,0.9027864439272838,0.9921975015552857,0.9572851681469734
3489,Cause receive,Anna Robinson,1.0018056724721331,0.9382773948487719,1.0710888398094895,0.9189317805915201
3490,Can simple,Anna Robinson,1.0753675580772328,1.1125829006316255,1.0197789029905555,0.9910655492482852
3491,Thing,Anna Robinson,0.9493892983435398,0.9379896062542281,0.968261604203147,0.9074571507799546
3492,Front fly real,Anna Robinson,0.8774767130085102,0.9179211721038032,0.9941089058020148,0.9051322532600982
3493,Various attack,Anna Robinson,1.034524076961488,1.1149283528399074,1.1665110057239738,0.9414840025917355
3494,Task reach,Anna Robinson,1.1182866837832,1.0580600917000942,0.962400571862508,1.086166117531936
3495,Later cut,Anna Robinson,0.8072676994320279,1.0367547883778663,0.9362039905341862,0.9418835881991873
3496,Piece partner,Anna Robinson,0.9825852208217717,0.9815366844415155,0.8928553226589143,0.9566985553439373
3497,Expect how,Anna Robinson,1.0094015536967722,1.073085300309932,1.0066315770468257,1.1689941917105882
3498,Build travel,Anna Robinson,1.019780068525482,0.916342600861935,1.1011085220424053,0.9476903841798051
3499,Site possible,Anna Robinson,0.8439693126927929,0.9656147523530747,1.0279455116510965,0.9258270033968423
3500,Able bar I,Anna Robinson,1.1942953315699332,0.9481468407799769,0.9049221476037033,0.9673812810570588
3501,Find water,Anna Robinson,0.8851246622496683,1.1110137766049688,1.0134501864438723,0.9769851781102239
3502,Their,Anna Robinson,1.0956604588719552,1.1087882199556585,1.0146214875140294,0.9450985730142424
3503,Agree mean,Anna Robinson,1.062430994494024,1.0437782092326837,1.0460284769204726,1.2192420123003795
3504,Door evidence,Anna Robinson,1.148485295295983,0.8481670211004683,0.871403744521225,1.0239001236245806
3505,Which reason,Anna Robinson,1.009215901045127,0.9787238650723157,0.7591718827115936,1.0512548045141363
3506,Tend single,Anna Robinson,1.1545513413360275,1.0844137303379353,1.0791450546298,1.0815589880623564
3507,Speech during,Anna Robinson,1.1233510483081115,1.001574307497264,1.0799247049210452,0.884505146948689
3508,Interesting,Anna Robinson,0.8898046932829841,1.0546500331753703,0.844088641113969,1.0716843853756508
3509,See attention,Anna Robinson,0.9419387266054159,1.170838266734373,1.1636004222500242,0.9477148804866762
3510,Today,Anna Robinson,0.7974386100672453,1.0506286535932714,1.0290298389873853,0.9111709748106382
3511,Stock thank,Anna Robinson,0.9816547696884336,1.0518221189661618,0.9504339718454858,0.950687233191844
3512,Allow keep,Anna Robinson,1.0282031365108797,1.0430463797250482,1.050956675977328,0.9998303218938006
3513,Yeah very,Anna Robinson,0.9568753966369004,0.9333136963989949,1.0921501125375375,0.8694550254089659
3514,Act more,Anna Robinson,1.2232055924590135,1.0978571949935279,0.9794327470846674,0.8664627079493025
3515,Challenge,Anna Robinson,0.9523994801416795,1.0927031079686242,0.8782581468445232,1.016590304842847
3516,Member natural,Anna Robinson,0.8155367134493595,0.9401056053514512,0.9656858092171773,1.074945695752377
3517,Above be,Anna Robinson,0.8611724485073028,0.8569145850986977,1.016884631267024,1.0180015938138272
3518,Service,Anna Robinson,0.9395594166309046,0.973778346330365,0.8650111048193534,1.0346932617524536
3519,Message,Anna Robinson,1.0675021816340793,1.0667329316918772,1.0042834147995052,1.15995503316069
3520,Debate every,Anna Robinson,1.0373640053569981,1.0431710616631564,0.9340536232684858,0.9913814015843393
3521,Blood special,Anna Robinson,1.1245778669749835,1.0441906328152688,0.9725006236016636,0.8423755807540318
3522,Within result,Anna Robinson,1.013706325758721,0.9192324391781479,0.8685027165834543,0.9248657994597076
3523,Sign yourself,Anna Robinson,0.9804269018742299,0.9833076399708232,1.1175256903150141,1.1439141710158776
3524,Collection,Anna Robinson,0.9432701358923459,1.1831751626960023,1.0209695112399357,0.9794001899038343
3525,Talk ability,Anna Robinson,0.9192336377637856,1.1084744550935817,1.0381444921583156,0.9970133734481057
3526,Smile company,Anna Robinson,0.8440635125547121,1.0919191745659815,0.9978768684292454,1.156916611656743
3527,Wear life,Anna Robinson,0.9187674105645967,0.8272552937471976,0.9683373638070945,1.1173427330709855
3528,Those kid,Anna Robinson,1.0487822253021488,0.9206444963718634,0.9840018699620801,1.1109413455695467
3529,Subject assume,Anna Robinson,0.8942903849962792,0.9519044587168816,1.007248948835528,0.9675168325765137
3530,Compare,Anna Robinson,1.0589545082037752,1.0901157893917963,0.8720510842204174,0.886147315311226
3531,Finally,Anna Robinson,0.9379515529219054,0.9996305491430736,1.0341667190335775,0.9770270001828973
3532,Focus,Anna Robinson,0.9952904492589892,0.8329732072614213,0.873780147202897,1.0443008524427666
3533,Bank foot,Anna Robinson,1.0429000604367655,1.0616375690345348,1.1092828146174436,1.0388875892751452
3534,But edge,Anna Robinson,1.0585899094057107,0.9851832681324613,1.0969123767327356,1.0163713983568683
3535,Me current,Anna Robinson,1.0301953049561623,0.9826413784156229,0.9024716932026249,0.9836177806181962
3536,Happy reality,Anna Robinson,1.0137855843896464,0.9895456092201578,1.0612228144630644,0.8322105696007553
3537,Society indeed,Anna Robinson,1.0052410415302684,1.0830670115471903,0.9752236273473571,0.9694806798691693
3538,Eat if,Anna Robinson,0.9162572212857872,0.7949655338200339,0.8911742181730664,0.781636229733084
3539,Hour unit,Anna Robinson,0.9686125001213468,0.9217490543773644,0.9453454756777778,0.8916552351995546
3540,Per around,Anna Robinson,0.8607432709090602,0.8987639054268869,0.7876120856076413,1.0678647130609662
3541,Side off hold,Anna Robinson,1.0961501205327426,1.0942492219672992,0.9490021777959724,1.0230747562707712
3542,Fill true,Anna Robinson,0.9753534629118757,1.04942026770924,0.9095481671017533,1.0147458311800441
3543,Behind fill,Anna Robinson,0.9908022454635809,0.988937446537228,1.1194898950649672,1.1160587937435882
3544,Those will,Anna Robinson,1.0347413426486674,1.1353926066984714,0.9854180760389474,1.0064436529330747
3545,Attention,Anna Robinson,0.9894378700703356,1.0298189271799525,0.9614091266171443,1.0509409349283496
3546,Organization,Anna Robinson,0.7970273152595729,0.9825815108711625,1.0683315838168093,1.098365183858417
3547,Fall side,Anna Robinson,0.8825150375629424,1.0319801972838625,0.8247794605416264,1.053605674491201
3548,Fly call,Anna Robinson,1.037448974228181,0.8948151906834542,1.036561559275246,1.0976016183864936
3549,Difficult,Anna Robinson,0.9752281875060521,1.1087823636749337,1.0148651392095227,1.0396892589472564
3550,Particularly,Anna Robinson,0.9751164497214677,1.014011998991508,1.1280935392605809,0.9118163336226778
3551,Yard specific,Anna Robinson,0.946995537088834,0.9975276703750716,0.9484613709711023,1.0231388007296551
3552,Media without,Anna Robinson,1.0806527781370032,0.9481061810740458,0.8819266630457988,0.9179916154233239
3553,Someone,Anna Robinson,1.0461343155108629,0.9491065027058173,1.0168175299677629,0.9472249618864836
3554,Republican,Anna Robinson,1.153146762128455,0.7440368971298498,1.0774846235612803,1.0761124581770443
3555,Glass,Anna Robinson,1.0983503137863166,0.9301015713859625,1.033589505042735,0.9995643293283548
3556,Hundred case,Anna Robinson,0.8440897587549154,1.0137214054796666,1.0193726030803922,0.8202564180257074
3557,Physical,Anna Robinson,1.0320499875374283,0.9882408120264534,0.9295525655628206,1.048217929623483
3558,Reality ask,Anna Robinson,1.063422883963146,1.008725354663733,1.0263617166898162,1.1766494870712558
3559,Audience war,Anna Robinson,0.9396559690631175,0.7560447971093255,0.8817783133367553,0.9230072092670716
3560,Ready ago,Anna Robinson,1.086389464720997,1.0716328839495866,1.0902852526832574,1.1161093724842146
3561,Decide,Anna Robinson,1.0895785614402698,0.9020078997642326,1.045513006894965,1.107575704525205
3562,Include,Anna Robinson,1.1709181303420095,0.9243193599735304,1.164154598333035,1.0363316233149644
3563,Loss result,Anna Robinson,0.9185790924668515,0.9523130779590891,1.0708402555858523,0.9851605427968024
3564,Answer word,Anna Robinson,1.018493821257484,1.1023270655903685,1.1034696027823128,1.0204136141251863
3565,Bring occur,Anna Robinson,0.9148951010507304,1.0322953079443393,1.0142850805834003,1.071739391506206
3566,Next effect,Anna Robinson,1.162156788066172,1.136271313262411,1.1088349030137534,1.1077816311053736
3567,Doctor against,Anna Robinson,1.0298646279195727,1.0372885984435987,1.0173168041131195,1.2613351108612765
3568,Particularly,Anna Robinson,1.033177204479079,1.0403966669472269,1.0181240316181446,1.0417556500924325
3569,You cultural,Anna Robinson,0.9956926103019018,0.9122034859959247,0.9238339287523177,0.9098988682316387
3570,Chance brother,Anna Robinson,1.1176693474443555,1.1591497619075686,0.9503053782824088,0.8870038370761673
3571,Home blue tell,Anna Robinson,0.9100343192160342,0.9356703507890088,1.2058020746008007,1.0463993397013458
3572,Method parent,Anna Robinson,1.0443011508600484,1.1423278197196076,0.9295186607221475,1.0720904431706688
3573,Other surface,Anna Robinson,1.0171324740960137,0.9960117325098841,1.0101586276259038,0.8207429460627804
3574,TV happy side,Anna Robinson,0.9545771809112118,0.9612508091635165,0.8717222828766474,1.1863601354622517
3575,Condition,Anna Robinson,1.0706131395539777,0.9230687897661214,0.842416044279078,0.9855391092960832
3576,Try parent,Anna Robinson,0.9959111407708269,0.9374197798733501,1.0776592336141302,0.8700239328269554
3577,Either,Anna Robinson,0.9678709129841383,1.1521503521972014,0.9127734065070149,1.123852433533169
3578,Result little,Anna Robinson,1.1315364224858468,1.046707469766707,0.9684714477186495,1.054553444715727
3579,Fly contain,Anna Robinson,0.8387698667442389,1.1144749013859405,0.9281457237990537,0.9446493072836198
3580,Use industry,Anna Robinson,1.0216721018469623,1.0053440213275504,1.0806045496602548,0.8824562890608878
3581,Recently,Anna Robinson,0.9240466358321502,1.0085931508902837,0.875105361260528,1.0653033368531093
3582,Evening,Anna Robinson,1.1489661345765885,0.8667728312152579,1.0510089114484022,0.8753387810259774
3583,Father discuss,Anna Robinson,1.0502332888836778,0.9069069342268168,1.0518117654063746,0.9451427702602707
3584,Difficult low,Anna Robinson,0.9787995541770589,0.7289411722610151,1.006740339037596,1.0714736288992777
3585,Side can two,Anna Robinson,1.0792647012648746,1.0573690854537545,0.9766611734151144,0.8308956588193905
3586,Everything you,Anna Robinson,0.9144067757798453,1.0214947876393874,0.9251046481090606,0.9669368989156112
3587,Prepare relate,Anna Robinson,1.0894741373989008,0.8690707640473346,0.8983990819017008,0.977926047503058
3588,Good human,Anna Robinson,1.0381792577080795,0.9728816175791057,0.9479839260309209,0.9056091946040676
3589,Section floor,Anna Robinson,1.0116264139998816,0.8644186708485179,0.9812092642551993,0.9755904519068292
3590,Wait next,Anna Robinson,0.8363639700196175,0.9690220991556319,1.1215440310289342,1.0621340265700436
3591,Entire picture,Anna Robinson,0.9339716826378571,1.0738495925533709,1.0793850493296415,1.0197388033157824
3592,Quality white,Anna Robinson,0.8906166309591147,1.1420887850440695,1.0161789334267473,1.1526915846664472
3593,Fear parent,Anna Robinson,0.8800862397558982,1.0109330801952587,1.0450186744125485,0.9002930442853058
3594,Us difficult,Anna Robinson,0.9213140589123061,0.8888095673815305,0.9827448285848012,1.119433891470444
3595,Raise happen,Anna Robinson,0.9922654164193865,1.0425477644903012,0.9831608479192664,1.1233934914246588
3596,Final,Anna Robinson,1.1656764297023066,1.1105425501459525,0.7828535381337707,0.9260903120335977
3597,Page foreign,Anna Robinson,0.9794775029411961,0.8916693909922799,1.0682508497999,1.0638254851764422
3598,According,Anna Robinson,0.9456904381882769,1.1095654570768516,1.0168323592555266,0.9697164960074005
3599,Tax seem tax,Anna Robinson,1.111039876299634,1.1364436113891303,0.8324839628661962,0.8249043411631674
3600,Rise job,Michelle Suarez,1.1407916211670937,0.9503026153914408,0.8537352624338583,1.0899613061760673
3601,Impact there,Michelle Suarez,0.9950511040649757,1.1050443362539226,0.9700527755389525,1.2547559186781176
3602,Continue,Michelle Suarez,1.163735676259856,1.0487185070727638,0.9551172807106918,1.021770051955076
3603,Record him art,Michelle Suarez,1.0253154109468596,0.8781529980263141,1.0738943593551624,1.042128857085316
3604,Down need,Michelle Suarez,0.9788419104183079,0.9905344089715453,0.8481218972838149,1.0073622091397145
3605,Claim would,Michelle Suarez,0.9085799111465006,1.0810895283978736,1.0892739518333558,1.0140886452103253
3606,People job,Michelle Suarez,0.9486126700787333,0.9291338723919117,1.0296962286162474,1.1231958481655926
3607,Inside develop,Michelle Suarez,0.9561705197603696,0.9860633754706726,0.9158757382879898,1.032796063433077
3608,Policy month,Michelle Suarez,1.1174118296452276,0.8157781078530272,0.9328856366425557,0.9568630355179142
3609,Understand,Michelle Suarez,1.0439287979178222,1.0253863912968117,1.0398725062719127,1.0315796893659033
3610,Myself,Michelle Suarez,0.8275392718120743,1.1375559733033886,1.0285456442429284,1.0336659572455258
3611,Family society,Michelle Suarez,1.1066027740443642,1.1092400783715393,0.9358637582701427,0.948255442776806
3612,Policy clear,Michelle Suarez,0.9924268446353912,1.056961985311071,0.9827104338835313,1.0959112249281528
3613,Toward expect,Michelle Suarez,1.0193560916159103,0.9647518682108701,0.9969114456647103,1.0772388971462992
3614,Offer down six,Michelle Suarez,0.956536699936232,1.0909572490071267,0.940848590487587,0.9942485207390566
3615,Themselves,Michelle Suarez,1.044841952645022,1.1997863197639058,1.0730643764705945,0.9014479064091472
3616,Choice area,Michelle Suarez,0.9981809329182211,1.0639139605455183,0.8857986653848607,1.1612559471538042
3617,Put one policy,Michelle Suarez,0.9309356313639419,0.969732974889855,1.052836290455133,1.040192191618319
3618,Paper ability,Michelle Suarez,1.0313818025387134,0.9906085253942885,0.9710637606040101,0.9632526880083554
3619,Present only,Michelle Suarez,0.8051794929914977,0.7777804502719603,1.0656956044058497,0.8934263660446036
3620,Gas more short,Michelle Suarez,0.9412030905440503,1.0852631179940144,1.0866865422596304,1.0624315781641533
3621,Painting,Michelle Suarez,0.9517968799336453,1.0910514722910585,1.0810121673572453,1.1350926590337695
3622,Fish full,Michelle Suarez,0.7489415724514703,0.9900901220480769,0.9674122519400816,1.0871473080029634
3623,Toward work,Michelle Suarez,1.0496247827945488,0.9296832660940083,1.1289849750270156,0.92940619081191
3624,Thousand,Michelle Suarez,0.9882705803428558,1.0172187032933007,0.8954991065172531,0.9198068408015474
3625,Here nor dog,Michelle Suarez,0.9412203059545432,0.958427494313384,0.7942407431559744,1.03764153783758
3626,Writer,Michelle Suarez,0.949908410327533,1.063619742476287,1.1386997146057316,0.836598875343632
3627,Available,Michelle Suarez,1.1325595700617301,0.9582296862631605,1.0256737050693756,0.8890988198751142
3628,They rock,Michelle Suarez,1.1190519960035556,0.9248386565967415,1.223300542161208,1.0161834053381393
3629,Single adult,Michelle Suarez,0.9141295159725791,1.0256572626573248,0.8627285776245527,1.0050437385038096
3630,Citizen visit,Michelle Suarez,1.0343902220679975,1.11853356291531,1.0080730273798661,0.9960093230777178
3631,Growth road,Michelle Suarez,1.0926654685107393,0.9659924016916425,0.9174733621421953,1.004532002655307
3632,Modern toward,Michelle Suarez,0.9163829899208669,1.1293903500421016,0.9616034742328967,1.1925163064629332
3633,Painting,Michelle Suarez,1.1254740003984105,0.900096325878867,0.8788732101445194,0.9754425254380288
3634,Several energy,Michelle Suarez,0.8935533423634662,0.9008904681123246,0.9482610980847871,1.0021483589600932
3635,Minute decide,Michelle Suarez,1.0830143291416647,1.1075795715525565,1.1835272898235907,1.3054010811811274
3636,Pay he seat,Michelle Suarez,1.0683003174074759,1.0938491769373204,0.8598922961852338,0.9444669776835786
3637,Last open,Michelle Suarez,1.1185920370545923,1.001545360139787,1.1971721356927705,0.9635740203999767
3638,Authority,Michelle Suarez,1.055218006649572,1.0075272956301211,1.0337751130398682,0.9571924653680064
3639,Student matter,Michelle Suarez,0.9380953843618731,1.0058688267097944,1.1152245326705972,1.0127730945463795
3640,Any relate,Michelle Suarez,1.1551307244871185,0.9546830572160414,0.9163440245104182,0.86851169856146
3641,Him majority,Michelle Suarez,1.059488497641472,1.0561643844266773,1.076306073013365,0.9351483557920394
3642,Newspaper,Michelle Suarez,0.8768501531196451,0.9680276485131297,0.8955840012962158,0.985056994068607
3643,Machine bank,Michelle Suarez,0.8365496759790833,0.9818927668801685,0.8458744984036153,0.9969063916959042
3644,Skin after,Michelle Suarez,0.9647510818664076,0.9248334254250232,1.0481867811011645,0.8977514441749543
3645,Eat how,Michelle Suarez,1.0926809165175846,1.099460220333496,1.159344065206565,0.9309984358650334
3646,Cup lot fine,Michelle Suarez,1.112319145887111,1.075456371178896,1.0866522742331048,0.9082722144859324
3647,Appear field,Michelle Suarez,1.1398307434346555,0.9698804109355411,1.0047797314689508,1.0502261307624414
3648,Notice stand,Michelle Suarez,0.9658674097588734,0.9414073123632298,0.9377229885724875,0.9734741981428965
3649,Program,Michelle Suarez,1.1429671006760294,0.9361889216930092,1.0890884661552644,1.2040164207926032
3650,Coach picture,Michelle Suarez,0.8744624061652226,0.7506805331906234,0.8480555079891224,1.0519188256220369
3651,Upon certainly,Michelle Suarez,1.0544697100001719,0.9372580771839621,0.9767484791723777,1.3181500873148748
3652,Him yet hotel,Michelle Suarez,0.8736325892703859,1.1066967360110582,1.0845723131643559,1.1017216797247875
3653,Keep arrive,Michelle Suarez,0.9646052401556406,0.8544382237972288,1.1715934643243004,1.0865644466190412
3654,Power expect,Michelle Suarez,1.1567239911116391,1.121721781913861,1.0345378710237494,0.9909168253163644
3655,Day hotel,Michelle Suarez,0.8842443755436861,0.9507972568417822,1.0613339673737867,0.9567792918312502
3656,View see pass,Michelle Suarez,0.8988503581770428,1.021661609295987,0.9611499783426152,1.077629184764346
3657,Prepare push,Michelle Suarez,1.0330874551908218,1.1544780139365798,0.9769111058971467,0.8500786370905813
3658,Admit radio,Michelle Suarez,0.8795618204184847,1.0016895371609191,1.0259870497666368,0.9172555685255738
3659,Cut school,Michelle Suarez,1.0014568379099729,0.9962911429368123,1.0858526403223279,0.9142295524469332
3660,Party cut,Michelle Suarez,0.937945365515492,1.019708435349251,0.9423053204282181,0.9485357526438314
3661,Green military,Michelle Suarez,0.830522604370016,0.8215889890211918,1.026884684664938,0.9693217228888826
3662,Little market,Michelle Suarez,1.0739599282479388,0.9364774411633582,1.13695453980459,0.8534051704000265
3663,Forget past,Michelle Suarez,1.0025341747089023,1.1708571997467867,1.0209914212883857,0.938911800742394
3664,Newspaper,Michelle Suarez,0.8475200634463095,0.9309112367393787,0.936684990115224,0.889847388267039
3665,Environmental,Michelle Suarez,0.9260542151956852,1.0605786594432816,0.9266459189997038,1.0282694477517733
3666,Quickly full,Michelle Suarez,1.0073227577115371,0.9373740608355312,1.1380559400019847,1.1069311006928368
3667,Say push add,Michelle Suarez,1.0012290872113856,1.177323355583898,1.0481230989936634,1.0939654093198041
3668,Season dinner,Michelle Suarez,0.8882136284355333,1.0422961085267426,1.0957564199589893,0.945904830652474
3669,Surface place,Michelle Suarez,1.0833268554210378,1.0566211216643302,0.9041378725723619,0.8942100466754219
3670,These,Michelle Suarez,0.9745552313506664,0.9519307398465922,0.9728048839290722,1.035913051736344
3671,Issue blue at,Michelle Suarez,0.9180713099360083,1.0354181873608728,0.9205464469887965,0.8653735324132874
3672,Yeah mention,Michelle Suarez,1.1582696963307617,1.005258448251159,0.9941405470639352,0.9194227513532969
3673,Audience,Michelle Suarez,0.8975369530959467,1.108824568512779,1.078545510521338,1.1172774075188465
3674,Few seat role,Michelle Suarez,1.131875539171333,0.9752160237147387,0.8300467150096192,1.1062921434706663
3675,Style he,Michelle Suarez,1.0870043734705326,1.0347537667340543,0.9605171682071154,0.8896577522123604
3676,Argue long,Michelle Suarez,1.0457402040679173,0.9794003394081817,0.9406660069308339,0.9981016902348497
3677,Notice trouble,Michelle Suarez,0.8790760797772585,0.9283610167410274,1.111060244125828,1.050771778495575
3678,Dog also close,Michelle Suarez,0.9666953017727637,1.1375409193625656,1.0050425518765562,1.0332463901834867
3679,Bit on manage,Michelle Suarez,0.9783021107994645,0.998282810418113,0.9888869125705502,1.0489218135806377
3680,Lot staff,Michelle Suarez,1.0978681408616326,0.9360537875838217,0.9221451395925957,1.000253525846356
3681,Safe sound,Michelle Suarez,1.1640903983043924,1.0268074882034923,1.084898505837045,0.9552956480548719
3682,Hard minute,Michelle Suarez,1.0357965645297544,0.9587265874414344,1.0032222763614695,1.0321092104418204
3683,Within prepare,Michelle Suarez,1.0310930945435346,0.9014939100364805,0.9821805383379894,1.2088126153077094
3684,Unit these,Michelle Suarez,0.9218260451647898,0.9568174086287932,1.075448881193458,0.9466724558620193
3685,House lose,Michelle Suarez,1.1119393378472842,1.0432721413041615,1.0484037264093613,0.8871541160061716
3686,Today color,Michelle Suarez,0.9826186009235465,0.9532480770944924,0.9970949130775157,1.1133958322625173
3687,Size to turn,Michelle Suarez,0.9689421794181402,1.0454483583551986,1.033398679219792,0.9160338052712567
3688,Again report,Michelle Suarez,1.0526032153503477,1.0130467209261833,0.839853713952019,0.9161730791219675
3689,It four whole,Michelle Suarez,0.9009720448314189,1.1280233873187482,1.0088030657779479,1.0008376382945556
3690,People,Michelle Suarez,0.7893049645948447,1.1494853804455873,0.8191344283035837,0.9303663144682854
3691,For so girl,Michelle Suarez,1.0287870382605389,1.1017093534823124,1.2114587119683458,1.004310677182547
3692,Partner event,Michelle Suarez,0.9515180299498943,0.8483305661868867,1.1957637263491017,0.8846163872803542
3693,Watch,Michelle Suarez,1.1043240028881618,1.2177468876090698,0.9159612261915531,1.0824072399339562
3694,Career work,Michelle Suarez,0.922186244331298,1.2060500882217071,0.9374853213939501,1.0117034645133478
3695,Myself than,Michelle Suarez,1.1391165280648226,0.9923320828178407,0.9989857732789098,0.9540870040376341
3696,Without young,Michelle Suarez,0.9765649173682629,0.763497921670546,1.0583616491466454,0.992362606326325
3697,Feel position,Michelle Suarez,1.0234784879745527,0.9329164263527904,0.8935987623471391,0.9873338447802454
3698,Tax board for,Michelle Suarez,0.9962823757353904,1.07548425382579,1.114270583200725,1.227677439990371
3699,Whose more,Michelle Suarez,0.9597229353796335,0.9987105683412761,0.7904370732222433,1.0450783069305185
3700,Wait financial,Michelle Suarez,0.8854714101014645,1.0277769916727726,1.0602128241890234,1.002249986174977
3701,Pretty blood,Michelle Suarez,1.162866982204629,0.9583908044788336,0.9811160005141573,0.9060798699728656
3702,City get,Michelle Suarez,0.9535334561344575,1.1988533777287769,0.9827699427954425,0.9473697751249414
3703,Along,Michelle Suarez,0.7325343877406505,1.1870847067662282,1.0359711961011195,0.7817105694196504
3704,Culture minute,Michelle Suarez,0.9525468302050557,1.1363252039246863,1.0363253362444471,1.0229353243622437
3705,Several,Michelle Suarez,1.0757432591090699,1.006079237873237,1.0240309115878692,0.9521031786867108
3706,Former focus,Michelle Suarez,0.9780413531309485,1.0688378373105858,0.9905385652173692,1.1513729886731854
3707,Chair mention,Michelle Suarez,1.0114812911088849,1.0445640365222495,0.9593541022339738,1.0650869835503587
3708,Claim maybe,Michelle Suarez,1.2246149819816226,1.0601282322684404,1.0633373336057546,0.8755740244214296
3709,Budget country,Michelle Suarez,0.9420366898494559,1.1516131005148997,0.9214742874806517,0.8527765684460169
3710,Production,Michelle Suarez,1.0473199688563728,0.9925371749942858,0.9688178143275192,0.8730155915583997
3711,Scene develop,Michelle Suarez,0.9279595397709286,0.8498941814244012,0.8259198836470087,0.9950243427398258
3712,After entire,Michelle Suarez,1.0125401692690295,0.9437557319188559,0.9811609684854601,1.18143065078304
3713,Difficult born,Michelle Suarez,0.9054635178071391,0.8867668361114923,1.0113721553897859,0.8299062695880844
3714,Life word same,Michelle Suarez,0.9318430841013038,1.0035891039260973,0.9796887315854417,0.9733611495563237
3715,Last heavy,Michelle Suarez,1.027336205718174,1.0675380741776441,0.9648396522559842,0.9196275870652822
3716,Capital top,Michelle Suarez,0.8743899242893933,0.9268512795080189,0.9391669296085927,0.9320390654217862
3717,Paper rather,Michelle Suarez,0.9948200493575551,1.0206520399396195,1.1542254148270654,0.9913112291852322
3718,Bed difference,Michelle Suarez,1.0169301979167522,0.8663333340128689,1.0363632031321717,1.1351792884898044
3719,Security close,Michelle Suarez,0.9527254518523689,1.0051413463737109,0.9986643788777787,0.9726165600382646
3720,Recently enjoy,Michelle Suarez,0.8766167592747559,0.9513329506408961,0.9506522423293968,1.0114202296288275
3721,Population on,Michelle Suarez,1.1046253777031072,0.9953905753802179,0.8169907882157132,0.8714913544291512
3722,Treat color,Michelle Suarez,0.9376376799592712,1.0572625677979886,1.0401053146298043,1.0051627779779488
3723,Give thousand,Michelle Suarez,0.9490407248068798,0.8938332851481401,1.0330824361197475,0.9591124713248065
3724,Say listen,Michelle Suarez,0.9902394949896318,0.8202322949140035,0.9905396260675378,0.9753199619437919
3725,Traditional,Michelle Suarez,0.9215822271572341,0.7809345015711388,1.0740910224919908,0.9592828234081959
3726,These marriage,Michelle Suarez,0.8270689936624686,1.0764542484467088,0.9775111310248336,0.9302047967203171
3727,Exist music,Michelle Suarez,0.9774242223453534,0.9260231578329332,1.1569530359779274,1.0053520131640648
3728,West network,Michelle Suarez,0.9298052100191684,1.0454445556553822,0.9052997342393401,0.7991668271367984
3729,West smile,Michelle Suarez,0.907103941012738,0.8362074381002459,1.046357191532451,0.8267577731569942
3730,Turn message,Michelle Suarez,0.982689675944272,0.8674101465005774,0.9716566905286758,0.9755615115835019
3731,Wind far,Michelle Suarez,0.871431703056168,1.1423569024373483,0.828273279570213,1.0513872756755118
3732,Stage first,Michelle Suarez,1.088300007822337,0.9324030645458887,1.057208686112989,1.0473230427732068
3733,Need defense,Michelle Suarez,0.8206015798947607,1.1284106039811503,1.1273828299385684,0.8763047831905565
3734,Garden might,Michelle Suarez,0.8119085028420046,0.797389156283046,1.1113125842504976,1.0021006012066367
3735,State close,Michelle Suarez,0.7653642232089939,1.0687931946302047,1.0840339181102894,1.123142358083603
3736,Hundred cause,Michelle Suarez,1.080658489708109,1.0015896631548458,0.9554092401987306,0.8650685923740087
3737,Radio minute,Michelle Suarez,0.9704746213968855,1.0019017254153362,1.018951668391672,1.0957913486053452
3738,It example,Michelle Suarez,0.9814947049509495,1.1577004339786132,1.131580707021001,1.4042817448111085
3739,Brother likely,Michelle Suarez,0.9867994057508294,0.8047307861391995,0.9355980103037734,0.8924415750015178
3740,Until friend,Michelle Suarez,0.8594774537358196,0.8735212637512455,1.0591189727909334,1.1041549615311248
3741,Growth purpose,Michelle Suarez,1.0435127652110845,0.9637095554860204,0.9353262563911124,0.9361606930950385
3742,Eye region,Michelle Suarez,0.9022455754189248,1.083008606043334,1.010494179280816,0.9626574692817249
3743,Can respond,Michelle Suarez,1.160259367400196,1.009676402338506,0.9401634746308627,0.9640131466296802
3744,Key law,Michelle Suarez,0.9039371192180736,1.1156699482073564,0.9565137033038731,0.8556010485438741
3745,Hard attention,Michelle Suarez,1.0295533020574361,0.8208238037307085,1.175107730736225,0.867242154819893
3746,Western black,Michelle Suarez,1.1075732348682799,0.9482354199225648,1.0457165669440829,1.004400258155522
3747,Degree suffer,Michelle Suarez,1.1183033033641054,0.9333380592042776,1.077713286252395,1.061845912409053
3748,Along town,Michelle Suarez,0.9348140207555445,0.9301563324322698,1.0468898470178294,0.8286443808593983
3749,Place choose,Michelle Suarez,0.846906983895253,0.7742520176110008,1.1472647805095904,1.1059055466461107
