,id,username,danceability,duration_ms,instrumentalness,affinity
0,Again might,Tammy Adams,1.0392414356830404,0.9645232019992491,1.0068326949910664,1.0375428814986751
1,Series section,Tammy Adams,1.178141042435513,1.3369914710023945,1.1160785753635956,0.9415199201585163
2,Which white,Tammy Adams,1.0128306617479148,0.8479644937035036,0.8918288907662401,0.8651470269674529
3,Improve vote,Tammy Adams,1.0180403147078116,0.8012318268007613,1.1297905802700643,1.018368804497438
4,Like than east,Tammy Adams,1.034227399429693,0.8259057713276342,0.9411409862204838,0.9976089218878305
5,Quite real,Tammy Adams,1.0183052949225568,0.9471090178610954,0.9145641188494742,0.9804357438630987
6,Pretty than,Tammy Adams,1.1471747931358653,0.9648894805724821,0.9770751867602114,1.0231397696536924
7,Ability man,Tammy Adams,1.053235681183636,0.944956302302275,1.1120696549797318,0.844267127123917
8,Drive above,Tammy Adams,0.9388405567872572,1.0216992104987934,0.9598702931023887,1.0332774985695055
9,Coach her dark,Tammy Adams,1.0744752611652082,1.0499188158422479,0.9636427595738036,1.0314076214807526
10,Skin blood,Tammy Adams,0.9267624816721252,1.160324193334275,0.9745742784489291,1.0853787234496657
11,Get knowledge,Tammy Adams,0.9779726800117966,0.8930472652260719,1.1849647073135148,1.034329570628587
12,Science,Tammy Adams,0.7523161714012614,1.0588930890709616,0.8911721400114547,0.8410821263503304
13,Professor,Tammy Adams,0.7947242842687019,1.0210046529983519,0.9145567100605387,1.0457901448169706
14,Suggest seven,Tammy Adams,0.9934209723017406,0.9148316017957905,0.9475404417303878,0.978185712497872
15,Deal huge,Tammy Adams,1.0324664380298394,1.0434094689900169,1.0319561181203607,0.7793677739600353
16,Forward remain,Tammy Adams,1.069959063397898,1.061728649334861,0.9650439617096318,1.15009163772261
17,Statement,Tammy Adams,1.0365012381225653,0.9969546889381897,0.994376546674674,1.0694192143522967
18,Mind phone,Tammy Adams,1.0032983229270156,0.9755414019360268,0.9839217899888776,0.9971313094191829
19,Media animal,Tammy Adams,0.903652548279591,0.9588895771346653,1.0393346930770766,0.9591931083080238
20,Choose range,Tammy Adams,0.8672529042456605,0.950569963646597,1.044869517683447,0.9172165848046456
21,Crime along,Tammy Adams,0.9132012134109817,1.0551714191890882,1.16024036114951,0.9381627862991514
22,Realize space,Tammy Adams,0.9876328002344853,0.9749422508069212,0.9787842183866723,1.067960715625302
23,Media clearly,Tammy Adams,1.1272111423409117,0.8599837742539437,1.0318518436326076,1.0342075510084343
24,Although,Tammy Adams,0.8216721901424424,1.106814904027636,1.237510261884494,1.0578965542137204
25,Onto reveal,Tammy Adams,0.9741999704562289,0.9889348954962985,0.9593456745452486,0.8710600791010621
26,Good size key,Tammy Adams,0.8196521745466054,0.909589575404393,1.1240709972168639,0.9598332381587774
27,Ball agency,Tammy Adams,1.1224445045339153,0.9239613003703906,1.2379676157062982,1.0620541275596218
28,Trial service,Tammy Adams,0.9103532724128894,0.9516898869921293,1.1289656621696424,1.1395078219023453
29,Must,Tammy Adams,0.941882300783537,1.025948278854044,1.0129842375389158,1.0965035533741172
30,Four strong,Tammy Adams,0.8890798802413301,1.0049247794652376,1.0432685896235385,0.9283897102404592
31,Nature similar,Tammy Adams,1.0391380695872199,1.040378087316762,1.057418536588394,1.16705260050501
32,Military,Tammy Adams,1.0256674147575329,1.0827236030189844,1.1054303263859064,0.9759644287700895
33,Once method,Tammy Adams,1.0017610092889695,1.0432819226370014,0.8251396425958079,0.9220465648735147
34,Traditional,Tammy Adams,0.8929841778459832,1.032024861437412,1.1391107734852295,1.0134513288823228
35,Education have,Tammy Adams,0.986022809108455,1.1138136041503108,0.9211731261810732,0.9643262303068615
36,Customer if,Tammy Adams,1.0516119854449328,0.945669221405999,0.9848667927825707,1.2154104291358467
37,Price them,Tammy Adams,1.038235694823582,1.1159708173884075,1.077289438430833,1.0389259628824676
38,Property,Tammy Adams,1.0198683249957943,0.8619056111086085,0.7697711614773217,1.084645062224149
39,Character when,Tammy Adams,0.7986554281359658,1.0609439954839521,1.0741963698880679,0.9853556328923633
40,Little usually,Tammy Adams,0.9662582304606796,0.9101663018430176,0.9413076591549603,0.9872418565049844
41,International,Tammy Adams,1.0875128771587044,0.811517130961204,0.9446271144181012,1.1546262309247932
42,Have maintain,Tammy Adams,1.1350947377246174,1.2116311043340326,1.1412964307456523,0.9414210152984104
43,Type across,Tammy Adams,0.7385762579712714,0.9008356338905619,1.0230168734740188,0.9132833103769045
44,Suffer ready,Tammy Adams,1.1143648420987111,1.150456715660765,0.9222794162356271,0.876734236188249
45,Western,Tammy Adams,0.9876845197824505,0.8638916032842572,0.9022319662442733,1.0505488264738898
46,Finally name,Tammy Adams,1.0194990261594385,0.9819364800345732,1.1833769963751422,1.0717296750053809
47,Officer and,Tammy Adams,1.0855399907061145,1.1252837179857875,0.9336106075023488,1.1763720417646615
48,Project line,Tammy Adams,0.8934732558872542,0.9067777116497664,1.129050806459678,1.1026243364196375
49,Human size,Tammy Adams,0.9837622455211802,0.9481856647735283,1.0618825621494425,1.077218825031967
50,Single drug,Tammy Adams,1.0728668656066846,1.087884952463636,0.9414223329710307,1.2356076534780918
51,Travel prove,Tammy Adams,0.9667496602150603,1.1105986022523053,0.719001344311607,1.0781399543689805
52,Up buy cut,Tammy Adams,1.0000071570920974,0.9661101836009589,0.9372241333543887,0.9244317410925251
53,Traditional,Tammy Adams,0.8988064327538483,1.040358633810481,0.8489304532204014,0.9997278979782188
54,Note,Tammy Adams,0.932859563448362,0.9211430102628955,1.0887345013853185,0.9074870537821954
55,Discover find,Tammy Adams,0.9689903827873453,0.9457364752694144,1.1566389178464958,1.1593527631563898
56,Ahead must,Tammy Adams,1.0956735366454422,0.9746210038971781,1.1345803845176925,0.8273036379648985
57,Yet share end,Tammy Adams,0.9114661411570162,1.0272202973450668,0.9766158298444974,0.8334527925206877
58,Less author,Tammy Adams,1.0106489966461125,1.1555658490439404,1.000016176072439,1.0806575989593412
59,Ability try,Tammy Adams,0.9553305958430852,0.9474060973572022,0.9815050247090655,1.152568640773345
60,Sister fill,Tammy Adams,1.0311613397203467,0.9732647151577751,0.9653841433057252,0.9744300173139865
61,Treat trouble,Tammy Adams,0.9850362534190679,1.069431257692091,1.0870330610409555,1.031412423485449
62,Next tonight,Tammy Adams,1.0866773020715557,0.9398081750047592,1.054355160083186,1.0532058634407993
63,Figure decide,Tammy Adams,1.006001028699745,1.0526172632043367,1.1359833801575032,0.9875186941861228
64,Country seat,Tammy Adams,1.02708424636925,0.9571473982788338,0.8711778818517637,0.9978757963088156
65,Thing right,Tammy Adams,0.9388818667957466,1.158657120818483,1.0165914024742895,1.0786399883357094
66,Several,Tammy Adams,0.9046898075792273,0.9627926219386518,1.1275347128491067,0.9057047775188467
67,Room music,Tammy Adams,0.9459865288154045,1.0915717367890725,1.0180823242392476,1.1200603297905392
68,Crime,Tammy Adams,1.0888609010641295,1.084816056789341,1.048457064079898,0.9586412133386499
69,Mean news,Tammy Adams,0.9174974192079828,0.9791229074433662,1.1079990519702072,1.194986907212904
70,Material,Tammy Adams,0.980060213904083,1.0758198315488026,1.0184602198379906,1.0494413134443685
71,Race hour pick,Tammy Adams,0.8628814598052342,0.8947964340602822,1.1153640006435237,0.8580640701900009
72,Week clearly,Tammy Adams,1.1820790671388897,0.8701957281364536,0.8872192586241695,0.9932920563430239
73,Know lot,Tammy Adams,0.9323490497326217,1.0078284036909064,1.0948603819673546,1.055259733687115
74,Involve,Tammy Adams,0.7692072084691463,1.0041845916940686,0.940823498765303,1.1454617248295043
75,In beat before,Tammy Adams,0.8199994304535348,0.9202665052160701,1.0236254821608874,0.8595934406565491
76,Last attack,Tammy Adams,0.7962138392415766,0.939355659913189,1.0302749756062097,1.0051890115191622
77,Girl term,Tammy Adams,1.0221899697088161,0.7929683521582205,0.9198784409450037,1.0327356820521665
78,Usually whose,Tammy Adams,0.941290820196585,1.0450741869259679,1.0203248512165988,1.0388884043862052
79,Much top feel,Tammy Adams,1.1249316121768176,0.893983203745774,1.0861366862568027,0.9176439049394001
80,Indicate,Tammy Adams,0.9299632266017293,1.0676109931887545,1.0775075049142981,0.8948103448320683
81,Direction,Tammy Adams,0.9264168685218893,0.9819246059620326,0.8648754184666256,0.978121608105387
82,Situation,Tammy Adams,0.7519243420746257,1.0724005951248967,0.9311021301256509,1.0087718788503324
83,Head represent,Tammy Adams,1.1104640715646108,1.1112190424809028,0.9080564176286395,1.2109236413913576
84,Specific,Tammy Adams,1.0221446668225262,0.9617080982153475,1.2086189114908392,0.9133531054757559
85,Them painting,Tammy Adams,1.0732719921571519,1.0025925453770805,1.1096396333731977,0.894517395701658
86,Turn message,Tammy Adams,1.0518087270106502,0.8948680845319756,1.2165806562834431,0.8976622248453202
87,Wall contain,Tammy Adams,0.9198687518614359,0.9013032395288729,1.1546761723980892,0.8731154979638798
88,Probably race,Tammy Adams,1.0105471950411398,1.1507033382230305,0.9198542703877942,1.1299071202401618
89,Cup issue,Tammy Adams,1.0687492228068136,0.9763765927279421,1.123700013162868,0.9943925125299414
90,Environmental,Tammy Adams,0.9615625833617115,1.083363652199614,1.0067302243687923,0.8926750376399164
91,Consider,Tammy Adams,0.9864280128055708,0.9779320239646118,0.9330063069439067,1.0642961430674338
92,Talk seem,Tammy Adams,1.0528978614646893,1.119225482213596,1.056105359445502,1.107009765657911
93,Environment,Tammy Adams,1.0411486230705407,1.1534587564167234,0.918308343908947,0.8547648381744274
94,Stop age,Tammy Adams,1.0403390905906742,1.0418073742792195,0.9823235949700456,1.0457090693857984
95,Determine land,Tammy Adams,0.8895366184869677,0.8485537830327807,1.001789386147424,0.7564610130089587
96,Hand official,Tammy Adams,0.9907313703404174,0.9177740263483318,1.0331663560412554,1.1052923190983774
97,Report once,Tammy Adams,0.892911615839301,1.111371530388437,0.9442140661506537,1.0924081199315272
98,They wife,Tammy Adams,0.8296167734601584,1.0331515054320828,1.0313651023072536,1.2230258054809564
99,Hot evidence,Tammy Adams,0.6940555965581929,1.1163353996901686,0.8377749804995459,0.9170151319402181
100,Similar they,Tammy Adams,1.002274974349703,1.0444173542367434,1.0034532795507325,1.1156169047630953
101,Interest power,Tammy Adams,0.8388141764215875,0.8220890024074118,0.91084152943353,0.877899720662581
102,Quickly,Tammy Adams,0.9946410439449525,1.036931247008733,0.838557505937487,0.8368962922560442
103,Check morning,Tammy Adams,0.9868408594744893,1.0577374006061704,1.0680433167195063,0.9693720251830502
104,Audience,Tammy Adams,0.9394696375239551,0.9629792811193214,1.131516076692976,0.9634529955901077
105,Area cover,Tammy Adams,1.0107808183765614,0.8484924015098622,1.094570795056292,1.0501792168678192
106,Former hit,Tammy Adams,0.9811699516373277,0.8383128795261084,0.9129337854979896,1.0624573701831992
107,Modern wall,Tammy Adams,0.9294029735208288,1.0900157064679685,1.0907025236200716,0.9813560570626467
108,Particularly,Tammy Adams,0.9147489502953372,1.0739849362120237,0.9489583835628328,1.0718570174020854
109,Consumer,Tammy Adams,1.1104364369659174,1.0822229329978739,1.119170572259029,1.2781174233094288
110,Teach system,Tammy Adams,0.9153430253481427,0.899916771315905,0.9360076595128292,1.0225474234587406
111,Executive,Tammy Adams,0.9975699962235929,1.0151335784094047,0.869298745851613,1.037313993204704
112,Decide college,Tammy Adams,0.9236419632812226,1.0723098792028378,0.8563705036583278,0.9540468081756039
113,Site become,Tammy Adams,0.9616835358688209,1.0124846059620454,1.2867477782951062,0.8824793871097987
114,Short follow,Tammy Adams,1.1763154022354618,1.0446496776981495,0.8792868208714225,1.0437090443221513
115,Figure finish,Tammy Adams,1.0302152636312552,0.9602332729540861,0.9440293086765791,1.059369002241119
116,Prevent,Tammy Adams,0.9541562140558523,0.98063624134625,1.1136393616537195,0.9769872420907112
117,Face employee,Tammy Adams,0.9563038986715138,1.158167068313023,0.9975313422731595,1.1187585917476741
118,Again recently,Tammy Adams,1.220691448788602,1.0961418592354084,0.9720380712607986,1.1789367015164953
119,Story,Tammy Adams,1.0433967155565627,0.9724871912542622,1.1172055414482789,0.9502975524127848
120,Dog available,Tammy Adams,1.077145300598329,0.9180603635502341,1.159428513370743,1.0928258345051587
121,When dinner,Tammy Adams,0.8328438757717282,1.0259073374930447,0.8016009648475917,1.0598504030775882
122,Language less,Tammy Adams,0.9441549115042864,0.8957124307493569,1.0713474609299052,0.9485050362321292
123,Paper human,Tammy Adams,1.0159615872016174,0.8900175651115119,0.8757808237897305,0.9741498810115334
124,Good goal,Tammy Adams,0.9420796424858201,1.1257089864457082,0.930033254700953,1.0243323134629454
125,Letter which,Tammy Adams,1.0950844623474465,0.9231173642985734,0.9595923047786159,1.0637152194516093
126,Seek soldier,Tammy Adams,1.2297882303249759,0.9632930331587773,0.9346248521147905,0.9352318355075052
127,Baby majority,Tammy Adams,1.0335469545736433,1.051066291051022,1.0341811182277711,1.0321090296429907
128,Even most,Tammy Adams,0.8532389305541788,1.1344022042242092,1.1626027176108622,0.9133357798681326
129,Join put even,Tammy Adams,1.1028500754337265,0.8732556091343373,0.9742444569104663,0.9696039811556603
130,Generation its,Tammy Adams,0.8857256531528499,1.0103977869452059,1.1129883947341104,1.081200792654091
131,Spend later,Tammy Adams,0.9879159093555837,1.0786838015474378,0.9549221819970496,1.0160894125074185
132,Report meeting,Tammy Adams,1.0562024347003833,1.0626203526657465,1.005819816105729,0.9368460705620745
133,Industry,Tammy Adams,0.8437599412455116,0.9240046658461333,1.0180059317492574,0.7451895034972376
134,Information,Tammy Adams,1.0122339650286487,0.9336469443878255,0.6984691086362914,1.0886259749133076
135,Alone bad,Tammy Adams,1.1029748075840056,0.9450555453171018,1.087786689317227,1.1344053231730173
136,Human wide,Tammy Adams,0.8955905553121695,0.9626831408376533,0.9508256039856869,1.0001253184998196
137,Analysis dark,Tammy Adams,0.8147629399110927,0.922279316040119,0.9459294114165204,1.1767176463518487
138,Usually other,Tammy Adams,0.9943616562303274,1.118525508416962,1.1050558364492702,1.1103525140400305
139,Hold language,Tammy Adams,1.0134482501996764,0.9207938995348964,0.7892913934432979,1.0268513800949894
140,Carry six,Tammy Adams,1.1027372987730566,0.9794951823206157,0.964029332506127,1.1114415766031418
141,Similar why,Tammy Adams,0.845750204041679,1.1136175305368838,1.0956290575616563,0.9251485181059457
142,Study reveal,Tammy Adams,0.8879508475159854,1.018912366264654,1.0403343515272772,1.0918126680573157
143,Citizen during,Tammy Adams,0.9984467321556102,1.0878939189395058,1.0343785872936624,0.9579251847644522
144,Product modern,Tammy Adams,1.0402351898728563,1.0013710093832184,1.1322594610425605,0.9276290653857805
145,Debate me baby,Tammy Adams,1.1606893902995759,1.0012469115958946,1.318438290173546,1.2325248750013622
146,Recent,Tammy Adams,0.8539344647019954,0.9053087423387021,0.8669035263612659,0.9450008306569702
147,Some business,Tammy Adams,0.9596912192956704,0.9722827882631061,0.8070100986874056,0.964308432312877
148,Camera reason,Tammy Adams,0.9589391314458653,1.07301486948354,1.0385684208754018,0.9050773387120915
149,To evidence,Tammy Adams,0.9225826821707206,1.0000021762875981,1.002730415972314,0.988103081556236
150,Protect,Casey Shepard,1.0117015073906146,1.1807789776580142,0.967224939617021,1.011759591322352
151,Window item,Casey Shepard,0.9580625005002177,1.1728035472632323,1.0201800346484011,1.026440525625986
152,Again election,Casey Shepard,1.0311667446061772,1.0318053417137785,0.9414086656306575,0.9174592950420497
153,Feeling indeed,Casey Shepard,1.067743066199357,0.9391107211762004,1.2686264328801697,0.9910197653427328
154,Local clearly,Casey Shepard,1.154853917046143,1.0044954030894069,1.1235759229094886,1.0294777366480397
155,Out site,Casey Shepard,1.1822733352630015,0.9255475111590489,1.2475314057554625,0.9575179780129379
156,Relate,Casey Shepard,1.0456054246807576,1.246559873516174,0.8918128813923148,0.9389363408260232
157,Be stuff plant,Casey Shepard,1.0698893012040684,1.0339568502554402,1.242925012624681,1.1906394013572896
158,Identify,Casey Shepard,0.9888224210517886,0.9749637709556587,1.1261164242684538,1.1628468310479523
159,State system,Casey Shepard,1.1307469177909315,1.2389452437739963,1.0613889383650312,1.1818412086597996
160,There forward,Casey Shepard,0.89292068626149,0.8803553857385992,1.2294325416728626,0.8834469738972823
161,Television,Casey Shepard,1.0652253029478187,0.9955276371070919,1.100086358580194,0.9500960577744462
162,Listen,Casey Shepard,1.1402203466871168,0.9671313546080842,0.9528358874282372,0.8199665084899613
163,Mother claim,Casey Shepard,1.0031051163851898,0.9929100074894014,0.9098200130715817,1.03068167777837
164,Meet idea even,Casey Shepard,1.0270646749291197,1.0131516895425092,0.9331684659237653,1.124416103198804
165,School despite,Casey Shepard,1.1615145208669637,0.9171402967442694,0.9364460272710665,0.8258311688917227
166,However,Casey Shepard,0.999892785361322,1.10093036308995,1.0117125835212828,1.1275123740192516
167,Rest man,Casey Shepard,0.9362002999821221,1.0645467114128377,1.0435201198750585,0.9875161484354228
168,Cause believe,Casey Shepard,1.0168817015374243,0.82436613224559,1.0472154923762251,1.0741723075216685
169,Do sit woman,Casey Shepard,0.8747870975195768,0.7376013200935236,0.9337724620542996,0.9338565467155494
170,Place wide gas,Casey Shepard,1.0133874482099592,1.0387161549269974,0.9343646302186187,0.8926385498822964
171,Consumer,Casey Shepard,1.174019268651352,0.9507542353679768,1.1355785174869557,0.8709285844049419
172,Similar no,Casey Shepard,0.9487779464687146,0.8513874208371088,0.888864511887334,1.1145265997530458
173,Test explain,Casey Shepard,1.0601531727485387,1.0115008652923192,1.0100908244622153,0.9543724437322433
174,Face necessary,Casey Shepard,0.9437191439196346,1.0130974444386636,0.9956160083997103,0.9656525533495957
175,Wall kind stop,Casey Shepard,0.9170866151542558,1.1015766046502597,1.0114435342813282,1.0862391071762056
176,North fly,Casey Shepard,1.208251856933737,1.0624236430034255,0.9204383842718761,1.0473287436699668
177,Follow style,Casey Shepard,1.131521024401061,0.9975949619051683,0.9550051600920866,0.9855243899046643
178,Offer poor arm,Casey Shepard,0.933058411952004,1.0345745118126695,1.0311458639802704,1.0396105656872423
179,Movie building,Casey Shepard,0.8464009602855109,0.8960095375723031,0.9303173488681473,0.8757253508784584
180,East watch,Casey Shepard,0.9889334104349093,1.1102948905662926,1.1510400850924347,0.9454140637460946
181,Soon per share,Casey Shepard,1.0544524420855295,0.9609877933449297,1.033675646965328,1.073766294846627
182,Five benefit,Casey Shepard,0.9396778963278812,1.0693061409284712,0.9183329695554533,0.9006025035027918
183,Star similar,Casey Shepard,0.9245048835660928,0.9599950661828263,0.8562501696022906,1.0367828399878303
184,Field class,Casey Shepard,0.9489863141442871,0.9386909540346497,0.9003266458662662,1.0299194251481028
185,Economic,Casey Shepard,0.8676796682071719,1.0365050899006243,1.064237304266608,1.071672820489119
186,Into know,Casey Shepard,1.1208265686416379,0.9320233148907261,1.0070617845688963,1.0089258768209828
187,Whose require,Casey Shepard,1.0094979991958115,0.8795465930698894,0.9544448991850095,0.9503611966394788
188,Nice everyone,Casey Shepard,0.9674765435609064,1.0242520289540715,0.8934127020786403,1.0980149698026167
189,Our exactly,Casey Shepard,1.0231883314594525,0.8063081428159773,1.0028005853486928,1.092440177478172
190,If agency her,Casey Shepard,0.914098204013831,0.9599624000660046,0.9565703968848387,0.9014545147560964
191,East home if,Casey Shepard,0.9992941372485463,0.8483396554211041,0.8099085000078019,1.0261394753856659
192,Sit man star,Casey Shepard,1.0568304833695104,1.0891591977508561,1.0253978550353542,1.1828429350373901
193,Right home six,Casey Shepard,0.798303352480637,1.0637646918192774,0.9320708580512937,1.2198469767630686
194,Very tree hair,Casey Shepard,0.8694711084925657,1.0662765739104536,0.9677378024401346,0.9448369185389839
195,College during,Casey Shepard,0.9247528224641562,1.0962384951020794,1.090220546490835,0.9477784369721723
196,Learn,Casey Shepard,1.050654365500362,0.9379798527647543,0.8627995699989903,1.0327893402038575
197,Raise Congress,Casey Shepard,1.0436544707655049,1.094248416694631,1.3123687226151428,1.0553993660162304
198,Purpose always,Casey Shepard,0.9437780389045923,0.9104897568390907,0.9778264162543657,1.1126163034104106
199,Team work,Casey Shepard,0.755151505341381,0.845232773936752,0.956376177600255,0.9826072833338073
200,Newspaper,Casey Shepard,0.9927268838639884,1.048102802638551,0.97720613348581,1.0673796392991588
201,Everybody she,Casey Shepard,0.8833384267484906,1.1004202405165644,1.1145826197418711,1.0586182070883223
202,Like I hope,Casey Shepard,1.0574068295693735,0.9626791882416601,0.769411414059361,0.9544233357017861
203,Man value past,Casey Shepard,1.10406513151518,0.9748920863454423,1.0145031869837697,0.8145579496299962
204,Until of sound,Casey Shepard,1.1048842709940725,0.9398671849625377,0.7710492743371967,1.0888659599749406
205,All our high,Casey Shepard,0.8411710942543562,1.005728559980922,0.932079891409131,0.9736645446768876
206,Become make,Casey Shepard,0.8023416101608669,1.192665267280591,1.1926271522359702,1.0385430351584737
207,Consumer may,Casey Shepard,1.1502636152438477,0.9815169020563324,0.9980944189281525,1.1946461428493427
208,Leg society,Casey Shepard,0.9561714237679124,0.9397595098258418,1.0318729200414292,1.1237626032189196
209,Offer somebody,Casey Shepard,1.0872048591466386,0.8486994024683641,0.9800263629857292,0.9668804767609157
210,Yourself go,Casey Shepard,1.1295227778450811,0.9888219500766083,0.9451678257782068,1.1817818880426618
211,Finally win,Casey Shepard,0.9142077866406844,1.0442958047168869,0.9622682633781868,0.8709606733955346
212,Then,Casey Shepard,1.084920953574761,0.9482934007609976,0.857874402506406,0.9940580611187175
213,City red pass,Casey Shepard,1.180809193254272,1.01412052785163,0.8280211390694556,1.0871071404558443
214,Pull over mind,Casey Shepard,1.124498907620536,1.0512198310003904,0.9359880721651754,1.1574420234048879
215,Bed boy,Casey Shepard,1.0982294413130127,0.9234647043294109,1.0928844410540592,1.04617324134013
216,Raise course,Casey Shepard,0.826138716902033,1.101573930920498,0.9474445987291782,0.9464605786039212
217,Paper whose,Casey Shepard,1.0554766468238914,0.8432704440082446,1.1096798939518009,1.080146205292341
218,Trial ask,Casey Shepard,0.8427010939122289,1.022004607544194,0.8149628572378081,1.0985997805658454
219,Perhaps owner,Casey Shepard,1.059814963592337,1.1187221681228101,1.068066089516801,0.9771299865611385
220,Write become,Casey Shepard,1.047275010420511,1.0173424720421125,0.9890265953053924,1.0501126303340627
221,Describe car,Casey Shepard,1.15400734620121,1.001600795941613,1.279977977004949,1.0013338856578988
222,Management gas,Casey Shepard,0.7585911231172777,1.058362353068454,1.0169176450086446,0.8906396942315051
223,Never six,Casey Shepard,0.9529397119058363,0.8941101431558401,1.0314895931299783,0.9568660409085421
224,Hold great,Casey Shepard,1.000982399688861,1.153257003221451,1.026431224660931,1.160870154701596
225,Off change all,Casey Shepard,0.9607432049840389,1.0136052867047056,1.062710952085864,0.9137822376707254
226,Campaign,Casey Shepard,0.877575295595455,1.0418351948461773,1.043875808870073,1.1153660569346449
227,Head analysis,Casey Shepard,1.025555392779596,0.9314541116257634,0.8859829826160939,0.9921578059586635
228,Same method,Casey Shepard,0.9940442898412364,0.9462204727106379,0.9834538564669686,0.8788562252950747
229,Whom school,Casey Shepard,0.8329878243076857,1.1458348771571656,0.9973974092397052,1.0570859185739685
230,Test financial,Casey Shepard,0.9818124972096991,0.9262759227637783,1.028893720484803,1.0047533550769976
231,Land knowledge,Casey Shepard,1.09199544866044,0.8547232498623766,0.92313779241073,0.966885825227338
232,Through travel,Casey Shepard,1.1189892842128317,0.9971369284929821,0.7545273336579855,1.10059689620979
233,Phone improve,Casey Shepard,1.0055096421214966,1.0274769959806378,1.083696043161001,1.011365854380096
234,Risk school,Casey Shepard,0.7776428498208874,1.0481493326453586,1.0417438920269158,1.0085649714677194
235,Song once,Casey Shepard,0.9370284557162752,1.0818439596554046,0.9395697280705074,0.9776794623044363
236,Of simple,Casey Shepard,0.9576774690822312,0.9549236487498283,0.9958215231199319,0.9674933651247403
237,Think style,Casey Shepard,0.9306144767743436,0.9940617069225143,0.9610135527350825,0.8869932944598486
238,Situation,Casey Shepard,0.9184597634605315,1.248749348236897,0.7896881673720451,0.9395378673435718
239,Unit threat,Casey Shepard,0.8200442787192331,0.808686195636293,0.9190701730007217,0.9229795632158297
240,Every into,Casey Shepard,0.9349750444160323,1.0083890671786104,1.078928108428526,1.0657195753796904
241,Now determine,Casey Shepard,1.0038211154631307,1.0418676195698662,0.9859673597280216,0.954949184164764
242,Gun watch into,Casey Shepard,1.0982545295459383,1.2710807918068365,0.9704544093335361,0.7944378213336163
243,Artist we,Casey Shepard,0.9697101388764265,1.05703873189213,1.1421993910985304,0.8724593460387972
244,Eye drop,Casey Shepard,1.0597153893487903,1.1486516013864,0.9999185632622232,0.9756821201906878
245,Let also those,Casey Shepard,0.998609926761504,1.0494222182688668,1.0750650888864695,0.953580093996295
246,End respond,Casey Shepard,1.0198930579194425,0.9523464918425765,0.9583743523352684,0.9018865715805068
247,Expect quite,Casey Shepard,0.8818545495995854,0.8323542353739565,0.9422683206222727,1.1326400838393091
248,Place theory,Casey Shepard,1.0889924350480868,0.8489818804825545,1.0426434171400347,0.9424982952007294
249,Apply citizen,Casey Shepard,1.0035205350897936,1.235255257729352,1.073794941366144,0.9901576639137347
250,Want method,Casey Shepard,1.003267063948138,0.8616110280866031,0.853294904651004,0.9971140410602992
251,Employee hard,Casey Shepard,1.0609459903311633,0.9813211437015041,0.9780311742634185,1.079585332406504
252,Oil edge,Casey Shepard,1.0225918336173425,1.123275711626866,0.9822782066574733,1.0032775948808723
253,Across up,Casey Shepard,1.0203194679518675,1.0369358168992482,0.8126944396999394,1.1137423189882205
254,Ok computer,Casey Shepard,0.9714221656638423,0.9604356795381024,1.0606912254366019,0.938599994038964
255,Edge report,Casey Shepard,1.01869988789114,1.3296360107563177,1.1390501600766192,1.310444670643987
256,Beyond fight,Casey Shepard,0.9178741312369634,1.0438229787750106,0.9226482185216701,0.9899206936219359
257,Meet perhaps,Casey Shepard,0.9525793661747852,1.2594548962823826,0.9326502052335024,1.1306400279478326
258,Shake surface,Casey Shepard,0.929315062688366,0.9096690756943742,0.996080426469784,1.037894560523862
259,Bring figure,Casey Shepard,0.839004587224829,1.1459061170847085,1.0836639018275562,0.7995026029717834
260,Degree no,Casey Shepard,0.9707824728291888,0.9413398445999024,0.7046680265369701,1.1888152739824596
261,Already expect,Casey Shepard,0.983262774488317,0.8621043569413551,0.9100585002305122,0.9036759267491115
262,Establish,Casey Shepard,1.0146135507086145,0.942555763315175,0.8208994969742767,1.075131713521737
263,Trade live how,Casey Shepard,0.910374434815074,1.028588752425851,0.9820938043297842,0.932882100565869
264,Magazine,Casey Shepard,0.9436601455808561,1.1138844894289857,1.064374987108914,1.041182401383219
265,Rule,Casey Shepard,0.9442550202985178,1.0706418501315238,1.1695688397076216,0.9822378790467025
266,Hour,Casey Shepard,0.9956486402392407,0.9649421361578429,1.0588885477163588,0.9582155319935729
267,Beat hotel leg,Casey Shepard,1.0864169810386881,0.989774724495547,1.0881159179268287,1.1105007415289827
268,Wonder hotel,Casey Shepard,1.1039588311055355,1.108761239880436,1.111940344660312,1.1722087819937559
269,Part hard,Casey Shepard,0.9699080986515897,0.8324153848584769,1.0697725642832934,1.0429541015568713
270,Chance above,Casey Shepard,1.0469851827860521,0.9885235509839029,1.041129254886283,1.0132744737627155
271,Pattern,Casey Shepard,1.0278156514854153,0.9214883934312972,0.9409546798826967,0.9965164743981267
272,Same factor,Casey Shepard,1.0639343201343472,1.0076230366592043,1.0533784764541145,1.0036385717131628
273,Safe forward,Casey Shepard,1.0794805863124775,1.091043504825707,0.8906154889724884,1.0678215823113613
274,Like spend,Casey Shepard,0.9991151024526588,0.8858859005988056,1.054189071518853,1.1143230802254482
275,Firm begin,Casey Shepard,1.183690922440179,0.917050882375988,0.995291273419425,0.9673373254348875
276,Sort often,Casey Shepard,1.0636163771822997,1.129363977822513,1.0756387540422814,1.0153065621614001
277,Floor mean,Casey Shepard,0.9491710161002486,1.0014269744247264,0.7801276741180985,1.0635094396303972
278,Might rise,Casey Shepard,0.9586558104723204,0.7340757624079528,1.2575785793229421,0.9916806398788016
279,Series fund,Casey Shepard,0.9532389310709518,1.0888048421673255,0.9624106966546434,0.978409245662268
280,World add,Casey Shepard,0.7385222105850808,1.0496967228724068,0.9365992771115068,1.008565091040466
281,Large,Casey Shepard,0.7663548645526788,1.1564321360441763,0.9620238692610529,1.035599231135764
282,Room enjoy,Casey Shepard,1.0310119426182875,0.9657705492979217,0.9841479881365387,1.0346181559797376
283,Him single,Casey Shepard,1.0527649820038631,1.045897136636955,0.9296145893342083,0.9708695173635886
284,Glass over,Casey Shepard,1.0978140532202794,0.8898421697067839,0.8496110737356384,1.1961598177270631
285,Mission common,Casey Shepard,0.9941067499005258,0.9840098257138254,1.1412051877446374,0.8712271459390376
286,Opportunity,Casey Shepard,1.0983052797529191,1.1426828833488412,0.9599817260332342,0.9756160179372608
287,Water apply,Casey Shepard,1.2384113380243993,0.9641700114876188,1.0049470056187095,0.9016194654926623
288,Consumer down,Casey Shepard,0.9835412576321648,1.0649995919881854,1.0114211328150342,0.9203707621086838
289,Fact economic,Casey Shepard,1.0346993852747304,0.9350450407094613,0.8544993756860852,0.9677955244316453
290,Perhaps alone,Casey Shepard,0.8703288017437538,1.0355385471006389,0.9232610165110549,0.9812727596959602
291,Need perhaps,Casey Shepard,0.9553296067721377,1.089364300836124,0.88217057841078,0.8812081952779047
292,Throw magazine,Casey Shepard,0.9459350038016588,0.9836728120302137,1.0997565917919738,0.9982247049280537
293,Throughout,Casey Shepard,1.1079301942940576,1.0003175162052431,1.0442771702986628,1.275131125843652
294,Specific idea,Casey Shepard,1.0181473889742318,0.9934649832824232,1.0737702443330606,1.1575346972636928
295,Parent big,Casey Shepard,1.069046810276104,0.9681971261327245,0.9912736262676664,0.9532483648841934
296,Art expect,Casey Shepard,0.8252576593929483,1.1581738776667356,0.9632897702499507,1.1876727115303913
297,Miss option,Casey Shepard,1.2163508142410677,0.8339019582309993,1.0764575140911115,1.0141700746256201
298,Adult figure,Casey Shepard,1.0394396314510128,1.1672633082466923,1.0143049123266168,1.1385867665288614
299,Interest area,Casey Shepard,0.948683279982606,1.0802130182797474,1.066026989319283,0.8252703126370763
300,Week cover,Clarence Hooper,0.8878081875676725,1.1174032670444136,0.9970905510215388,0.9475301640301033
301,Over bed,Clarence Hooper,1.1053174142629512,0.8072790620858475,0.9798929090124971,0.9432002197625958
302,Write of,Clarence Hooper,1.071591539419405,1.0478034531242133,0.7809222943229932,0.9442162219424894
303,Feeling,Clarence Hooper,0.9388482478654939,1.0226076987291306,1.0183075226641216,0.9309914964927535
304,Cost gas far,Clarence Hooper,1.020400101023986,1.1449365090508914,1.014424319112079,1.0513847052496965
305,Money win,Clarence Hooper,1.2556358612184952,0.9625741507852347,1.0644344154275363,1.1638046591566444
306,Response hold,Clarence Hooper,0.9689694945625086,1.018162349665582,1.0139388909461267,1.137572659434109
307,Myself,Clarence Hooper,1.0489456817217875,1.1286873922213756,0.8777017751799783,0.9536231275251816
308,Trial,Clarence Hooper,1.0703494166888872,0.9924345444380784,1.040915137629395,1.0410900114985022
309,Business,Clarence Hooper,1.0777261391947783,1.0038117564685531,1.0472157898994585,1.0521031817676063
310,Glass down,Clarence Hooper,1.0442834702472557,1.0966522398865708,0.9795555085313208,1.123953545321467
311,Discover tend,Clarence Hooper,0.9591871113668231,1.008426867618469,1.0918622924786645,1.2079561432942967
312,Green spend,Clarence Hooper,1.0160051237170704,0.9310831875259455,1.0568693071673299,1.0404411881128528
313,Gas generation,Clarence Hooper,1.0701683204162245,0.856196923068038,1.0189215551683992,0.9200925183778772
314,Huge,Clarence Hooper,1.0778055105026603,1.0058209787994568,0.9564657630945901,1.1508880733133549
315,Team also,Clarence Hooper,1.1165101155674066,0.9821433102463647,1.029381411116625,0.9448834915629762
316,Evidence point,Clarence Hooper,1.3030852806847717,1.0161603619991333,1.1657549818421873,0.8552602592359233
317,Best us on,Clarence Hooper,1.044365677220689,1.0797194734036175,0.9322245351938474,1.0931910424264033
318,Maintain,Clarence Hooper,0.929089806179939,1.0331890689917316,1.0509276819449147,0.9713147903291597
319,Page show,Clarence Hooper,1.0879283557407577,0.9442152915777289,1.1339870293577041,1.1887120879391797
320,Bag including,Clarence Hooper,1.0023168402514875,0.8246927807943418,1.0578201682396846,0.9168094375030369
321,Bed listen,Clarence Hooper,1.0914676983475617,0.975751895414827,1.0072244344903138,0.9497702944275422
322,Campaign use,Clarence Hooper,1.0802802321250138,0.9247064928111038,1.0581951174688142,1.1815330321818445
323,Serve order,Clarence Hooper,0.8834559815057725,0.9138127776477507,0.8781548181145878,1.0558988970501242
324,Us six main,Clarence Hooper,1.0273007735298598,0.9117321999148218,0.9100684566423788,0.9733982640699611
325,Result low,Clarence Hooper,1.1779200860245194,1.1702231689753728,0.9379981605622563,1.0192094698759904
326,Strategy,Clarence Hooper,0.9380196955947182,1.1210711159996305,1.0209506650860785,0.9646081627507469
327,Wait often,Clarence Hooper,0.8774685987637098,1.078257766639548,1.0722323520618477,1.219980730922179
328,Price myself,Clarence Hooper,1.0969430428712237,1.065249391568048,0.8877927108282346,0.9744466512031432
329,Chance thus,Clarence Hooper,0.8826452148883261,1.0411122910468436,1.0373041434145156,0.9827687513299719
330,Organization,Clarence Hooper,1.1024236160868846,1.1813580019829262,1.0229224057476356,1.0710880371599931
331,Health,Clarence Hooper,1.0441886458468475,1.0882471780308443,0.8426103444542096,1.0635005741241044
332,My could loss,Clarence Hooper,1.1121137534424357,0.995000073089957,1.0493671575799643,1.0652655666730515
333,Meeting rich,Clarence Hooper,0.9190191108248482,1.1262033452728968,0.860251768108371,1.0847841867649395
334,Brother song,Clarence Hooper,0.8925477908539029,0.8825624855033071,1.1924727253190273,1.0623986910105734
335,Carry or care,Clarence Hooper,1.0082352978587312,0.825415335795048,0.8679386536742346,0.9754301544318488
336,Movie thank,Clarence Hooper,0.9649625875682554,1.1020896665852005,1.032713093152033,1.0108589549364002
337,Event week,Clarence Hooper,0.8784635021521463,1.01002623482865,0.9579444178181771,1.0978614688068988
338,Form career,Clarence Hooper,1.147350207556783,0.9538300183950695,0.9680190816539984,1.0644405909444512
339,President seat,Clarence Hooper,1.0988916115101002,1.1782137577243443,1.01011390559174,1.0906400366198028
340,Note our argue,Clarence Hooper,0.9398056135723224,0.9926178548818597,0.9983416990073405,0.8767654150573714
341,Plan two,Clarence Hooper,0.9918950724589872,1.049214617644485,1.115251594425625,0.9326052265721608
342,Rate anyone,Clarence Hooper,0.9436235323292173,0.9879307623607708,0.9272184025221892,0.9553048376494094
343,Scientist,Clarence Hooper,1.0024639066935415,1.1707287014421026,0.9707751628091124,0.9897731754273736
344,Cover idea,Clarence Hooper,0.8964094576923934,1.1144716835468844,1.0124301712535544,0.9333350500372198
345,Near if back,Clarence Hooper,1.067790726533783,0.9947375586479511,1.0569885805927375,0.925023941545758
346,Purpose bank,Clarence Hooper,1.1097258417902536,0.9861527730475941,0.9972498252248847,1.004329775962322
347,Ago remain,Clarence Hooper,0.8812508680603812,0.8783886810596583,0.7624205713735313,1.0833953751649181
348,Window officer,Clarence Hooper,0.9695218761267848,0.9163444184733971,1.1468540386109791,0.8519059820665522
349,Beat right,Clarence Hooper,1.100163349778565,0.9905187939812539,1.1733940842947619,1.0200004154884499
350,Prepare event,Clarence Hooper,1.1225789975586247,1.029109006276402,0.9675866925393463,1.0007849327468468
351,Including key,Clarence Hooper,0.9128670623200559,1.1421680457272032,1.1288061600080925,0.932112897839311
352,Everybody win,Clarence Hooper,0.9604542982447463,1.0539801784429574,1.0072509133292187,1.0312661011554414
353,Player bad,Clarence Hooper,1.0620290630435218,1.0412330704261665,0.9047093881209933,0.9214234586614234
354,Price,Clarence Hooper,0.9987545476228513,1.044968045687041,1.0704083356392642,0.7707577507290106
355,Certain next,Clarence Hooper,0.9113810530701825,0.91722259012738,1.0597607377415486,1.0989496946107873
356,As benefit,Clarence Hooper,1.1303724928744436,1.0259826424164609,0.8198677693582938,0.9144874339521136
357,Raise letter,Clarence Hooper,1.0258542184791972,0.9332613438498156,0.8485397222067914,0.8919961477274609
358,Product peace,Clarence Hooper,0.8840937405412452,1.0050031097072998,0.9987243024703207,0.9730475217564413
359,Seat cell,Clarence Hooper,1.0118284978888534,0.8549098739245348,0.9322249632607267,1.0290162716760076
360,Also today,Clarence Hooper,1.0125003755382531,0.7869035059052407,1.1176764883479817,1.0579976114060445
361,Stock seem,Clarence Hooper,0.9377521342034072,1.0402041663584045,1.0005586012767744,0.971924497563136
362,Stay view,Clarence Hooper,1.0677081307202476,0.8699716307133328,0.9219651598979615,1.0092707357960398
363,Economic,Clarence Hooper,1.0069359099339064,1.0137042385815025,1.071134373604502,0.9352675453445438
364,First home,Clarence Hooper,1.137129252647234,1.0818864652107394,0.990769484915304,0.9058271413300676
365,Among blue,Clarence Hooper,0.9201582718231025,1.0097802967018574,1.0502384996219647,1.0125717076517171
366,Only join,Clarence Hooper,0.9631120211146936,0.9980488342928221,1.047742979290408,0.8552051332266255
367,Simple man,Clarence Hooper,1.0251893226202355,1.130034165112649,1.118108256802713,1.0142864712919377
368,Movie her,Clarence Hooper,1.0406395067481742,1.1466074489804017,0.9605496496183901,1.117940486742835
369,Animal onto ok,Clarence Hooper,0.9279721043386003,0.9280531434355006,0.9693283974133496,1.1260051458444444
370,Newspaper send,Clarence Hooper,0.970213574263797,1.1330118489869918,0.8450137619177672,1.1489248252581787
371,Thus official,Clarence Hooper,0.9054994250095114,0.8738592904321894,0.9244189196115964,1.0521881258900385
372,Happy use,Clarence Hooper,1.04121291703026,0.8555161823153752,0.9106147639318166,0.8598411396779385
373,Eight usually,Clarence Hooper,1.0174517659355033,0.8829121642231706,1.0329998298899794,0.8569514498637747
374,Give every,Clarence Hooper,1.010105961220957,0.9422025359271773,1.0073602955070489,1.0784631134338194
375,Nature already,Clarence Hooper,1.0275301288754144,1.0667926291575187,0.9951405016483059,0.9984677549373465
376,Lead almost,Clarence Hooper,1.1806650673675807,0.9637127366908914,1.0097363961766825,0.881422043209086
377,Behavior keep,Clarence Hooper,0.7927984751335848,1.0923054798641754,1.018751582414739,1.128518631863682
378,Public main,Clarence Hooper,0.8825725150175663,0.9448102341891337,0.8697409033293999,1.141115333047334
379,Speech item,Clarence Hooper,1.1319430054861404,0.8533153939233746,0.9290166239631551,0.9585606063626648
380,Front,Clarence Hooper,1.116828640136872,1.045813286569056,0.7429363581224784,0.921272012699556
381,Although,Clarence Hooper,1.0527781752960412,0.9646414368264697,1.1390422067776742,0.987417379552735
382,Court evidence,Clarence Hooper,1.0030505360487456,1.0185458160708198,1.2230233323697453,1.070072761759862
383,Moment,Clarence Hooper,1.0205410274229194,0.9102223949102163,1.0486965992253345,1.0490979397061455
384,Health impact,Clarence Hooper,1.1397202847695034,1.1670482506710278,0.9652781471552253,0.9993261790219391
385,Drive certain,Clarence Hooper,1.229822961010323,1.0095514503923706,1.0705500890348827,0.9679321089107417
386,Walk brother,Clarence Hooper,0.9667765496597935,1.0866100141407622,1.013365431444269,1.0039934237339438
387,Good my,Clarence Hooper,1.254664371447097,0.9770855488508418,1.1738229265841285,1.1481283896797398
388,Thing single,Clarence Hooper,0.9846445730645671,0.976959643389961,1.0827114302181802,0.980273566320798
389,Include give,Clarence Hooper,1.1062019604444167,0.9976858896754238,0.7718250464479361,1.2595244633840814
390,Meet leader,Clarence Hooper,1.057658637055076,0.9151789915133001,1.1133354605116939,0.9598785139770241
391,Son avoid,Clarence Hooper,0.9410744482231713,1.1239168374702022,0.9739320508887079,1.088996917492157
392,Career music,Clarence Hooper,0.9317563602567244,0.9439008035498653,0.8548979479926557,0.8790464169043479
393,Attorney occur,Clarence Hooper,0.8882164308316761,0.8705967576853051,1.0836928147099707,1.03587537399406
394,Mean would,Clarence Hooper,0.9553159915214176,0.9284907659955319,1.0103642480991515,0.9280137361355347
395,Cost success,Clarence Hooper,1.066615989169213,0.9529012758507538,1.0427364226065783,0.931882201878082
396,High range,Clarence Hooper,1.0860335641405543,0.925383484202534,1.073707859142639,0.9425999253128445
397,Mother,Clarence Hooper,1.1292469551869224,0.9793125638046022,1.0820985587616132,1.1092553210545733
398,Together,Clarence Hooper,1.002692595943055,1.0070341870235353,1.0043964378260841,1.1174452574214584
399,Some partner,Clarence Hooper,1.206331129663893,0.8825047898328389,1.1114214494285943,1.0336168298692803
400,Seat red agent,Clarence Hooper,1.0074262407734456,0.8776231086546874,0.8677060308232556,0.8680736933314277
401,Knowledge its,Clarence Hooper,1.0659156695872514,0.9947875166129941,0.9611672076961415,0.8808744441024613
402,Consumer,Clarence Hooper,0.9892142107379379,0.8153409621244564,0.9050184931247741,1.0603149505014666
403,First shoulder,Clarence Hooper,0.9427132858432531,1.0357264825195012,1.1052675360666258,1.0394829553577063
404,Over challenge,Clarence Hooper,0.9832929387334424,0.9359625438731298,1.1038418591760768,1.1648702304444125
405,But during,Clarence Hooper,0.9549880501071155,0.9142339386825857,0.8618593665685743,1.0409429268935704
406,Song my,Clarence Hooper,0.9832186621360025,1.0890785212617304,0.8749664546742425,1.1306119430151291
407,Kitchen thus,Clarence Hooper,0.9753592898903709,1.1243417263326498,0.8908352739092836,0.9868345666790104
408,Never miss,Clarence Hooper,0.8575038144202569,0.8976858881797529,0.7676856813023748,1.1096250115997817
409,Page occur,Clarence Hooper,0.9371139066748999,0.9504389191001302,0.9985410496825434,1.0332981365892993
410,Choose box,Clarence Hooper,1.0164124819523443,0.993502565053737,1.1793318378143365,0.9148457357233482
411,Property skin,Clarence Hooper,1.1063706617479943,1.0589556592242881,1.1212000149182064,1.027735517537762
412,Dream relate,Clarence Hooper,0.7485429219508228,1.0000221067560862,0.8645778006643998,0.7566450472255852
413,Body challenge,Clarence Hooper,0.9974646113390424,0.9397794478516057,1.101480281533026,1.2544444788760454
414,Responsibility,Clarence Hooper,0.9604213769666254,1.125470657560646,1.0034977426475182,1.077702411781013
415,Exist know,Clarence Hooper,1.1031551562279927,0.9545443414739853,0.9846912101542002,1.0458557975373444
416,Attack onto,Clarence Hooper,0.9202335675414545,0.9297589935277906,1.0246345041468274,1.0613349965547505
417,Debate none,Clarence Hooper,1.0360783256290964,1.100005911873293,0.9000150469519976,1.0806621314006528
418,Position enter,Clarence Hooper,0.9707507737715096,1.1247927211098436,1.1590302838428537,0.936904170241538
419,Provide minute,Clarence Hooper,1.0432307165176993,0.9951413821274054,0.8256073276796068,0.8881142999212568
420,Child kid miss,Clarence Hooper,0.9303115701877707,0.9790102345508074,0.940323071734472,1.0561208740984582
421,Indicate fear,Clarence Hooper,1.121178088097571,1.0656036363781298,1.0333926277081336,1.0015599856065904
422,Themselves,Clarence Hooper,0.8200437516073814,0.9870154908512995,0.942732696141649,0.9425867748962495
423,Nothing hear,Clarence Hooper,0.9667693982487408,1.0764934919207432,0.8692229680593526,0.9196297874989778
424,Four design,Clarence Hooper,1.0902275430370776,1.088694754120608,0.9849618633032224,0.9094710516548303
425,Security his,Clarence Hooper,0.8828311258878547,1.0151591118355106,0.9736463932875136,0.8991399623951835
426,Few tax,Clarence Hooper,1.0091741497609774,0.799347542007667,0.8942144168848579,1.0444572233887073
427,Experience,Clarence Hooper,0.937136177154049,1.1503525516847675,0.9044624598325578,0.8541429738181531
428,Third morning,Clarence Hooper,0.8886000891676151,1.0659503178472705,0.9957944272754798,0.8463163487486614
429,Fish although,Clarence Hooper,0.9452642434274068,0.9919143650876645,1.031457289187974,0.905435328540097
430,Center game,Clarence Hooper,1.1062092283578673,1.0548613266673,1.0432942680081774,1.0383055257321383
431,Occur mean,Clarence Hooper,0.9752424506987155,0.9254726569996418,1.1723533794075018,0.8003992184332084
432,Beyond choice,Clarence Hooper,1.009700166685167,0.7553255283765992,0.9153849711234078,0.9988685653833035
433,Other memory,Clarence Hooper,0.9165727761834569,1.036019602823191,0.9168502584122009,0.8902867175422545
434,Space big,Clarence Hooper,0.8482139326625572,1.066743764834725,1.0340936052866883,0.8354444812699596
435,Very short,Clarence Hooper,0.8832573418802002,1.0827969214718143,1.0622741439677237,1.0430222698967884
436,Near region,Clarence Hooper,1.1497035424320563,1.0432361983909078,1.0010358673657456,1.0404076071407904
437,Friend seem,Clarence Hooper,1.0590666423792106,0.9359588502376134,1.246710638521526,1.0652087991766677
438,Visit single,Clarence Hooper,0.8719867683041512,1.0338997772728442,1.123857705002366,1.0485425159608377
439,Anyone best,Clarence Hooper,0.9295697807758279,1.081620516190978,1.0259959511404482,0.8116536266676215
440,Beat project,Clarence Hooper,1.0925220802059288,0.8650349789389329,1.0229708370898472,0.8048878910960754
441,Term there,Clarence Hooper,0.999978702295363,0.9323685914470131,1.1238465781818574,1.1075092393756867
442,Crime law,Clarence Hooper,0.7338268071256205,0.8890503979071159,0.8952156614340564,0.9320489367319554
443,Sister wall,Clarence Hooper,0.8529694391289347,1.062319911582988,1.0380279384000224,1.1026748142566218
444,Identify,Clarence Hooper,1.040468230971279,1.1440160483264135,1.0536555799531255,1.1508860682134434
445,Ok option,Clarence Hooper,1.1108949012648084,1.1122790822951236,0.9476893228668797,1.019280781607754
446,Attorney home,Clarence Hooper,1.1255034288674002,1.0870342080623376,0.986079675709302,0.8577975026592621
447,Prove few,Clarence Hooper,0.9583127485804207,1.0828043625815984,1.0196446392992833,0.981637631777638
448,Measure coach,Clarence Hooper,0.9037480400645095,0.9826670651955949,0.9322465157480849,1.012902632705078
449,Task run write,Clarence Hooper,1.0064489851430918,0.9455931279829055,1.1146724430611819,0.99575573525488
450,Newspaper care,Linda Hall,1.0977511969371319,0.9583166464634925,1.0985743371313645,1.095039384554797
451,Major occur,Linda Hall,0.922406119979059,1.0082098071290515,1.1732093842804294,1.1190871798056454
452,Television,Linda Hall,0.8753110272573666,1.003325139045833,1.057535108550611,0.940301852233708
453,Commercial,Linda Hall,1.068544504463843,0.988716249800803,1.0355261167411483,0.8299530844420954
454,Before,Linda Hall,1.0027933339085344,0.9204787050398324,0.9536560779170487,1.106885243582633
455,Image question,Linda Hall,0.8815703149571882,0.9132392891757412,0.9151409129399821,0.8442545230603318
456,Paper loss,Linda Hall,1.1090080820421715,0.946509958581914,1.0312769176512397,0.98287214128244
457,Kitchen happy,Linda Hall,0.7967882686849936,1.0333388697308965,0.9174092386706504,1.0862163409357004
458,Now lay,Linda Hall,0.8947801858935406,0.8115915589321486,1.0913002022489189,0.9390988893533989
459,Nature of low,Linda Hall,1.075896709579988,0.904675529099292,0.8909248310409181,0.9332339854924816
460,Push,Linda Hall,1.0793249693629048,1.0612679125460598,0.934729637765129,0.9316729814873974
461,Idea president,Linda Hall,0.8234084926027834,1.0461249880259924,1.032249806980425,0.9340345590407506
462,Half sell thus,Linda Hall,0.9593360646223683,0.870363376664506,0.824461280120596,0.8736646837421285
463,Win child rest,Linda Hall,0.9831667439955709,0.9579250715428915,0.9309695357164016,0.8440367534876431
464,Whose voice,Linda Hall,1.2657610744292833,0.9294706290256267,1.0498452406781147,0.9702338721005566
465,Idea suggest,Linda Hall,0.9631315703192596,1.0645133898047883,0.989662040796639,0.911991564702929
466,Carry from,Linda Hall,0.9212652599448202,0.9569553298245954,1.0331193541355181,1.0278156931427167
467,Other media,Linda Hall,1.0271250538614463,0.9770973120011238,1.0795917484845254,0.9986965916849995
468,To almost,Linda Hall,1.0120027552319573,1.124682294792579,0.8442173866376638,0.9339512844592488
469,Account news,Linda Hall,0.9321468349462132,1.0273031531362176,1.0673400217855462,0.9335270749706429
470,Arm finally,Linda Hall,0.8839726369569848,1.0129289727141868,0.8520176174067327,1.0116183582350073
471,Other dream,Linda Hall,1.0850143327159856,0.8565501901881684,1.0347385757178724,0.9671407157165014
472,Record series,Linda Hall,0.8478083266800476,0.9149302601689523,0.9187446436085396,1.0035515551715868
473,Between,Linda Hall,1.1925722278886526,0.8378518751014499,0.9742356099691832,1.0213765459686732
474,College high,Linda Hall,0.9055685707463648,1.0484288360564407,1.0407708774405755,0.9157098620836721
475,Leave whether,Linda Hall,0.8756491767980265,0.923468875781781,0.963180682220987,1.0349692986466665
476,After rock,Linda Hall,0.9373713100273987,1.0601109969206859,1.070775750232655,1.1224358264459982
477,Buy return,Linda Hall,1.036054347163806,0.9375946667928958,0.9630600358211425,0.924993603403311
478,Near west,Linda Hall,1.1453827039883349,1.0413028595638592,0.9632387981862814,0.9747112326791093
479,Moment success,Linda Hall,1.1179264323704636,1.0700208994735791,1.0387069393025663,0.8726427919543053
480,Art state,Linda Hall,1.104057045913446,0.8991584147889482,0.9731512498462787,0.9360812818651774
481,Outside,Linda Hall,1.0810166727758563,0.8580333268394477,0.9823111571711756,1.1163241327360705
482,Goal worker,Linda Hall,1.242325557068487,1.0814501015670963,1.0124463840767681,0.9925879705275589
483,Truth maybe,Linda Hall,1.2107352407517098,1.0931963844980959,0.8716795850140303,1.0833050239248019
484,Adult simple,Linda Hall,0.8433175053409604,1.0760170584092024,1.01455252426794,1.0325578961770283
485,Own finally,Linda Hall,1.034837819327441,0.940673046120525,1.1215970607104413,0.8741106818709646
486,Always option,Linda Hall,1.0768579754820553,1.1226428405667386,1.0773151037397535,0.9460262529987475
487,Difference,Linda Hall,1.2006116796147823,1.0346363812120414,0.9892295466840526,0.8753912037019207
488,Film its,Linda Hall,0.9716026662607353,1.1630804882777417,1.1569252457649986,0.8563576252677998
489,Option fall,Linda Hall,0.9800285225553933,0.8518756659776401,1.1573657682072305,1.1233107537287903
490,Too study,Linda Hall,0.9566317831883892,1.0270466651745414,1.1292867303087668,1.120193553711126
491,Enter car,Linda Hall,1.032402614407703,0.8322763979501304,1.0104042671059845,1.0129835326893917
492,Like become,Linda Hall,0.9563011250936,1.0066239055418023,0.9684864719502345,1.0286754671586589
493,Common later,Linda Hall,1.1099332892441875,0.8526571266571981,0.9844881817030856,1.140508630828783
494,Great TV,Linda Hall,1.0221303055119983,0.9725742057027622,1.1055735865146583,0.9867723434417527
495,Try summer,Linda Hall,1.034349337463313,0.9022430726710546,0.9999492192299964,1.0230695430970416
496,Name cultural,Linda Hall,1.0975409761364148,0.9932505338355078,1.1142805044092308,1.0604081957557765
497,Marriage store,Linda Hall,0.9532194173884885,1.0377853214238624,1.153195166590102,0.8630685858803947
498,Son suffer,Linda Hall,0.93412095713723,1.1514194798708126,0.820294591838242,1.1011710149543086
499,Reason no else,Linda Hall,0.7851428452150466,1.1106919129743023,0.8521344798633729,0.983128933528204
500,Produce,Linda Hall,0.8509050886250332,0.8790266339957475,0.9058794156659316,0.9479976718981488
501,Happy nice,Linda Hall,1.081345841603857,1.0617654381616632,0.937824055268372,1.104748236208384
502,Congress start,Linda Hall,1.15534365750004,0.9441402987848195,0.8814434209087133,1.02834594699508
503,Pretty rich,Linda Hall,1.057696583601167,1.114497376567667,1.1888775910562837,1.014418444382136
504,Manager gun,Linda Hall,1.1192601019624642,1.0126968751774994,1.0830001014876933,1.0721923504417021
505,Including,Linda Hall,1.1542793936327707,0.998934819124434,0.8687996765493551,0.8522362845455816
506,Dinner story,Linda Hall,0.8359466194801253,1.0079339471838775,1.001554470670711,0.951844547101987
507,Language,Linda Hall,0.8561750108672861,0.9631847375920706,1.0447222910196867,0.9567133483743264
508,Idea range,Linda Hall,0.8254004083656991,0.8374849224354989,0.8838651804145763,1.1105381721790482
509,Guy star rate,Linda Hall,0.9581743626299117,0.9582145573526659,1.0913696239395676,0.9630095894615023
510,Gas property,Linda Hall,0.7628621702512098,1.0436646210030969,1.1388845851010403,0.9150609543170222
511,Nature product,Linda Hall,1.0587746213010627,0.8464494557799539,0.8890189908537327,0.8558813258839485
512,Process ten,Linda Hall,1.0011918517255856,1.140815063887061,0.9549501348585729,1.1986083923016135
513,Receive of,Linda Hall,1.211399180536759,0.8851687423332227,1.0407083327983977,1.0638697085453637
514,State blood,Linda Hall,0.919143102941294,1.0633453335950152,0.9270341661349947,0.9331498230481826
515,Approach blood,Linda Hall,1.0884371633664258,1.0381060888840872,1.0954823509610052,1.1326816012900156
516,Organization,Linda Hall,0.819638164832672,0.9677101542514582,0.968694958428919,0.9347202792214949
517,Business,Linda Hall,0.9787774970686158,1.1315216558097445,0.8912772154859948,1.1875429180100108
518,Throw should,Linda Hall,1.0335480428058368,0.7343388815460287,1.035497608661362,1.0110344861259688
519,Capital short,Linda Hall,0.940616190777555,1.049866585007172,0.9393168219552268,1.1772336138600867
520,Within,Linda Hall,0.9892517234740491,0.8511348209342444,1.179571670887662,0.8601993759454732
521,Product left,Linda Hall,0.9563404633407611,0.9169250831742535,0.9934825967245393,0.8316384317012933
522,Senior network,Linda Hall,1.1843702285131281,1.058181481769249,1.091103747788926,1.0487618907536302
523,Accept contain,Linda Hall,1.2114138397954388,0.8582952238439308,0.9949680938287271,1.0560730372764542
524,Each word,Linda Hall,1.1862220655955689,1.0256544040728484,0.9832340574553295,1.004791178513234
525,Significant,Linda Hall,1.0218631949728645,0.9251353862218561,0.7156566293272038,0.9815845115284325
526,Wrong surface,Linda Hall,0.9503619447841436,1.1715832441942684,1.0141136624095697,0.9947394112482787
527,Clear property,Linda Hall,1.0247160506236683,0.9608220899334394,1.0375938512281542,1.0277334544920191
528,Number people,Linda Hall,1.1108470682505691,0.881772926767673,0.8944066067109251,0.791214326217101
529,We half and,Linda Hall,1.0456900765693893,0.9201680247117285,1.1419815472269803,0.8767134394651797
530,Partner son,Linda Hall,1.0601446706952644,0.9646952540795009,0.8995542271137102,0.9280679080523353
531,Cold huge new,Linda Hall,0.9661184193186467,1.0619795699115904,1.149084994522309,1.0171296477538687
532,Break,Linda Hall,0.9819248676396904,0.8824999059652099,0.7534594300449222,0.9059443710277255
533,Accept office,Linda Hall,0.9834925786639878,0.9521739344746168,1.0163199265738154,0.9408970481872462
534,Television,Linda Hall,1.0885668916568387,1.006834374478059,0.8349590330346346,1.0232232043806262
535,Less heavy,Linda Hall,1.0028803657494114,0.9097813497223634,1.1746706022828162,0.971060546462298
536,Line able land,Linda Hall,1.0190962367298086,0.9939223808378042,0.9797644803637157,1.0083235448436894
537,Leave suggest,Linda Hall,1.089909300839741,0.9806807274933005,0.5999330821535341,0.9018416571953521
538,Voice social,Linda Hall,1.155231541329644,1.1866018106241092,1.0410870873286375,0.9608835183089657
539,Skin war,Linda Hall,1.113438302382042,0.8486525543985923,1.1047852424519005,0.9647488072521787
540,Part world,Linda Hall,0.9544239218755981,0.9594260201096629,1.0079711385242183,1.2063690929922322
541,Carry box,Linda Hall,0.8542210119238562,0.9110199121045484,1.035854342192861,0.8452066957842969
542,Place,Linda Hall,0.8008756129949883,0.9564758133106419,1.012290771588951,1.0022204232948038
543,Involve theory,Linda Hall,1.3004314336474296,1.1601278338968024,0.8520214683755352,0.962751567073044
544,Various down,Linda Hall,0.9529706644708681,0.9976208344746361,1.009281511719552,1.1095235012843594
545,Concern,Linda Hall,0.9112040347211517,0.8680191211732746,1.007823508071444,1.2423886527294032
546,Officer work,Linda Hall,1.1061602357570328,1.0034586242569707,0.9467076658000034,1.0415185259274304
547,Very remember,Linda Hall,0.8941777092412988,1.0072655149066945,1.0037818243609447,0.9714916728871057
548,Throughout,Linda Hall,1.0369770153263915,0.9163513184288402,0.9169601779064858,0.8387478302508709
549,They say hair,Linda Hall,1.164831671554777,1.074667378288808,1.096569126843518,1.0871019474249637
550,Case often,Linda Hall,1.089488729335121,1.1354033855628298,0.9192676422604866,1.1384281131234144
551,Show pattern,Linda Hall,1.039981186406813,1.0953634072078546,0.9918031008771773,1.0161421943071456
552,Already much,Linda Hall,0.9061576725025627,1.0324510306045733,1.214055770066975,1.1680089017752497
553,Science,Linda Hall,1.055438600085324,1.0462237081271712,1.1045958598977714,1.021153348014567
554,Public teacher,Linda Hall,0.9100085873088486,1.2371091072994829,0.9400005524722487,1.005259543230735
555,Alone,Linda Hall,1.030962043076623,0.8542734448668428,0.9369748219415174,0.9720102632040232
556,Less PM where,Linda Hall,1.1036066227417298,1.1236497141605124,1.2553928780610588,1.0988494755313791
557,Purpose within,Linda Hall,0.8561659297353313,0.9542928177816062,1.1654508197879023,1.0362136384723748
558,Effort agent,Linda Hall,0.7839193900576038,1.1241810817995694,0.9974114350438548,0.8846635004157194
559,Reduce hair,Linda Hall,0.9864626512162067,0.9913498760273153,0.9830134451351116,0.7732979303947489
560,Environment,Linda Hall,0.9569435856689104,1.1523628822226613,0.911652578598381,1.1791571267890513
561,Parent stock,Linda Hall,0.9291598158906499,0.99582852407914,0.8345634598812115,0.9664299110453137
562,Experience,Linda Hall,1.2949977225853035,1.0117042540116954,1.0942156993969026,0.9603536890825332
563,Present rock,Linda Hall,1.0212414061037853,1.06831641906721,1.0023189360828202,0.9423931004453693
564,Cold month,Linda Hall,1.155125089972388,0.8980292834089968,0.995671839320832,0.8905134440832256
565,Thousand will,Linda Hall,1.031950021821846,0.9214653423176353,0.9492844598097357,1.0435818069941603
566,Poor loss do,Linda Hall,1.1498998906125604,0.8328975080326476,0.9733334645006532,0.9267963863529018
567,Not book,Linda Hall,1.024456538041218,1.0041062513012593,0.9728456660171159,0.9202384839920263
568,Look future,Linda Hall,1.0123479234153665,1.1400905015240337,0.9656835169595541,0.7802674214744997
569,Open,Linda Hall,0.9709153164585642,1.1662286396550068,1.1626572046452728,0.9609846755618442
570,Help soldier,Linda Hall,0.978774302248093,0.923547730938231,1.1580425560453977,1.0807097452728358
571,Near build,Linda Hall,1.0138647297402297,0.9076669856114761,0.9822172302149047,1.0434635965505927
572,Sea however,Linda Hall,1.1401269738300954,1.0005920385805758,0.972771140312762,0.9490670461796691
573,Among mother,Linda Hall,1.0259174408621956,1.1648565879250217,0.9484721175559006,0.9618834106814315
574,Ability,Linda Hall,1.18340952557406,1.1469280230860837,1.01824372406297,1.017314538951701
575,Power two,Linda Hall,0.9548700106906973,0.9524867412799308,0.9534699306775604,0.9307100847765317
576,Area for serve,Linda Hall,0.9513072899843855,0.9851090651766663,0.8808681318013749,1.0321777284991156
577,Big well adult,Linda Hall,0.9330677894155598,0.897839535425772,1.186384498204101,0.9888951174780191
578,Walk such,Linda Hall,1.0315114034361565,1.0010010806632188,1.0563581468700785,1.0626945026081251
579,Social find,Linda Hall,0.9635570048613651,1.035854874484167,1.0973506335134502,0.9035344160748444
580,National watch,Linda Hall,1.0042961783558764,0.9348910551595113,0.9012706182313609,0.9982828356709673
581,Region sport,Linda Hall,1.1138944451140873,1.102283998369565,0.9822752881849987,1.1297738336598824
582,Billion road,Linda Hall,1.0766063778567612,1.125942942071656,1.0151697615827804,1.0208912344431755
583,Avoid probably,Linda Hall,0.9906981866977008,1.039425581289949,0.7751269393218351,1.0822310567493811
584,Others another,Linda Hall,0.9520382236888784,0.9757219409919793,1.069934749987187,1.0510122144996905
585,Thousand beat,Linda Hall,1.2399624617125962,0.7966385856283104,0.9167561183264881,1.0343359633672413
586,Type,Linda Hall,0.890477981546432,1.2170843373529638,1.0358430848820626,0.913419235403875
587,How might that,Linda Hall,1.0140103361719524,1.0097123654587883,0.9948256606501573,1.053060367401091
588,Rule describe,Linda Hall,1.0095304091535644,1.0048383314166534,1.0479414180790119,0.9722787626472192
589,Sign,Linda Hall,0.8956054138662195,1.0043230615974663,1.12221466839685,1.1014652024834866
590,Exactly rather,Linda Hall,0.9051767818880007,0.934587417791624,1.0435340938287248,0.8737353342764256
591,You industry,Linda Hall,1.0407255960242814,1.0052448222170014,1.0005054813174994,1.0002118944872374
592,Series answer,Linda Hall,0.9837489298259902,1.0566854528119132,1.0689454227768234,1.1575395306909986
593,Something,Linda Hall,1.0753534182470224,1.0761799919712098,1.0276469663568502,0.9368788070442711
594,Fast amount,Linda Hall,1.0251492031060145,0.8962357851358371,1.1062328895654494,0.9040067134041445
595,Lay financial,Linda Hall,0.896599494111839,1.066950921227452,0.8711554703154645,1.1011323604809884
596,Fill area,Linda Hall,0.9316273832354308,0.9544364017703753,1.0114638589568425,0.9988633571027318
597,Establish,Linda Hall,1.0142159954169891,1.0919220958723168,0.8642053486741591,1.0204980482807136
598,Crime feel go,Linda Hall,1.0703214802134444,0.8257148344779431,0.9851416439916377,0.9969504113830622
599,Indeed news,Linda Hall,0.987351458446024,0.8325978955064194,0.9395632077358519,1.0296884930536983
600,Figure land,Heather Ruiz,1.0374278781531683,0.9178582032784677,1.0853105627266277,1.0027356779146146
601,Girl,Heather Ruiz,1.0340709406185116,0.9824188490147687,0.9148983190621128,0.8993537644734941
602,Something fly,Heather Ruiz,0.919475381774284,0.8768734347541602,1.0853859160695167,0.8944447502769459
603,Bit his,Heather Ruiz,1.2036251426247342,1.0100265214908983,0.9537917570197658,1.014582229743227
604,Under hold,Heather Ruiz,1.2712901047848,0.9648287058456565,1.1825171769631233,1.0179217136766117
605,End edge about,Heather Ruiz,1.0226152478966035,1.1374632692274012,1.0400141458112973,0.7281057163466638
606,Sport throw,Heather Ruiz,0.9126936395368009,0.9678995953757127,0.8510400904238637,0.9883082231363527
607,Her unit right,Heather Ruiz,0.9775428923354472,1.3356257253882582,0.8668931715566041,1.0311270571709767
608,Democrat role,Heather Ruiz,0.9669692932232585,1.0926545073551615,0.797902322644446,1.0317969556515936
609,Job,Heather Ruiz,0.9567847897085577,1.1923605010960368,1.0255022924085568,1.020921225628364
610,Likely here,Heather Ruiz,0.9497211633396456,1.1376980610025618,0.9972181015430907,1.0477690529103254
611,Good,Heather Ruiz,1.123561382628965,1.0798330439822892,0.8972116720869988,0.901907008317181
612,Morning remain,Heather Ruiz,0.881913587561616,1.0321340807668677,1.0086371774648097,1.0605954487519509
613,Picture would,Heather Ruiz,1.059294885942769,0.8781494442566717,1.1323350609617726,1.0003179204813615
614,Simply smile,Heather Ruiz,0.8572679544510573,1.051067225885677,0.9687230724898694,1.0756348182203448
615,Forget almost,Heather Ruiz,0.8760041359135514,0.9756397708587896,1.1457811781449538,0.9270508684793732
616,Idea cover out,Heather Ruiz,1.0762207810003754,0.8533321944260378,0.9401817873188733,1.0505057911041562
617,Office water,Heather Ruiz,1.0741747742535013,0.8928638448928432,0.9404243685100172,0.9386226861651307
618,Wait term,Heather Ruiz,0.996822567783651,1.1968572051529947,1.0530556926758667,0.9181976049635128
619,Popular lawyer,Heather Ruiz,1.2237163316538975,1.074215504780842,0.8139021154302861,0.9979223435634726
620,Herself bad,Heather Ruiz,1.0728163832317028,0.9856960234409616,0.9762335818407704,1.0433242159661356
621,Paper reason,Heather Ruiz,1.109782673618964,1.048811427021557,0.9558659689417645,1.058330626045013
622,Herself ahead,Heather Ruiz,1.183725098928156,1.035445440864001,0.9578265235063191,0.859110549436082
623,Wrong blood,Heather Ruiz,0.8601071163316971,0.9472993931839996,1.0521561583898016,0.9948321928134263
624,Across thus,Heather Ruiz,1.026539611064133,0.8914150597719857,0.9693492965557967,1.1032332066543005
625,Professor,Heather Ruiz,1.106375208197214,0.9309255780321198,1.0983561262382344,0.991656395493382
626,Strategy enjoy,Heather Ruiz,1.0592126574610086,1.1090580690517546,0.9321936460892917,1.1058385259067183
627,While he,Heather Ruiz,1.2835880154581458,0.9540012317111206,0.9360240426074441,0.9954058327928184
628,Talk some vote,Heather Ruiz,0.9883225644848823,0.8488406510566778,1.1082205686153739,0.838717991576847
629,Seat scientist,Heather Ruiz,1.0274924916768093,1.0993174960075467,0.9266162525044117,1.0421395556508988
630,Social through,Heather Ruiz,1.0794710333015578,1.105778197730165,0.8117542394138577,0.9129877784133884
631,Begin them,Heather Ruiz,0.9173620872933886,1.134840211022135,1.0290450488718972,1.0118093254961966
632,Which,Heather Ruiz,1.105087282869073,0.906522549864541,0.9066813887202705,1.0912941193580348
633,Break evening,Heather Ruiz,1.063252164622724,0.985769671931733,1.0629046848148596,0.9307648372992283
634,Suggest during,Heather Ruiz,1.1730224012671149,0.9515076963214351,0.9890581723083353,0.959205343606317
635,Industry art,Heather Ruiz,0.9187332792402623,1.0530868859892504,1.008615872984684,0.881332003310949
636,Property,Heather Ruiz,0.8537280126202474,1.0422099853159823,1.0106386126570024,1.1475403424224375
637,Few plan drug,Heather Ruiz,0.9348324807998138,1.0971201765488232,0.9639449782950198,0.9847001813951975
638,Room,Heather Ruiz,1.0921260210069634,1.2059073694753726,0.887580405171131,0.9102287071669262
639,Performance,Heather Ruiz,1.148976335774046,1.006975246160862,1.1314934675506898,0.9228839971527918
640,Thought those,Heather Ruiz,0.8817096054925605,0.980045180027305,0.9612533675157094,1.1310127348509833
641,Prepare,Heather Ruiz,0.8055059468788158,1.0257881714717723,1.2336841893922443,1.0828081719068605
642,Hope often own,Heather Ruiz,1.1202155274246786,1.0254015396382117,1.0061558858887696,1.0081477932882408
643,One billion go,Heather Ruiz,1.0841744552793446,0.9754832376349644,0.9046146432024905,1.0820772255520381
644,I chair,Heather Ruiz,1.0762722850354425,0.9001372550294144,0.906992957458467,0.9267056078056691
645,Again view,Heather Ruiz,0.9442067605754969,0.8335673053632647,1.0337481354181859,1.0625599602797757
646,Themselves,Heather Ruiz,0.8833883069426703,0.9746419417589348,1.1536338739933487,0.9212247013313882
647,Pay play,Heather Ruiz,0.8921674632452606,1.1506427579898917,0.9659318012838478,1.003521590127122
648,Father until,Heather Ruiz,0.8376695780178515,1.053729900349994,1.0517504541270766,0.9992904479617669
649,Cultural boy,Heather Ruiz,0.9590142503993695,1.0339566469572548,1.0504910927618254,1.013555697655983
650,Them five,Heather Ruiz,1.086197464711482,0.9791434353554871,1.1446652601421248,0.9785055798742593
651,Level near,Heather Ruiz,0.9018855583406985,0.7338081789607529,1.0533232600730442,1.1878815692911056
652,Respond that,Heather Ruiz,1.0338229578652172,0.9464634203919969,0.8642506132584393,1.0274208726730267
653,Door she with,Heather Ruiz,1.1742621524866537,1.055102640971438,1.1067434045556788,1.0021420853696374
654,Agreement risk,Heather Ruiz,0.8607923813203968,1.126894449140756,0.9751854567375842,0.9821060856360166
655,History where,Heather Ruiz,1.1574705781579695,1.178814709629833,1.1055545266992333,1.1228243055266087
656,Financial fine,Heather Ruiz,1.0143336311458335,1.0318461811124358,0.897226316388543,0.8327044192810465
657,Other on,Heather Ruiz,1.089171261920305,1.000983235847857,1.0037210028559196,1.067219706855439
658,Accept,Heather Ruiz,1.1536483674219213,0.9026777624788195,1.0858015219369357,1.0075228276027308
659,Beat pattern,Heather Ruiz,1.1234481668264296,0.9966899121548779,0.9606119919263669,0.9947422740885933
660,Painting rock,Heather Ruiz,0.9512786514424312,1.1356386989667018,0.9966594196031628,1.0394127304172007
661,Record,Heather Ruiz,0.9630412673575885,0.9206252505413361,1.0084072595992672,1.057947472213795
662,Develop nearly,Heather Ruiz,1.1992956194280842,1.0187703674696449,0.874122320072214,0.9566737182782007
663,About contain,Heather Ruiz,0.9527951621272092,0.774433647887332,1.1756532060891067,0.9242002354865926
664,Seat social,Heather Ruiz,1.0179875911179006,1.0818968823447879,1.0137804891445614,1.069585265520636
665,Hospital by,Heather Ruiz,0.8615451012690518,1.1530563867929895,0.8554004718189323,0.7840717603186407
666,Difficult ever,Heather Ruiz,0.847575765635062,0.8466664267851676,1.1088015117664727,0.8902225694920317
667,Part mother,Heather Ruiz,0.9677549845408248,0.9159821799088962,0.8885108388890883,1.1273206413486192
668,Land window,Heather Ruiz,1.0728907274119432,1.0250009681685814,1.0259025775243733,0.885878824065965
669,Mother,Heather Ruiz,0.8708084653276333,1.0532131242984373,1.0330796964656905,0.9841690656166253
670,Project window,Heather Ruiz,1.0137625534987333,0.9237819306195718,0.8298139498346417,1.0414368554225046
671,Again growth,Heather Ruiz,1.1668331955359894,1.1020519808024263,1.0009544198202305,0.8668557420403689
672,Avoid road box,Heather Ruiz,1.023659945831432,0.9040165899057735,0.9055208640342008,0.9761485411618767
673,Campaign,Heather Ruiz,1.0737300210743155,0.9396448138503538,1.1085419111505663,0.9869400542958815
674,General short,Heather Ruiz,1.1015236844845726,1.0879041062704284,1.1554128577108,0.915665843568391
675,Reality four,Heather Ruiz,1.1056848966459139,1.014566608990601,0.9276155807343509,1.0590949056282275
676,Over skill cut,Heather Ruiz,1.0757096994608515,0.9173930637131354,1.0892201378670128,0.9224560251822579
677,Community item,Heather Ruiz,1.0682222287307215,0.9622292578566303,1.0463523497692813,1.0606950491480658
678,Change throw,Heather Ruiz,1.0368725434915593,0.9420447311225608,1.2428274126335788,1.169879993155296
679,Fall sound,Heather Ruiz,1.0537445712304905,1.0044125419133754,1.3127226483847438,0.920419946718038
680,Time strong,Heather Ruiz,0.9470490030937008,1.0545611058623943,0.9133624665052664,0.9474581468455766
681,Thought,Heather Ruiz,0.9394548535183121,1.1536027692650919,0.9060302221840336,0.9233552377454096
682,Rate sometimes,Heather Ruiz,0.9767895381816782,0.9857260580638403,0.9333346714897837,1.036968965286107
683,Yard beautiful,Heather Ruiz,0.9623532239381981,1.0907447476920724,0.8998599681325398,1.0938041720634974
684,Center seek,Heather Ruiz,0.8027842003429108,0.9002998373972066,0.8059604465759886,1.074604036714213
685,Drug her fast,Heather Ruiz,1.0846854154755003,1.0081365997644227,0.7887026369545216,1.064839492165627
686,Yes affect,Heather Ruiz,1.0768549671987941,1.0737418964410352,1.063343005937593,1.076822357677533
687,Campaign best,Heather Ruiz,1.1828123805100679,0.915113731757282,0.9898924867173591,0.9031593624648858
688,Do none before,Heather Ruiz,1.1363156828861212,0.9477820334599211,0.974355657798025,1.0393293405972177
689,Late stay cost,Heather Ruiz,1.0173126778510018,0.9603650490433999,1.0846876297543167,1.1503611690145814
690,Mind or fish,Heather Ruiz,1.1271593300732283,0.9327614988196102,0.9193609629929058,1.020449101107828
691,May training,Heather Ruiz,0.9575846043185031,1.0451917221888825,1.0520456170689136,0.6911577465593727
692,Approach,Heather Ruiz,0.901612978246875,1.0353198113059523,1.041002286725679,0.8109280634332374
693,Government,Heather Ruiz,1.0057957240565762,0.9252146713448829,1.1137816944608403,1.0519414920771955
694,Program way,Heather Ruiz,1.0610159744455685,1.0254896020428101,1.1885941759094978,0.892901338987349
695,Could,Heather Ruiz,1.118966832669776,1.0469389657929327,1.0796082893426386,0.7846691889400121
696,Fact than yard,Heather Ruiz,0.9501720892272326,0.941378960690739,1.183928705153829,0.9725073889837497
697,Common new,Heather Ruiz,1.0285420127751321,1.0523371834031234,1.1252709676407089,0.9183927436736262
698,Investment,Heather Ruiz,0.9845569838294287,0.9994701794803449,0.9767997086835734,1.014438678550921
699,White sell,Heather Ruiz,1.0286868178263113,0.8578997181316548,1.0367954033320728,0.9560407743634027
700,Strategy,Heather Ruiz,0.8646422725611402,0.9865744337058739,0.9386712110269739,1.041022121154656
701,Mission,Heather Ruiz,1.0669079166842885,0.9843803710664102,0.8705533815491628,0.9418228125838104
702,Painting money,Heather Ruiz,0.896957608920367,0.9275257787971851,0.9494433829639998,1.0040593940318683
703,Live eight,Heather Ruiz,0.9572714079831954,1.0395382652993694,1.1239556050105053,0.9867327797942235
704,Heart expect,Heather Ruiz,1.0116492228376857,0.9658768711599189,0.8616956107681273,0.8523353666039828
705,Draw oil skill,Heather Ruiz,0.9528477175862278,0.9904750796269117,1.1747786785813805,0.9091961612752013
706,One city,Heather Ruiz,1.0727584310435005,0.9688803616905522,0.8175166066535942,1.1414684550283247
707,Nice,Heather Ruiz,1.0456768059121961,0.9652963837265033,0.9658903431698915,1.0872783275782802
708,College policy,Heather Ruiz,0.9140992940573274,1.2130282388611544,1.1168423643645538,0.945591604030257
709,Industry,Heather Ruiz,0.9643677658614284,1.0833652569192072,1.0594334982709575,0.9701375790087601
710,Here bed piece,Heather Ruiz,0.9776944724579845,0.9522625594270608,0.9087205397518561,1.0237765963501757
711,We cup ready,Heather Ruiz,1.084402641079565,0.8568586049202769,1.2214775886004552,0.9351307567614573
712,Recent to,Heather Ruiz,1.0436359459010038,0.9830019785977042,1.1158119780485949,0.8418013127019832
713,Time,Heather Ruiz,1.0622269259071333,0.8971321919369002,0.9062691451589763,0.9816338099020615
714,Central enter,Heather Ruiz,0.9311695441338839,1.073147992519628,0.8839023390629706,0.9119675184531532
715,Respond,Heather Ruiz,0.8778332906762988,1.128176294744931,1.049110462930355,1.007266050477281
716,Toward spring,Heather Ruiz,1.065041407365172,0.9060665766282601,0.9737849574328968,1.0800598667283976
717,Whole cell,Heather Ruiz,1.0120379144344631,0.8656487437343695,1.0379915767611387,1.0574389021299389
718,Voice through,Heather Ruiz,0.9723629734052878,0.9562065067101517,1.0670421604441915,1.0869058933802322
719,Teacher PM,Heather Ruiz,1.0973616928430856,0.9707433058613669,0.8319458186520545,1.0895615642461782
720,Almost you,Heather Ruiz,1.0158024037121143,1.031158855339065,0.9282260856254994,0.9948215564913414
721,Nothing vote,Heather Ruiz,0.9001564487962224,1.0122018032937388,0.9342381158039721,0.9504672661849083
722,Cup seven,Heather Ruiz,1.0369624848439687,1.0344581802627095,0.9968667299449324,1.050484184526068
723,Arrive so,Heather Ruiz,1.1476463453282875,0.9889001049839097,1.0670884984987123,0.8928296558407196
724,Drop program,Heather Ruiz,1.024438145654727,1.0523595109225214,1.1104252772786534,0.9859738198971889
725,Price morning,Heather Ruiz,0.9948582175666468,1.0337672434482874,1.0381543912445765,0.9472681567120231
726,Notice chair,Heather Ruiz,1.084239124322569,0.9918470393138326,1.1115892279232147,0.8824694611942339
727,Artist ok,Heather Ruiz,1.0576400075003631,0.9564441719867871,1.0011280484200855,0.9831870937345231
728,Wife risk,Heather Ruiz,0.8571582770919275,0.7248007053701488,1.1322216390280149,0.9060961879342005
729,Imagine doctor,Heather Ruiz,1.0585840192170337,0.8408624063165772,0.8622481202788997,0.8091024253568213
730,Center herself,Heather Ruiz,0.8583329941491369,0.9805038957222253,0.9603979939007026,1.0055905445751934
731,First simple,Heather Ruiz,0.9686973065186845,0.9731157937031318,0.9028506266919614,1.1601729110437222
732,Race write,Heather Ruiz,0.7173866890865599,1.1248010437186888,1.0395402313576037,0.9463776465983427
733,Program win,Heather Ruiz,1.0177886344151934,0.9788646647351792,1.0281858071023653,1.0147846053828395
734,Well why,Heather Ruiz,0.9458894531769777,1.0225537504065458,0.8015986591940684,0.8980581376471632
735,Family good,Heather Ruiz,0.8532308473548329,0.8245907204765172,0.9748799814289645,0.953291831321367
736,Important,Heather Ruiz,1.080378704498686,0.9873456919427821,1.0368589077708021,0.9505322697100685
737,Eat over,Heather Ruiz,0.9105812831963453,1.1243814989690761,0.930589516291109,1.2135303887124222
738,National less,Heather Ruiz,0.9129579954055536,1.0803824094428685,1.0093537409355895,0.8407560394829574
739,Action someone,Heather Ruiz,1.0982242873673356,0.9274927009571025,1.019366234446519,1.036194944003972
740,Social,Heather Ruiz,0.876018867323274,0.8265456156584445,0.9920300531438585,1.0295116042531818
741,Already avoid,Heather Ruiz,1.0679964685428673,1.0305068241578104,1.011229978736088,0.941689961310456
742,Control page,Heather Ruiz,0.9701237464701478,0.9858074564950525,0.856043466705786,0.8906958080800289
743,Rate college,Heather Ruiz,1.075339015645436,1.0787760355900249,0.9078629675496654,0.9397107167149874
744,Street not,Heather Ruiz,1.0944903363714713,0.940935280986347,1.1231603869595512,1.0436530655108032
745,Quickly,Heather Ruiz,0.9729346717960193,0.9596882607937366,0.9970353067313996,1.0380075126339006
746,Away same,Heather Ruiz,1.0428107545430276,1.0101077148740898,1.159865738832691,0.9895277781332907
747,Stock,Heather Ruiz,0.8615017121698364,0.8688514209240279,0.7945080517921896,0.891857987101479
748,Pass economy,Heather Ruiz,1.1257532304668325,1.120649641294453,0.9481929418611597,0.8299450197714274
749,Partner cup,Heather Ruiz,1.0570725000433954,0.8968438309995947,1.0887297788002965,0.8794484954812579
750,Week cover,Michele Diaz,0.8878081875676725,1.1174032670444136,0.9970905510215388,0.8391755627865325
751,Station,Michele Diaz,1.0283137353413663,1.02625610353859,0.8943924118380185,1.043718084393917
752,Write of,Michele Diaz,1.071591539419405,1.0478034531242133,0.7809222943229932,0.9773686064577463
753,Feeling,Michele Diaz,0.9388482478654939,1.0226076987291306,1.0183075226641216,0.882923945027897
754,Cost gas far,Michele Diaz,1.020400101023986,1.1449365090508914,1.014424319112079,1.0123468841395313
755,Money win,Michele Diaz,1.2556358612184952,0.9625741507852347,1.0644344154275363,0.7680512135435693
756,Response hold,Michele Diaz,0.9689694945625086,1.018162349665582,1.0139388909461267,0.9709769258461091
757,Myself,Michele Diaz,1.0489456817217875,1.1286873922213756,0.8777017751799783,1.016890841270816
758,Trial,Michele Diaz,1.0703494166888872,0.9924345444380784,1.040915137629395,1.0181835988213987
759,Seek culture,Michele Diaz,1.1097749073421743,1.1192494062113996,0.8869547321996667,0.798379737330312
760,Glass down,Michele Diaz,1.0442834702472557,1.0966522398865708,0.9795555085313208,0.9908121131276164
761,Discover tend,Michele Diaz,0.9591871113668231,1.008426867618469,1.0918622924786645,1.0418720593111306
762,Green spend,Michele Diaz,1.0160051237170704,0.9310831875259455,1.0568693071673299,0.9569814602490794
763,Gas generation,Michele Diaz,1.0701683204162245,0.856196923068038,1.0189215551683992,1.1980064341891352
764,Focus anything,Michele Diaz,0.9635018366928662,0.9212901419479325,1.0938618203738228,1.1067213887046095
765,Use create,Michele Diaz,0.8859256916432002,0.9168491675042781,0.9776146762247562,1.0060976551855534
766,Response enjoy,Michele Diaz,0.9745657439559094,1.1119253194093464,1.0973301142686207,0.9952509418288783
767,Best us on,Michele Diaz,1.044365677220689,1.0797194734036175,0.9322245351938474,0.9485714093141793
768,Language no,Michele Diaz,1.040014944839583,1.056555676200228,1.1876948170598856,1.0224521201400083
769,Light describe,Michele Diaz,0.8922390049944049,1.086316812627507,0.9069646311419273,0.9929120980449759
770,Bag including,Michele Diaz,1.0023168402514875,0.8246927807943418,1.0578201682396846,0.7892307522334076
771,Many beat car,Michele Diaz,0.9621463765480123,0.9580931042327526,1.0851391480813615,1.2165104234751583
772,Campaign use,Michele Diaz,1.0802802321250138,0.9247064928111038,1.0581951174688142,1.102096959509506
773,Serve order,Michele Diaz,0.8834559815057725,0.9138127776477507,0.8781548181145878,1.1263234531258963
774,Us six main,Michele Diaz,1.0273007735298598,0.9117321999148218,0.9100684566423788,1.172410710543527
775,Set stand add,Michele Diaz,0.8635595788761236,1.0854488699817089,1.0378623037045756,0.9858352680490617
776,Strategy,Michele Diaz,0.9380196955947182,1.1210711159996305,1.0209506650860785,1.0600133665391989
777,Wait often,Michele Diaz,0.8774685987637098,1.078257766639548,1.0722323520618477,1.0624442235399545
778,Baby agent,Michele Diaz,0.9694546319272339,1.2784874712843766,1.1126833552870572,0.9122730586127734
779,Way democratic,Michele Diaz,0.8990402911115462,0.9823526799525608,0.874357243649857,0.9323272005046539
780,Organization,Michele Diaz,1.1024236160868846,1.1813580019829262,1.0229224057476356,1.2080990397721683
781,Health,Michele Diaz,1.0441886458468475,1.0882471780308443,0.8426103444542096,0.809851976806083
782,My could loss,Michele Diaz,1.1121137534424357,0.995000073089957,1.0493671575799643,1.0047146744794957
783,Meeting rich,Michele Diaz,0.9190191108248482,1.1262033452728968,0.860251768108371,1.0084157513881815
784,Brother song,Michele Diaz,0.8925477908539029,0.8825624855033071,1.1924727253190273,1.0127461224691057
785,Fish heavy,Michele Diaz,0.9549621924929356,1.0305374255875013,0.9840612133115011,0.8536685661588618
786,Laugh myself,Michele Diaz,0.8659876719679273,1.1352710949639533,0.9458002578494752,0.8875689128039143
787,Event week,Michele Diaz,0.8784635021521463,1.01002623482865,0.9579444178181771,0.9386972427237923
788,Form career,Michele Diaz,1.147350207556783,0.9538300183950695,0.9680190816539984,0.9915271155557235
789,President seat,Michele Diaz,1.0988916115101002,1.1782137577243443,1.01011390559174,0.9754739600779464
790,Note our argue,Michele Diaz,0.9398056135723224,0.9926178548818597,0.9983416990073405,1.1385273947139052
791,Wonder but,Michele Diaz,1.0909255319466333,1.1132969144784706,0.8742000149922301,1.0570709778828324
792,Avoid worry,Michele Diaz,0.9259375917783627,1.0422378666601733,1.0208984682971125,0.9674956949960373
793,Scientist,Michele Diaz,1.0024639066935415,1.1707287014421026,0.9707751628091124,0.9879978958680375
794,Cover idea,Michele Diaz,0.8964094576923934,1.1144716835468844,1.0124301712535544,0.992603264044246
795,Serious others,Michele Diaz,1.0382804663915706,0.7675629528539707,1.0117653490254943,1.2636375506753712
796,Purpose bank,Michele Diaz,1.1097258417902536,0.9861527730475941,0.9972498252248847,1.0303006798172405
797,Ago remain,Michele Diaz,0.8812508680603812,0.8783886810596583,0.7624205713735313,1.0792691115757183
798,Window officer,Michele Diaz,0.9695218761267848,0.9163444184733971,1.1468540386109791,0.9974780995854012
799,Entire,Michele Diaz,0.9749399744747086,0.8663818542003279,0.93233820565945,0.9320098882127034
800,Prepare event,Michele Diaz,1.1225789975586247,1.029109006276402,0.9675866925393463,1.1241095246363115
801,Throughout,Michele Diaz,0.7317432301854059,1.07478975573746,0.8050070145598173,1.0122469921338038
802,Current,Michele Diaz,1.0795524163587569,0.9357018998430547,1.0776389601489351,1.0663089385293891
803,Player bad,Michele Diaz,1.0620290630435218,1.0412330704261665,0.9047093881209933,1.0313696644776722
804,Price,Michele Diaz,0.9987545476228513,1.044968045687041,1.0704083356392642,1.031421173231086
805,Official,Michele Diaz,0.9720464017757965,0.9776942431783107,1.1149821035902023,1.0293001650310623
806,As benefit,Michele Diaz,1.1303724928744436,1.0259826424164609,0.8198677693582938,1.0180847595622842
807,Raise letter,Michele Diaz,1.0258542184791972,0.9332613438498156,0.8485397222067914,0.8769951381815569
808,Product peace,Michele Diaz,0.8840937405412452,1.0050031097072998,0.9987243024703207,1.062420467785526
809,Seat cell,Michele Diaz,1.0118284978888534,0.8549098739245348,0.9322249632607267,0.9498413236801919
810,Gas gas,Michele Diaz,1.0316885615996332,1.064806751020443,0.9933138805518539,0.8674517426947763
811,Stock seem,Michele Diaz,0.9377521342034072,1.0402041663584045,1.0005586012767744,0.977490038848881
812,Stay view,Michele Diaz,1.0677081307202476,0.8699716307133328,0.9219651598979615,1.1185535509529514
813,Economic,Michele Diaz,1.0069359099339064,1.0137042385815025,1.071134373604502,1.1828979738135619
814,First home,Michele Diaz,1.137129252647234,1.0818864652107394,0.990769484915304,0.9758195969693524
815,Among blue,Michele Diaz,0.9201582718231025,1.0097802967018574,1.0502384996219647,1.0145911507327652
816,Only join,Michele Diaz,0.9631120211146936,0.9980488342928221,1.047742979290408,1.0880659966288513
817,Simple man,Michele Diaz,1.0251893226202355,1.130034165112649,1.118108256802713,0.9551816093572548
818,Those line,Michele Diaz,1.0899115861246003,1.141883750192822,1.1276916489809792,1.06591085050592
819,Animal onto ok,Michele Diaz,0.9279721043386003,0.9280531434355006,0.9693283974133496,0.8985190207070533
820,Group language,Michele Diaz,0.9972819605809544,1.0426220597867637,1.0093288523611048,1.1424493241086675
821,Thus official,Michele Diaz,0.9054994250095114,0.8738592904321894,0.9244189196115964,0.9779296678331719
822,Happy use,Michele Diaz,1.04121291703026,0.8555161823153752,0.9106147639318166,0.8886614157286593
823,Eight usually,Michele Diaz,1.0174517659355033,0.8829121642231706,1.0329998298899794,1.1081021247624543
824,Give every,Michele Diaz,1.010105961220957,0.9422025359271773,1.0073602955070489,0.8424794727145769
825,Nature already,Michele Diaz,1.0275301288754144,1.0667926291575187,0.9951405016483059,1.0272402692478497
826,Lead almost,Michele Diaz,1.1806650673675807,0.9637127366908914,1.0097363961766825,1.039625846334297
827,Teach board,Michele Diaz,0.8970683339105421,0.9004550817290013,0.982495665662851,0.9025748153987838
828,Public main,Michele Diaz,0.8825725150175663,0.9448102341891337,0.8697409033293999,0.7991185116226025
829,Speech item,Michele Diaz,1.1319430054861404,0.8533153939233746,0.9290166239631551,1.037973900561247
830,Front,Michele Diaz,1.116828640136872,1.045813286569056,0.7429363581224784,1.122267697820517
831,Although,Michele Diaz,1.0527781752960412,0.9646414368264697,1.1390422067776742,0.9921608545217001
832,Court evidence,Michele Diaz,1.0030505360487456,1.0185458160708198,1.2230233323697453,0.7970546031036855
833,Moment,Michele Diaz,1.0205410274229194,0.9102223949102163,1.0486965992253345,1.0113466026895068
834,Health impact,Michele Diaz,1.1397202847695034,1.1670482506710278,0.9652781471552253,1.0046393795514064
835,Drive certain,Michele Diaz,1.229822961010323,1.0095514503923706,1.0705500890348827,0.9844882136158158
836,None book,Michele Diaz,1.0617401125790318,0.8696518010663051,1.1082031544705275,1.0228125965464432
837,Good my,Michele Diaz,1.254664371447097,0.9770855488508418,1.1738229265841285,0.9637141184712077
838,Thing single,Michele Diaz,0.9846445730645671,0.976959643389961,1.0827114302181802,1.0924967548114588
839,Include give,Michele Diaz,1.1062019604444167,0.9976858896754238,0.7718250464479361,1.0420998352611244
840,There type,Michele Diaz,0.9127940196345186,1.0716946552222866,1.0481352336381438,1.0975492383335843
841,Reach party,Michele Diaz,0.9935231981847703,1.051983831085324,0.9059097202546709,1.051255684836295
842,Career music,Michele Diaz,0.9317563602567244,0.9439008035498653,0.8548979479926557,1.0467601178370678
843,Fire bag make,Michele Diaz,0.9291207124635861,1.1068201186397182,0.9450598824441427,0.9418274715480516
844,Mean would,Michele Diaz,0.9553159915214176,0.9284907659955319,1.0103642480991515,0.9060975254414756
845,Cost success,Michele Diaz,1.066615989169213,0.9529012758507538,1.0427364226065783,0.9816313504030323
846,High range,Michele Diaz,1.0860335641405543,0.925383484202534,1.073707859142639,1.0013085528589547
847,Mother,Michele Diaz,1.1292469551869224,0.9793125638046022,1.0820985587616132,1.039136171978728
848,Together,Michele Diaz,1.002692595943055,1.0070341870235353,1.0043964378260841,1.095271299189357
849,Some partner,Michele Diaz,1.206331129663893,0.8825047898328389,1.1114214494285943,0.9269988028074341
850,Seat red agent,Michele Diaz,1.0074262407734456,0.8776231086546874,0.8677060308232556,0.9996980207428859
851,Knowledge its,Michele Diaz,1.0659156695872514,0.9947875166129941,0.9611672076961415,1.0903443038578542
852,Consumer,Michele Diaz,0.9892142107379379,0.8153409621244564,0.9050184931247741,0.8754450991768883
853,One whose,Michele Diaz,1.1502185102809923,0.9424693344816318,0.9551566731159566,0.9360505342446501
854,Over challenge,Michele Diaz,0.9832929387334424,0.9359625438731298,1.1038418591760768,0.9670664592978736
855,Feel work,Michele Diaz,0.7876056199155221,1.024366480565595,1.054574504499685,1.062371727845838
856,Song my,Michele Diaz,0.9832186621360025,1.0890785212617304,0.8749664546742425,0.8291689550071358
857,Kitchen thus,Michele Diaz,0.9753592898903709,1.1243417263326498,0.8908352739092836,1.128417310114875
858,Never miss,Michele Diaz,0.8575038144202569,0.8976858881797529,0.7676856813023748,1.0756717046607909
859,Page occur,Michele Diaz,0.9371139066748999,0.9504389191001302,0.9985410496825434,1.006924956329854
860,Choose box,Michele Diaz,1.0164124819523443,0.993502565053737,1.1793318378143365,1.0650361346721695
861,Property skin,Michele Diaz,1.1063706617479943,1.0589556592242881,1.1212000149182064,0.9694971994492769
862,Dream relate,Michele Diaz,0.7485429219508228,1.0000221067560862,0.8645778006643998,0.9305484825178083
863,Body challenge,Michele Diaz,0.9974646113390424,0.9397794478516057,1.101480281533026,0.7351748795073942
864,Responsibility,Michele Diaz,0.9604213769666254,1.125470657560646,1.0034977426475182,1.0920346737450828
865,Exist know,Michele Diaz,1.1031551562279927,0.9545443414739853,0.9846912101542002,0.9853266582387479
866,Develop,Michele Diaz,0.9838504620985082,1.1199411720238481,1.0506506547701129,0.9776354429991672
867,Structure,Michele Diaz,0.9515927654386994,0.8282844944098827,1.0079082101466512,1.1052237730715773
868,Cut remember,Michele Diaz,1.0116590865209951,1.1275722679113762,0.9931133360592118,1.0219708709028106
869,Provide minute,Michele Diaz,1.0432307165176993,0.9951413821274054,0.8256073276796068,1.0070052710384412
870,Child kid miss,Michele Diaz,0.9303115701877707,0.9790102345508074,0.940323071734472,0.8993511114916739
871,Indicate fear,Michele Diaz,1.121178088097571,1.0656036363781298,1.0333926277081336,1.0973421697131602
872,Themselves,Michele Diaz,0.8200437516073814,0.9870154908512995,0.942732696141649,0.8340093786310137
873,Nothing hear,Michele Diaz,0.9667693982487408,1.0764934919207432,0.8692229680593526,1.0250081791177021
874,Factor sea far,Michele Diaz,1.0836652184553488,1.008933512718108,1.0401160238530516,0.9827365427298531
875,Security his,Michele Diaz,0.8828311258878547,1.0151591118355106,0.9736463932875136,0.9596931693708675
876,Few tax,Michele Diaz,1.0091741497609774,0.799347542007667,0.8942144168848579,0.9466446984728257
877,Board,Michele Diaz,0.9144035419163015,0.8568539057093509,0.8301267766536427,1.1157391314528964
878,Trial,Michele Diaz,0.9063996288465574,0.9963541724846643,0.9919940777305095,0.9009545553457613
879,Fish although,Michele Diaz,0.9452642434274068,0.9919143650876645,1.031457289187974,0.9902417288280829
880,Get able man,Michele Diaz,0.9911355074121743,0.8989580328520648,1.0048251768992145,1.1599492773424744
881,Occur mean,Michele Diaz,0.9752424506987155,0.9254726569996418,1.1723533794075018,1.0904006908043633
882,Beyond choice,Michele Diaz,1.009700166685167,0.7553255283765992,0.9153849711234078,1.0679528045034812
883,Other memory,Michele Diaz,0.9165727761834569,1.036019602823191,0.9168502584122009,0.8636374823640601
884,Property,Michele Diaz,1.0141636478908695,0.9862468672952337,1.1367218980920815,1.02011997534359
885,Very short,Michele Diaz,0.8832573418802002,1.0827969214718143,1.0622741439677237,0.7721582389632573
886,Near region,Michele Diaz,1.1497035424320563,1.0432361983909078,1.0010358673657456,1.134700055487976
887,Box purpose,Michele Diaz,0.8827614857947346,0.9455939390703204,0.9350963556041133,1.0968370790686945
888,Visit single,Michele Diaz,0.8719867683041512,1.0338997772728442,1.123857705002366,1.0756855463562351
889,Anyone best,Michele Diaz,0.9295697807758279,1.081620516190978,1.0259959511404482,1.1486913058885704
890,Beat project,Michele Diaz,1.0925220802059288,0.8650349789389329,1.0229708370898472,0.9014507772169382
891,Term there,Michele Diaz,0.999978702295363,0.9323685914470131,1.1238465781818574,1.2004100826133053
892,Crime law,Michele Diaz,0.7338268071256205,0.8890503979071159,0.8952156614340564,1.0375910850494723
893,Sister wall,Michele Diaz,0.8529694391289347,1.062319911582988,1.0380279384000224,1.046766473858927
894,Threat wife,Michele Diaz,1.0197678196642521,0.929519287947695,1.0179017288118775,0.9029622126260368
895,Ok option,Michele Diaz,1.1108949012648084,1.1122790822951236,0.9476893228668797,1.0926778852685386
896,Choice wrong,Michele Diaz,1.005954494128664,0.9193950193445714,1.0203194719001663,1.0138107025896674
897,Prove few,Michele Diaz,0.9583127485804207,1.0828043625815984,1.0196446392992833,1.1998419698914047
898,Measure coach,Michele Diaz,0.9037480400645095,0.9826670651955949,0.9322465157480849,0.9538461891360964
899,Task run write,Michele Diaz,1.0064489851430918,0.9455931279829055,1.1146724430611819,1.1107909915145937
900,Let money test,Kristina Parsons,0.8816616442633373,0.9439011515500328,1.071328885807714,1.1739870411394042
901,I else off,Kristina Parsons,1.0473743721081554,1.1042380071343858,1.1168844826969742,1.0983149045578853
902,Doctor sign,Kristina Parsons,1.0110104313227082,0.9433319840465704,1.110410392308219,1.0163606263631575
903,Sit suddenly,Kristina Parsons,1.0215314639108686,0.9067803184823583,0.9842415136877092,0.9225422077434968
904,Woman summer,Kristina Parsons,0.9811926044055264,1.0265832081598245,0.8806991714869268,1.0842906461421205
905,Generation,Kristina Parsons,1.0137577035388396,1.0115135617744833,0.9129755804668246,0.9895714279557047
906,Could new,Kristina Parsons,0.9289885978876162,1.0309028749211255,0.9875647878854085,1.0550060792245777
907,Part cold note,Kristina Parsons,1.1652718487702343,1.0344919796116576,1.097346874695943,0.9769295402915699
908,That simple,Kristina Parsons,0.9873397955294354,1.1733626936616846,1.0182718368806907,1.226179017761999
909,Technology,Kristina Parsons,1.1577718765796792,1.0888007891893883,0.8678038921201298,1.0288010416027566
910,Authority,Kristina Parsons,0.8953727097596994,0.977580676801498,1.0000338119029564,1.0882193793897659
911,True prepare,Kristina Parsons,1.0345777930459867,1.0110656946991896,0.8321817494816496,1.1807820244698433
912,Great,Kristina Parsons,0.8853173775598604,1.039372850962946,1.1302198546437345,0.8714519855882372
913,Least police,Kristina Parsons,0.9586722492725704,1.0414038560310306,0.9469053583673627,0.9672466360406157
914,Scene dog,Kristina Parsons,1.06755884182993,0.9555150419951213,1.135250915983608,1.1077261546876296
915,Under food,Kristina Parsons,0.9818289523350643,0.9486735531858176,1.1494750079296816,0.930908016492095
916,Truth,Kristina Parsons,1.0700866176959123,1.0748080316213964,0.8725934460911596,0.931614651997376
917,Office light,Kristina Parsons,1.0714802896578728,1.156301738892061,1.015821491892401,1.1196764899005318
918,Very house,Kristina Parsons,1.0980693654289908,0.93084788560228,1.1098825612458136,1.1567649707897936
919,Above feel,Kristina Parsons,1.151580519887346,0.9589159542764373,1.0350965088663093,0.9998444911622877
920,Beyond range,Kristina Parsons,0.8545936091506454,0.9286553025406749,0.9820413726646172,1.1399140767240739
921,Population,Kristina Parsons,0.9967775538963998,1.054287112441984,0.9139763665384817,0.8270652727350134
922,Author within,Kristina Parsons,0.8962667166232849,1.2253105137918945,0.8296758007109392,1.029431404167844
923,Point option,Kristina Parsons,1.0607844283687597,1.1036305920171559,0.8042849170288471,0.9857065376593452
924,Production,Kristina Parsons,1.1297628645358258,0.8329662620197307,0.8559253827809747,1.0664298837007573
925,Week song tax,Kristina Parsons,1.1014577979688263,0.9861179447859824,0.9981820082035029,1.0728722306307799
926,Why reason,Kristina Parsons,0.9464437130481665,0.8789399474796248,0.8761630386372091,1.050797693173006
927,Several,Kristina Parsons,0.9459012316863523,0.9653325061523211,1.1952773071432479,1.0976125378542778
928,Change choose,Kristina Parsons,1.1488239087247611,0.9851546401428084,0.9939584536436694,1.0132739888543953
929,Local skin,Kristina Parsons,0.8639514514158885,0.9066012277475222,0.9912669918700755,0.9553339547045442
930,Painting deal,Kristina Parsons,0.879257365811255,1.137262315164997,1.1151909093635322,0.9278667955525296
931,Because now,Kristina Parsons,1.1650461355604036,0.9860720731179324,0.9923377108400623,0.9252300476759256
932,Ever smile,Kristina Parsons,0.9839472241875089,1.046180210066244,1.166436080257028,1.0373637964293527
933,Expect simply,Kristina Parsons,0.9344743020208159,0.8503777287783266,1.0211116319646305,0.9945892403825832
934,Perform,Kristina Parsons,0.9560194927503459,0.8677230084500396,0.8979564483714617,0.9923147900752871
935,Help be pretty,Kristina Parsons,0.9999411044684432,0.7839267302668809,0.8331904094430709,1.0088428826320015
936,Consider admit,Kristina Parsons,1.1361900847361215,0.9642493487176096,1.3105564620748598,0.9290842729714001
937,Without attack,Kristina Parsons,0.8177952120802959,0.8330570180646775,0.9208354750223818,0.9272362693332751
938,War race visit,Kristina Parsons,0.9382050302959999,0.9981612128050147,1.112567233912967,0.7521615429605263
939,Region past,Kristina Parsons,1.0529680524906295,0.8685204691128853,1.0577422484694123,1.0217150854382735
940,Present parent,Kristina Parsons,1.0177696171419863,0.988994992782661,0.9952421164333982,0.9456533782237924
941,Administration,Kristina Parsons,0.9288047912889108,1.026392492983229,0.9000159748679842,0.9939646676940642
942,Against amount,Kristina Parsons,1.0733593541133635,0.9569512431599027,1.0648421714566803,1.0626090403218527
943,Section,Kristina Parsons,1.2453691223097494,1.1476004814784986,0.9039255120040418,1.1156906947061453
944,Career today,Kristina Parsons,0.9412700445391937,0.8856036691844307,1.0422711607296407,1.0738768745090677
945,Why fear,Kristina Parsons,1.1885322899313122,0.8451017955029854,0.9780370182309536,0.8838953664537352
946,Lawyer prove,Kristina Parsons,0.9128380138600465,1.0810872427620337,0.884558210638523,0.9656131568596884
947,Allow else,Kristina Parsons,1.109121322951827,1.0319983567976019,1.0436069826754848,0.9188089705309613
948,Pull country,Kristina Parsons,1.0094844387773443,1.092746351768559,0.949549187997033,0.8859394280518327
949,Few become,Kristina Parsons,1.0147063904869322,0.9979280256771672,0.9469529249719242,0.98813752853967
950,Degree deal,Kristina Parsons,1.0246561204810936,1.0053770216192823,1.0357771570201753,1.03566113634884
951,Executive,Kristina Parsons,1.0238736852644803,0.9219770696959987,1.029357017692546,1.0384189628751415
952,Question,Kristina Parsons,0.9436593507690672,1.0585570555855048,0.878326321054672,1.0376799488859787
953,Represent,Kristina Parsons,1.0373695506296012,0.9898720512938118,1.0044568793062365,1.1414866210481152
954,Here side,Kristina Parsons,0.9470965538285648,0.9589340018662535,0.906036661650457,0.9781201116277033
955,Early leader,Kristina Parsons,0.8469049622540251,0.9388052148978915,1.1275564247907928,0.8521880534959534
956,Local group,Kristina Parsons,0.9965354819632737,0.942056025324,1.061692699016855,1.063758444799796
957,Speak rather,Kristina Parsons,1.0516684487397572,0.9989492227903178,1.0855888546337418,0.9125712991175278
958,Dog share,Kristina Parsons,0.9439251529316304,1.17457274183448,1.0202826154869717,1.1763116913175342
959,Anyone need,Kristina Parsons,1.079467708540104,0.9421945013583909,1.0300469850612308,0.9954980750996707
960,Network offer,Kristina Parsons,1.1405550740613613,0.9648505613949749,0.957006232698297,0.8965106632004247
961,Everybody no,Kristina Parsons,0.8916453229858989,1.154827732967237,1.0118835628838185,0.950189793022856
962,Political yeah,Kristina Parsons,0.9925170507289363,0.9415508655298067,1.002615233901727,1.0568431370461204
963,Then follow,Kristina Parsons,0.9194610980779785,0.93081757081979,0.9436056856882432,0.9429437202841741
964,When end,Kristina Parsons,1.0493073617242525,1.0715381562208544,1.0333952072243253,1.0616681768003342
965,Affect vote,Kristina Parsons,1.0827621265421792,1.085587492195226,0.9733462645012064,1.0089374068659838
966,Never rest,Kristina Parsons,1.2055349140845653,0.954268711680312,0.8356705895237933,0.9619261150037324
967,Middle present,Kristina Parsons,1.1662723413579832,1.0498633242120519,1.0395755734206924,1.0152557816853758
968,Place wind,Kristina Parsons,0.939048205730905,0.9299880833949085,0.8901047493086225,1.123484219154049
969,Though feeling,Kristina Parsons,0.9760162946967126,1.0110232691515209,0.9647611360366491,0.8659359456093588
970,Training,Kristina Parsons,0.9566865778373208,0.8277809811616448,1.0831257437645605,0.8341119935945114
971,Machine,Kristina Parsons,0.8806569926140209,0.9971620836752542,1.0950342863160014,1.3025536117439633
972,Stock than use,Kristina Parsons,1.0827111036824912,0.9944009846067664,0.844397322312769,0.9597818329524157
973,Certain board,Kristina Parsons,0.9972252460176734,1.0568089156493095,1.0332834980129688,1.126081037582536
974,Sense space,Kristina Parsons,0.9218345306389297,0.9207085583434409,1.0221527283403724,0.9177540461262989
975,Authority,Kristina Parsons,1.0006990522779118,1.0398714782188203,1.0412075093565154,0.9609707764663289
976,White age,Kristina Parsons,1.1019536876035951,1.0216808062453633,1.181172860067536,0.9521692165589115
977,Hospital,Kristina Parsons,1.0094745660584519,1.0497173083754348,0.9503387662894,0.9473294079202658
978,Live garden,Kristina Parsons,0.7655842436796669,0.9022623919399181,0.9108467661720951,0.9016214363094162
979,Bit church,Kristina Parsons,1.1060368423256868,0.9736104733742289,1.0889391348655568,0.9541623415182163
980,Together,Kristina Parsons,0.89358641829043,1.243137877201184,1.1031185956729117,1.0113437589039118
981,Heart lawyer,Kristina Parsons,0.8480426525799732,0.8323652216688877,1.0773887969284073,0.8930366886539399
982,By less hotel,Kristina Parsons,0.9895137011526013,0.956964227391244,1.1165711703345094,1.003749386932434
983,Brother member,Kristina Parsons,1.1077745254328104,0.903687414444335,0.9531913174381369,0.8912320943016775
984,Sound five,Kristina Parsons,0.7793245877546009,0.9105938075791878,0.9010507967721877,1.0199057029167289
985,Both customer,Kristina Parsons,1.0836261127628963,1.1234008114003295,1.0073287358080574,1.046955604104191
986,Turn focus,Kristina Parsons,0.8941068483318239,0.8955750142300682,0.8241181213140963,0.972713164976063
987,Understand eat,Kristina Parsons,1.056356601872601,0.9251496988543394,1.1718030961697006,1.0139486953270713
988,Language,Kristina Parsons,1.1301031415881968,1.1269739866002404,0.9784814754792132,0.9771773587613524
989,Help often,Kristina Parsons,0.9321777685997403,1.0149799851606034,1.213225312423369,1.1293710357491162
990,Economic city,Kristina Parsons,1.1594922145098006,1.2184569546448176,1.1848903599482505,0.9598277237514211
991,Method his,Kristina Parsons,1.0304790197028502,0.9397991106598549,0.8901056572696836,1.0680579240942496
992,Theory buy,Kristina Parsons,1.0091468877056446,1.114181161997251,1.082473632044635,0.9509884574705295
993,Only whose,Kristina Parsons,0.9056868483927922,1.0321469456860606,1.0801057676155978,0.8986929852671384
994,Anyone home,Kristina Parsons,0.9320252198281608,1.0465041517536495,0.9862524996993626,0.9217107050425556
995,Minute quickly,Kristina Parsons,0.855604751120469,0.9650857136141142,0.9172325709725513,1.1371424375178942
996,Sister,Kristina Parsons,0.994037884452704,1.1454390840298245,0.9970009305644874,1.0780597313896743
997,Able find wish,Kristina Parsons,0.8833868021986976,1.022763604064947,0.9343309996244322,1.0360489396662331
998,Shake high,Kristina Parsons,0.8998211019431273,0.9599427739181801,0.9666926967072289,0.8949952522289922
999,Or staff,Kristina Parsons,1.0194848999378558,0.9218547372041114,0.896103069240931,0.827863412248455
1000,Role something,Kristina Parsons,0.9652450264437238,1.0465012729449223,0.9884268878913126,1.076526739191564
1001,Sometimes tree,Kristina Parsons,1.0215862529034343,1.1105840586635725,0.9372360607129434,1.0218922882337598
1002,Security,Kristina Parsons,1.0481838402478842,0.8638731090501357,0.9326482823043329,0.922338941752134
1003,Agent glass,Kristina Parsons,1.0753516494954445,1.0689556114667937,0.8408785597412989,0.9747957883327754
1004,Weight against,Kristina Parsons,1.1163961638418805,1.002240513604242,1.0406068912269457,0.9640792169910158
1005,Majority kind,Kristina Parsons,1.1112436822321838,1.0830269655078169,1.2812821683008653,1.0641952219156792
1006,Push movie,Kristina Parsons,0.9606366079043485,0.8914910755046797,0.9422404793923864,1.0032470156003204
1007,Above,Kristina Parsons,0.9403909895003435,0.9464982863718118,1.0553385677268592,0.9505038736106936
1008,Career of,Kristina Parsons,1.2053319768905408,1.0344126196963046,1.0476310168821077,0.9431766546024924
1009,Every former,Kristina Parsons,1.0783125491044587,0.9258373608902964,0.9157558321457233,1.1156566723598311
1010,Difference,Kristina Parsons,0.9842806129722925,1.130955692532829,0.9704625161671698,1.0948325897419104
1011,Different,Kristina Parsons,0.9919143689807283,0.9941784413902198,0.9699087545610486,0.9730388068947433
1012,Already seek,Kristina Parsons,1.1031885025261339,0.9672655090062915,0.9873435623125428,1.0688982795594062
1013,Measure every,Kristina Parsons,1.1530380307686787,0.9814787495964387,0.8717249378753262,1.018468718552312
1014,Fine rule our,Kristina Parsons,1.1099024684236665,0.9492407292346248,0.9422249254275092,0.9366947684219337
1015,Position fear,Kristina Parsons,0.9193216692975067,0.9936305972248772,0.9112473938324956,1.038003226876403
1016,Clear land,Kristina Parsons,1.0016013814704205,1.2160919288325749,0.9863323236847492,1.0368070180574616
1017,Blue trouble,Kristina Parsons,1.13499872458624,0.8107628129029179,0.885265142409283,1.2348229461149254
1018,Today agency,Kristina Parsons,0.9004654478200165,0.9400123527973692,1.0385174857207018,0.8236716947295581
1019,Arm pattern in,Kristina Parsons,0.9419506898907127,1.1109926894700115,0.9682258420439644,0.9195380988098616
1020,Rich,Kristina Parsons,1.0109120813649661,1.1929027842456414,0.9447877945095902,0.9684143720495474
1021,Break employee,Kristina Parsons,1.0477609142681248,0.9684434138983908,0.8688019324963077,0.9649717739769947
1022,Want yeah,Kristina Parsons,0.9361540391983706,1.1478116867174406,1.0664047081813242,0.9660369440470956
1023,Ground base,Kristina Parsons,1.04540675209974,0.9924210910624536,0.8445552867500101,1.0395474098521602
1024,Improve meet,Kristina Parsons,0.9395318066910722,1.0768942720990935,1.1413728457683332,1.0403403041140562
1025,Cold single,Kristina Parsons,0.9441313516630426,1.024091130676444,0.9206490662838249,1.1082501816729373
1026,Room different,Kristina Parsons,0.9911656723103605,1.0771774935385112,1.0669127458827192,1.001103111178459
1027,Smile less,Kristina Parsons,0.8774799969791771,1.0173611307128951,0.9232350091322002,0.9601772540447628
1028,Vote sport,Kristina Parsons,0.9158012081369851,0.9386431530603291,0.9027097725291214,0.912611717812275
1029,Research leg,Kristina Parsons,0.9073116830636436,0.9576695971858334,1.1496154492916781,0.8843684346600815
1030,Organization,Kristina Parsons,0.9394527620801948,0.7332566457797715,1.047358407375995,1.0147459856301915
1031,Economy trial,Kristina Parsons,0.9583002153116988,0.9485085248662715,0.8776594582128703,1.0021620570284768
1032,Scene check,Kristina Parsons,0.961999323279213,1.0815397757887095,1.0419436741592538,1.048523928803492
1033,Man range sort,Kristina Parsons,0.9526697167281386,0.9007340482733387,1.0986531296699624,1.052393382033061
1034,Administration,Kristina Parsons,0.9858862692660355,0.9925705126155407,1.1452586974145047,0.9689253409127689
1035,Expect space,Kristina Parsons,1.069435451320536,1.040223835856182,1.1031800364509838,0.9765305029390607
1036,While than,Kristina Parsons,1.1368397691371352,1.0988199724307302,1.016767673654821,0.8089045678056911
1037,Oil movement,Kristina Parsons,1.0188349745043617,0.9930387651761315,0.9639965589854981,1.0206540599613343
1038,Defense teach,Kristina Parsons,1.1182943839020176,0.9003737426571241,1.0063093001125696,0.9590325291286058
1039,Small view gun,Kristina Parsons,1.0217799702319683,0.9549825995350327,1.002060210018992,0.9534516954988957
1040,Nation arm,Kristina Parsons,1.050537940051263,0.8384186879784311,0.9572947367378419,1.2394992178454824
1041,Hold year eye,Kristina Parsons,0.969256621766432,0.9095608282157459,0.7871772107994992,1.0730690793595161
1042,Back manage,Kristina Parsons,1.0123675901276077,1.2256258796877049,1.0424578345123954,0.9068174449367397
1043,View challenge,Kristina Parsons,0.9612717499156112,1.0531589981809797,1.1131705520032515,1.0103574847267125
1044,Bad,Kristina Parsons,0.8870483938001035,0.9602569905348352,1.129791643924206,1.1114788328242524
1045,Happen trip,Kristina Parsons,0.9579951483485617,0.9790260879400291,0.9469040956114365,0.8549543931921837
1046,Business night,Kristina Parsons,0.9262462078436953,1.249290382928613,1.0989573830562542,0.913469320844027
1047,Follow,Kristina Parsons,1.0905940437675659,1.1319175024792059,1.109606054052403,1.0775624463817612
1048,Assume line,Kristina Parsons,1.1512504548455647,0.9406962861886491,0.8470674671123224,0.9659076764480672
1049,Mouth deal,Kristina Parsons,0.9800380189439643,0.9122801942820022,1.032310545579067,0.8912225766037969
1050,Let money test,Jason Phillips,0.8816616442633373,0.9439011515500328,1.071328885807714,1.0165230461996506
1051,I else off,Jason Phillips,1.0473743721081554,1.1042380071343858,1.1168844826969742,1.0402882344314757
1052,Doctor sign,Jason Phillips,1.0110104313227082,0.9433319840465704,1.110410392308219,1.0810584667822092
1053,Sit suddenly,Jason Phillips,1.0215314639108686,0.9067803184823583,0.9842415136877092,0.9354923622657778
1054,Woman summer,Jason Phillips,0.9811926044055264,1.0265832081598245,0.8806991714869268,0.8541599158262599
1055,Generation,Jason Phillips,1.0137577035388396,1.0115135617744833,0.9129755804668246,0.8295374357673515
1056,Behind ahead,Jason Phillips,1.1169887226547501,1.0283359322226535,0.9889035991915277,0.9585348808732018
1057,Participant,Jason Phillips,0.9787566016891525,1.0224864496678259,1.0408735397369173,0.8414031310755467
1058,Dark sea world,Jason Phillips,0.9333034809839716,0.9964446998050325,0.8598038944429979,1.0795713320054086
1059,Light care,Jason Phillips,1.1007652998398134,1.048997306699701,1.098365951270149,1.0268157824816855
1060,Authority,Jason Phillips,0.8953727097596994,0.977580676801498,1.0000338119029564,0.9670553040560141
1061,True prepare,Jason Phillips,1.0345777930459867,1.0110656946991896,0.8321817494816496,1.0522807665296303
1062,Great,Jason Phillips,0.8853173775598604,1.039372850962946,1.1302198546437345,0.8719347835008221
1063,Least police,Jason Phillips,0.9586722492725704,1.0414038560310306,0.9469053583673627,0.9701412710799625
1064,Huge,Jason Phillips,1.0778055105026603,1.0058209787994568,0.9564657630945901,1.0256158926751608
1065,Under food,Jason Phillips,0.9818289523350643,0.9486735531858176,1.1494750079296816,1.066779098650333
1066,There travel,Jason Phillips,1.0607365447968187,1.2042655525231607,0.7938719390276509,0.9204485661361185
1067,Office light,Jason Phillips,1.0714802896578728,1.156301738892061,1.015821491892401,0.8553469411101009
1068,Very house,Jason Phillips,1.0980693654289908,0.93084788560228,1.1098825612458136,1.0846761933852846
1069,Above feel,Jason Phillips,1.151580519887346,0.9589159542764373,1.0350965088663093,0.9604637605741345
1070,Beyond range,Jason Phillips,0.8545936091506454,0.9286553025406749,0.9820413726646172,0.9073528198330615
1071,Population,Jason Phillips,0.9967775538963998,1.054287112441984,0.9139763665384817,0.925430940134456
1072,Author within,Jason Phillips,0.8962667166232849,1.2253105137918945,0.8296758007109392,0.9428960768955742
1073,Point option,Jason Phillips,1.0607844283687597,1.1036305920171559,0.8042849170288471,0.9762245111418891
1074,Production,Jason Phillips,1.1297628645358258,0.8329662620197307,0.8559253827809747,1.1181364925232584
1075,Week song tax,Jason Phillips,1.1014577979688263,0.9861179447859824,0.9981820082035029,1.037348790951356
1076,Why reason,Jason Phillips,0.9464437130481665,0.8789399474796248,0.8761630386372091,0.8260244017967753
1077,Wait often,Jason Phillips,0.8774685987637098,1.078257766639548,1.0722323520618477,0.9767818909558615
1078,Change choose,Jason Phillips,1.1488239087247611,0.9851546401428084,0.9939584536436694,0.9592494510069172
1079,Local skin,Jason Phillips,0.8639514514158885,0.9066012277475222,0.9912669918700755,0.7972001149751045
1080,Painting deal,Jason Phillips,0.879257365811255,1.137262315164997,1.1151909093635322,1.2572031205789727
1081,Because now,Jason Phillips,1.1650461355604036,0.9860720731179324,0.9923377108400623,1.094099604420304
1082,Ever smile,Jason Phillips,0.9839472241875089,1.046180210066244,1.166436080257028,1.0379275194494466
1083,Expect simply,Jason Phillips,0.9344743020208159,0.8503777287783266,1.0211116319646305,0.818416694533822
1084,Brother song,Jason Phillips,0.8925477908539029,0.8825624855033071,1.1924727253190273,0.9242880605273911
1085,Draw raise,Jason Phillips,0.9611482449674043,1.0384817635207413,0.9924834756708715,1.0660407505190166
1086,Movie thank,Jason Phillips,0.9649625875682554,1.1020896665852005,1.032713093152033,1.1310780159859353
1087,Without attack,Jason Phillips,0.8177952120802959,0.8330570180646775,0.9208354750223818,1.06347883804852
1088,War race visit,Jason Phillips,0.9382050302959999,0.9981612128050147,1.112567233912967,0.8721725625617993
1089,Region past,Jason Phillips,1.0529680524906295,0.8685204691128853,1.0577422484694123,0.9569612920934192
1090,Present parent,Jason Phillips,1.0177696171419863,0.988994992782661,0.9952421164333982,1.0594646729410184
1091,These hospital,Jason Phillips,1.0839268969830806,1.1551258136351525,1.1065106541338998,1.0500410918595102
1092,Piece suddenly,Jason Phillips,1.0897898021190007,1.0414438759131799,1.0932175115347638,1.0241783325714862
1093,Section,Jason Phillips,1.2453691223097494,1.1476004814784986,0.9039255120040418,1.0223746549158435
1094,Career today,Jason Phillips,0.9412700445391937,0.8856036691844307,1.0422711607296407,1.0179993295231955
1095,Why fear,Jason Phillips,1.1885322899313122,0.8451017955029854,0.9780370182309536,0.9442253890396546
1096,Let boy impact,Jason Phillips,1.0350041770577805,0.9932025941212317,0.9200657911418925,0.867833188012799
1097,Allow else,Jason Phillips,1.109121322951827,1.0319983567976019,1.0436069826754848,0.8904073833918382
1098,Window officer,Jason Phillips,0.9695218761267848,0.9163444184733971,1.1468540386109791,0.987970501734744
1099,Few become,Jason Phillips,1.0147063904869322,0.9979280256771672,0.9469529249719242,0.9991483763091146
1100,Be kid health,Jason Phillips,0.9875583687509562,0.9123782864777855,1.0459653352825786,1.0646432066628606
1101,Executive,Jason Phillips,1.0238736852644803,0.9219770696959987,1.029357017692546,0.9421881546903166
1102,Question,Jason Phillips,0.9436593507690672,1.0585570555855048,0.878326321054672,0.9009780365343124
1103,Represent,Jason Phillips,1.0373695506296012,0.9898720512938118,1.0044568793062365,1.0129805186630232
1104,Here side,Jason Phillips,0.9470965538285648,0.9589340018662535,0.906036661650457,0.9042486708473922
1105,Early leader,Jason Phillips,0.8469049622540251,0.9388052148978915,1.1275564247907928,1.0626836208435397
1106,No decision,Jason Phillips,1.182431527277061,0.9706681039590617,1.0429339272586446,0.7944651547520094
1107,Raise letter,Jason Phillips,1.0258542184791972,0.9332613438498156,0.8485397222067914,0.9959715939608497
1108,Dog share,Jason Phillips,0.9439251529316304,1.17457274183448,1.0202826154869717,1.1255411984299575
1109,Seat cell,Jason Phillips,1.0118284978888534,0.8549098739245348,0.9322249632607267,0.8280360039601985
1110,Network offer,Jason Phillips,1.1405550740613613,0.9648505613949749,0.957006232698297,0.9744050906398208
1111,Everybody no,Jason Phillips,0.8916453229858989,1.154827732967237,1.0118835628838185,0.9698502892524271
1112,Political yeah,Jason Phillips,0.9925170507289363,0.9415508655298067,1.002615233901727,0.9125430872769401
1113,Then follow,Jason Phillips,0.9194610980779785,0.93081757081979,0.9436056856882432,1.1685624619056711
1114,When end,Jason Phillips,1.0493073617242525,1.0715381562208544,1.0333952072243253,0.9410138291120502
1115,Affect vote,Jason Phillips,1.0827621265421792,1.085587492195226,0.9733462645012064,0.959160911270096
1116,Never rest,Jason Phillips,1.2055349140845653,0.954268711680312,0.8356705895237933,0.9207346941317067
1117,Middle present,Jason Phillips,1.1662723413579832,1.0498633242120519,1.0395755734206924,0.9975156029366752
1118,Those line,Jason Phillips,1.0899115861246003,1.141883750192822,1.1276916489809792,0.7850212402913376
1119,Person,Jason Phillips,1.1605484378592112,1.0234540819948295,1.0845855267403826,0.9941133659497693
1120,Newspaper send,Jason Phillips,0.970213574263797,1.1330118489869918,0.8450137619177672,1.0338003478046072
1121,Machine,Jason Phillips,0.8806569926140209,0.9971620836752542,1.0950342863160014,1.0088848537214756
1122,Stock than use,Jason Phillips,1.0827111036824912,0.9944009846067664,0.844397322312769,0.957260157079595
1123,Store,Jason Phillips,0.9722931476647868,0.9049533290623651,1.0000025791892606,1.0691106500186855
1124,Sense space,Jason Phillips,0.9218345306389297,0.9207085583434409,1.0221527283403724,1.050114280454298
1125,Authority,Jason Phillips,1.0006990522779118,1.0398714782188203,1.0412075093565154,0.8707400350684733
1126,Reduce off,Jason Phillips,0.8500588611372458,1.0671013573283736,0.8572260958754305,1.079207112061994
1127,Hospital,Jason Phillips,1.0094745660584519,1.0497173083754348,0.9503387662894,0.9320533643861774
1128,Live garden,Jason Phillips,0.7655842436796669,0.9022623919399181,0.9108467661720951,0.82792290578709
1129,Bit church,Jason Phillips,1.1060368423256868,0.9736104733742289,1.0889391348655568,1.0113589022024594
1130,Front,Jason Phillips,1.116828640136872,1.045813286569056,0.7429363581224784,0.9075742047052158
1131,Heart lawyer,Jason Phillips,0.8480426525799732,0.8323652216688877,1.0773887969284073,1.1513909228364283
1132,By less hotel,Jason Phillips,0.9895137011526013,0.956964227391244,1.1165711703345094,0.9976194908463749
1133,Suffer,Jason Phillips,0.8124208338240715,0.8541035880335319,1.1360150815290653,1.058007272593839
1134,Sound five,Jason Phillips,0.7793245877546009,0.9105938075791878,0.9010507967721877,0.9443788271803426
1135,Serve worry,Jason Phillips,0.9912757821719241,0.9205535866035996,1.1238570908117804,0.9347287793635755
1136,Turn focus,Jason Phillips,0.8941068483318239,0.8955750142300682,0.8241181213140963,1.1600538251559736
1137,Understand eat,Jason Phillips,1.056356601872601,0.9251496988543394,1.1718030961697006,0.7983935378331374
1138,Language,Jason Phillips,1.1301031415881968,1.1269739866002404,0.9784814754792132,0.9514671253582976
1139,Help often,Jason Phillips,0.9321777685997403,1.0149799851606034,1.213225312423369,1.1167494848664126
1140,Economic city,Jason Phillips,1.1594922145098006,1.2184569546448176,1.1848903599482505,0.8288670827275028
1141,Method his,Jason Phillips,1.0304790197028502,0.9397991106598549,0.8901056572696836,1.2151560393116247
1142,Line my ok,Jason Phillips,0.9398800479455698,1.0953148697569035,0.948351301758636,1.1004678326115491
1143,Only whose,Jason Phillips,0.9056868483927922,1.0321469456860606,1.0801057676155978,0.9068498973593494
1144,Anyone home,Jason Phillips,0.9320252198281608,1.0465041517536495,0.9862524996993626,1.060762641777485
1145,Cost success,Jason Phillips,1.066615989169213,0.9529012758507538,1.0427364226065783,0.7863779246476373
1146,Sister,Jason Phillips,0.994037884452704,1.1454390840298245,0.9970009305644874,1.0024290116729797
1147,Mother,Jason Phillips,1.1292469551869224,0.9793125638046022,1.0820985587616132,1.1535657428071848
1148,Together,Jason Phillips,1.002692595943055,1.0070341870235353,1.0043964378260841,0.9909666133248407
1149,Or staff,Jason Phillips,1.0194848999378558,0.9218547372041114,0.896103069240931,1.033275314249417
1150,Role something,Jason Phillips,0.9652450264437238,1.0465012729449223,0.9884268878913126,0.7357915590509563
1151,Sometimes tree,Jason Phillips,1.0215862529034343,1.1105840586635725,0.9372360607129434,0.9317557394263256
1152,Security,Jason Phillips,1.0481838402478842,0.8638731090501357,0.9326482823043329,1.0160469489187347
1153,Agent glass,Jason Phillips,1.0753516494954445,1.0689556114667937,0.8408785597412989,1.002324268213257
1154,Vote perform,Jason Phillips,0.9806112909781122,0.9781549204850368,1.0641816592274236,1.183748060843388
1155,Majority kind,Jason Phillips,1.1112436822321838,1.0830269655078169,1.2812821683008653,0.9123939324101927
1156,Push movie,Jason Phillips,0.9606366079043485,0.8914910755046797,0.9422404793923864,1.1342552416735772
1157,Kitchen thus,Jason Phillips,0.9753592898903709,1.1243417263326498,0.8908352739092836,1.1696305160301994
1158,Career of,Jason Phillips,1.2053319768905408,1.0344126196963046,1.0476310168821077,0.9291850253984179
1159,Every former,Jason Phillips,1.0783125491044587,0.9258373608902964,0.9157558321457233,0.8139023014842968
1160,Difference,Jason Phillips,0.9842806129722925,1.130955692532829,0.9704625161671698,0.9793175298373495
1161,Different,Jason Phillips,0.9919143689807283,0.9941784413902198,0.9699087545610486,0.9508153639479087
1162,Strong billion,Jason Phillips,0.8971073237731255,1.0308864783688316,0.965983826232828,0.8964103536539559
1163,Measure every,Jason Phillips,1.1530380307686787,0.9814787495964387,0.8717249378753262,1.0973870969606667
1164,Fine rule our,Jason Phillips,1.1099024684236665,0.9492407292346248,0.9422249254275092,1.1004109332542595
1165,Position fear,Jason Phillips,0.9193216692975067,0.9936305972248772,0.9112473938324956,1.0019067542680102
1166,Clear land,Jason Phillips,1.0016013814704205,1.2160919288325749,0.9863323236847492,0.9018822283921302
1167,Blue trouble,Jason Phillips,1.13499872458624,0.8107628129029179,0.885265142409283,1.0240476224535617
1168,Today agency,Jason Phillips,0.9004654478200165,0.9400123527973692,1.0385174857207018,1.1124319088289636
1169,Provide minute,Jason Phillips,1.0432307165176993,0.9951413821274054,0.8256073276796068,0.9380793460855836
1170,Child kid miss,Jason Phillips,0.9303115701877707,0.9790102345508074,0.940323071734472,1.0551530554175244
1171,Break employee,Jason Phillips,1.0477609142681248,0.9684434138983908,0.8688019324963077,0.8686698145398546
1172,Themselves,Jason Phillips,0.8200437516073814,0.9870154908512995,0.942732696141649,0.8771176850786304
1173,Ground base,Jason Phillips,1.04540675209974,0.9924210910624536,0.8445552867500101,0.8996273900752322
1174,Improve meet,Jason Phillips,0.9395318066910722,1.0768942720990935,1.1413728457683332,0.9458898211865598
1175,Cold single,Jason Phillips,0.9441313516630426,1.024091130676444,0.9206490662838249,1.157700568088445
1176,Few tax,Jason Phillips,1.0091741497609774,0.799347542007667,0.8942144168848579,0.9497186150167071
1177,Player pull,Jason Phillips,0.9607009960992305,0.986072954798842,0.9399284991733831,1.0782985827142713
1178,Be strong,Jason Phillips,0.9169732496290537,1.0437869253647434,1.0810772411525447,1.0933689301313336
1179,Research leg,Jason Phillips,0.9073116830636436,0.9576695971858334,1.1496154492916781,0.9258454500838131
1180,Organization,Jason Phillips,0.9394527620801948,0.7332566457797715,1.047358407375995,1.1580066524239265
1181,Economy trial,Jason Phillips,0.9583002153116988,0.9485085248662715,0.8776594582128703,1.059194494215892
1182,Various why,Jason Phillips,0.9963065201675785,1.0970734079344875,1.1713582253675452,0.8662450763220019
1183,Notice sort,Jason Phillips,0.8796164426022691,0.9745006165221661,1.0412012033801465,0.7827160641185099
1184,Administration,Jason Phillips,0.9858862692660355,0.9925705126155407,1.1452586974145047,0.9213201910531529
1185,Very short,Jason Phillips,0.8832573418802002,1.0827969214718143,1.0622741439677237,0.9643219133756225
1186,Structure open,Jason Phillips,1.0629189150029832,0.7809078460881734,0.7684354299587305,0.8792182730885184
1187,Early none,Jason Phillips,0.9492133152806171,1.1893448364273649,1.183669793524237,0.9021433269020807
1188,Defense teach,Jason Phillips,1.1182943839020176,0.9003737426571241,1.0063093001125696,0.9894552126093338
1189,Small view gun,Jason Phillips,1.0217799702319683,0.9549825995350327,1.002060210018992,0.9115756294984124
1190,Nation arm,Jason Phillips,1.050537940051263,0.8384186879784311,0.9572947367378419,0.9623735688637122
1191,Hold year eye,Jason Phillips,0.969256621766432,0.9095608282157459,0.7871772107994992,0.9621554496091057
1192,Back manage,Jason Phillips,1.0123675901276077,1.2256258796877049,1.0424578345123954,1.0720770289751693
1193,Sister wall,Jason Phillips,0.8529694391289347,1.062319911582988,1.0380279384000224,0.943779104609081
1194,Bad,Jason Phillips,0.8870483938001035,0.9602569905348352,1.129791643924206,1.0406540925384578
1195,Happen trip,Jason Phillips,0.9579951483485617,0.9790260879400291,0.9469040956114365,0.9929045521154767
1196,Business night,Jason Phillips,0.9262462078436953,1.249290382928613,1.0989573830562542,1.0519333565481288
1197,Follow,Jason Phillips,1.0905940437675659,1.1319175024792059,1.109606054052403,1.1054200427110927
1198,Assume line,Jason Phillips,1.1512504548455647,0.9406962861886491,0.8470674671123224,0.9873433818454134
1199,Mouth deal,Jason Phillips,0.9800380189439643,0.9122801942820022,1.032310545579067,1.276602384508406
1200,Newspaper care,Cassandra Pearson,1.0977511969371319,0.9583166464634925,1.0985743371313645,1.0886518431925014
1201,Write simply,Cassandra Pearson,0.9674436108736097,0.9926495671342755,1.3206031249016998,0.9725121297682081
1202,Television,Cassandra Pearson,0.8753110272573666,1.003325139045833,1.057535108550611,1.0986824971867906
1203,Commercial,Cassandra Pearson,1.068544504463843,0.988716249800803,1.0355261167411483,1.0251018614212606
1204,Before,Cassandra Pearson,1.0027933339085344,0.9204787050398324,0.9536560779170487,1.0282971322926
1205,Image question,Cassandra Pearson,0.8815703149571882,0.9132392891757412,0.9151409129399821,0.929725372228649
1206,Paper loss,Cassandra Pearson,1.1090080820421715,0.946509958581914,1.0312769176512397,0.851254464957244
1207,Kitchen happy,Cassandra Pearson,0.7967882686849936,1.0333388697308965,0.9174092386706504,0.8766544801059272
1208,Now lay,Cassandra Pearson,0.8947801858935406,0.8115915589321486,1.0913002022489189,0.9365405020998226
1209,Us happy full,Cassandra Pearson,0.9494883486601455,1.0130169574408352,0.9854207247395935,0.9580608150988019
1210,Push,Cassandra Pearson,1.0793249693629048,1.0612679125460598,0.934729637765129,1.0838119577701064
1211,Idea president,Cassandra Pearson,0.8234084926027834,1.0461249880259924,1.032249806980425,1.0386637414234943
1212,Everything,Cassandra Pearson,0.8557838752824415,0.9610245139040274,0.9443325421149235,1.015268806200668
1213,Store middle,Cassandra Pearson,0.9571027888227661,1.029190673045353,0.98830200662635,0.9107185981914693
1214,Save use list,Cassandra Pearson,1.0840118511681274,1.1120973052775789,1.1643910542725298,1.0793607716828493
1215,Worker,Cassandra Pearson,1.1789379702730716,0.9969595030631476,0.9941529611839053,0.9357380837830422
1216,Commercial,Cassandra Pearson,0.8466746893986308,0.8565338026020259,0.9327857015527269,0.7520162551637406
1217,Other media,Cassandra Pearson,1.0271250538614463,0.9770973120011238,1.0795917484845254,1.0405538789006286
1218,To almost,Cassandra Pearson,1.0120027552319573,1.124682294792579,0.8442173866376638,0.9416874021936203
1219,Account news,Cassandra Pearson,0.9321468349462132,1.0273031531362176,1.0673400217855462,0.9966247953370482
1220,Arm finally,Cassandra Pearson,0.8839726369569848,1.0129289727141868,0.8520176174067327,0.9923466823570911
1221,Other dream,Cassandra Pearson,1.0850143327159856,0.8565501901881684,1.0347385757178724,0.9219029429066654
1222,Record series,Cassandra Pearson,0.8478083266800476,0.9149302601689523,0.9187446436085396,0.8501836330505427
1223,Between,Cassandra Pearson,1.1925722278886526,0.8378518751014499,0.9742356099691832,1.092421322882105
1224,College high,Cassandra Pearson,0.9055685707463648,1.0484288360564407,1.0407708774405755,1.0148506020088512
1225,Leave whether,Cassandra Pearson,0.8756491767980265,0.923468875781781,0.963180682220987,0.8355296932914754
1226,Art which own,Cassandra Pearson,1.195893634995799,0.9865334841479793,0.8856017708546864,1.090463745219349
1227,Buy return,Cassandra Pearson,1.036054347163806,0.9375946667928958,0.9630600358211425,0.8692661194339599
1228,Near west,Cassandra Pearson,1.1453827039883349,1.0413028595638592,0.9632387981862814,1.1767543929322557
1229,Moment success,Cassandra Pearson,1.1179264323704636,1.0700208994735791,1.0387069393025663,1.0540409809864575
1230,Art state,Cassandra Pearson,1.104057045913446,0.8991584147889482,0.9731512498462787,0.9922387083337245
1231,Outside,Cassandra Pearson,1.0810166727758563,0.8580333268394477,0.9823111571711756,0.8637026292590042
1232,Goal worker,Cassandra Pearson,1.242325557068487,1.0814501015670963,1.0124463840767681,1.2920759062312936
1233,Truth maybe,Cassandra Pearson,1.2107352407517098,1.0931963844980959,0.8716795850140303,1.1182258962811213
1234,Adult simple,Cassandra Pearson,0.8433175053409604,1.0760170584092024,1.01455252426794,1.0491509813206037
1235,Environment,Cassandra Pearson,0.8998533058923269,1.0648754385651105,1.04577896269691,0.9387404394150338
1236,Always option,Cassandra Pearson,1.0768579754820553,1.1226428405667386,1.0773151037397535,1.160534282302253
1237,Difference,Cassandra Pearson,1.2006116796147823,1.0346363812120414,0.9892295466840526,1.1464866199985715
1238,Film its,Cassandra Pearson,0.9716026662607353,1.1630804882777417,1.1569252457649986,1.0686367107916535
1239,Option fall,Cassandra Pearson,0.9800285225553933,0.8518756659776401,1.1573657682072305,1.0057416771868757
1240,Too study,Cassandra Pearson,0.9566317831883892,1.0270466651745414,1.1292867303087668,1.0483715938354312
1241,Enter car,Cassandra Pearson,1.032402614407703,0.8322763979501304,1.0104042671059845,0.9325499098197509
1242,Like become,Cassandra Pearson,0.9563011250936,1.0066239055418023,0.9684864719502345,0.9687475320951814
1243,Common later,Cassandra Pearson,1.1099332892441875,0.8526571266571981,0.9844881817030856,1.0573484230027848
1244,Great TV,Cassandra Pearson,1.0221303055119983,0.9725742057027622,1.1055735865146583,1.1244424065326275
1245,Try summer,Cassandra Pearson,1.034349337463313,0.9022430726710546,0.9999492192299964,0.812161142830797
1246,Her lawyer,Cassandra Pearson,1.05252047306682,0.9899910281959206,0.9153578954334043,1.0193141326290307
1247,Marriage store,Cassandra Pearson,0.9532194173884885,1.0377853214238624,1.153195166590102,1.0223017083192814
1248,Son suffer,Cassandra Pearson,0.93412095713723,1.1514194798708126,0.820294591838242,0.9338237317158962
1249,Reason no else,Cassandra Pearson,0.7851428452150466,1.1106919129743023,0.8521344798633729,0.9618072142396534
1250,Right anything,Cassandra Pearson,1.0115013927644598,1.004265843061615,1.0002511301647814,1.0038638750749567
1251,Happy nice,Cassandra Pearson,1.081345841603857,1.0617654381616632,0.937824055268372,0.9883418151399513
1252,Congress start,Cassandra Pearson,1.15534365750004,0.9441402987848195,0.8814434209087133,1.030342816160083
1253,Black box use,Cassandra Pearson,1.0103777174145105,1.0086608769240224,0.9871307458264617,0.9370806458067111
1254,Manager gun,Cassandra Pearson,1.1192601019624642,1.0126968751774994,1.0830001014876933,0.8934412589535718
1255,Course or fly,Cassandra Pearson,1.103899846454031,1.1287656966412258,1.0640580945657088,0.9354701694031509
1256,Dinner story,Cassandra Pearson,0.8359466194801253,1.0079339471838775,1.001554470670711,0.856796512334298
1257,Language,Cassandra Pearson,0.8561750108672861,0.9631847375920706,1.0447222910196867,1.018132046076586
1258,Idea range,Cassandra Pearson,0.8254004083656991,0.8374849224354989,0.8838651804145763,0.9364972523418402
1259,Guy star rate,Cassandra Pearson,0.9581743626299117,0.9582145573526659,1.0913696239395676,1.1329886134768974
1260,Evidence,Cassandra Pearson,1.1601552871835934,0.9002543721555389,0.8981840392165474,0.9734311303243328
1261,Nature product,Cassandra Pearson,1.0587746213010627,0.8464494557799539,0.8890189908537327,1.0805357895300094
1262,Process ten,Cassandra Pearson,1.0011918517255856,1.140815063887061,0.9549501348585729,0.8993251714109994
1263,Receive of,Cassandra Pearson,1.211399180536759,0.8851687423332227,1.0407083327983977,0.9257311018381948
1264,State blood,Cassandra Pearson,0.919143102941294,1.0633453335950152,0.9270341661349947,0.8585168256989129
1265,Approach blood,Cassandra Pearson,1.0884371633664258,1.0381060888840872,1.0954823509610052,1.091295845385699
1266,Organization,Cassandra Pearson,0.819638164832672,0.9677101542514582,0.968694958428919,1.029665453162758
1267,Collection,Cassandra Pearson,0.936770673570085,0.95758943430513,1.0586722702246902,1.0118053365284223
1268,Throw should,Cassandra Pearson,1.0335480428058368,0.7343388815460287,1.035497608661362,1.1440221804204769
1269,Capital short,Cassandra Pearson,0.940616190777555,1.049866585007172,0.9393168219552268,0.9794081628991417
1270,Within,Cassandra Pearson,0.9892517234740491,0.8511348209342444,1.179571670887662,1.0348065076639683
1271,Product left,Cassandra Pearson,0.9563404633407611,0.9169250831742535,0.9934825967245393,0.8945125607669122
1272,Senior network,Cassandra Pearson,1.1843702285131281,1.058181481769249,1.091103747788926,1.0115939203479187
1273,Accept contain,Cassandra Pearson,1.2114138397954388,0.8582952238439308,0.9949680938287271,0.9922455648804571
1274,Each word,Cassandra Pearson,1.1862220655955689,1.0256544040728484,0.9832340574553295,0.9262285765742762
1275,Significant,Cassandra Pearson,1.0218631949728645,0.9251353862218561,0.7156566293272038,1.0070799928867762
1276,Wrong surface,Cassandra Pearson,0.9503619447841436,1.1715832441942684,1.0141136624095697,1.099800296645024
1277,Clear property,Cassandra Pearson,1.0247160506236683,0.9608220899334394,1.0375938512281542,0.986390800318902
1278,Number people,Cassandra Pearson,1.1108470682505691,0.881772926767673,0.8944066067109251,1.0407941984494247
1279,We half and,Cassandra Pearson,1.0456900765693893,0.9201680247117285,1.1419815472269803,1.1030275133642433
1280,Partner son,Cassandra Pearson,1.0601446706952644,0.9646952540795009,0.8995542271137102,0.9945933204999654
1281,Cold huge new,Cassandra Pearson,0.9661184193186467,1.0619795699115904,1.149084994522309,0.9722913802095496
1282,Break,Cassandra Pearson,0.9819248676396904,0.8824999059652099,0.7534594300449222,1.0597303561828202
1283,Accept office,Cassandra Pearson,0.9834925786639878,0.9521739344746168,1.0163199265738154,1.0492473251809946
1284,Television,Cassandra Pearson,1.0885668916568387,1.006834374478059,0.8349590330346346,1.149093909181004
1285,Less heavy,Cassandra Pearson,1.0028803657494114,0.9097813497223634,1.1746706022828162,1.1702167449331247
1286,Line able land,Cassandra Pearson,1.0190962367298086,0.9939223808378042,0.9797644803637157,0.9043010809129611
1287,Leave suggest,Cassandra Pearson,1.089909300839741,0.9806807274933005,0.5999330821535341,1.160983823163979
1288,Voice social,Cassandra Pearson,1.155231541329644,1.1866018106241092,1.0410870873286375,0.8171468454689975
1289,Skin war,Cassandra Pearson,1.113438302382042,0.8486525543985923,1.1047852424519005,1.0284540418859887
1290,Part world,Cassandra Pearson,0.9544239218755981,0.9594260201096629,1.0079711385242183,1.0574561705066854
1291,Carry box,Cassandra Pearson,0.8542210119238562,0.9110199121045484,1.035854342192861,1.0510200446348437
1292,Rather alone,Cassandra Pearson,0.974825851651352,0.9571283392457408,1.2551506607962541,0.7983637115677106
1293,Involve theory,Cassandra Pearson,1.3004314336474296,1.1601278338968024,0.8520214683755352,1.121396553926602
1294,Various down,Cassandra Pearson,0.9529706644708681,0.9976208344746361,1.009281511719552,1.0932333797317721
1295,Concern,Cassandra Pearson,0.9112040347211517,0.8680191211732746,1.007823508071444,0.998951643925018
1296,Officer work,Cassandra Pearson,1.1061602357570328,1.0034586242569707,0.9467076658000034,1.0358500073348085
1297,Very remember,Cassandra Pearson,0.8941777092412988,1.0072655149066945,1.0037818243609447,0.9451638453633037
1298,Throughout,Cassandra Pearson,1.0369770153263915,0.9163513184288402,0.9169601779064858,0.888761003444095
1299,They say hair,Cassandra Pearson,1.164831671554777,1.074667378288808,1.096569126843518,1.03083502898142
1300,Case often,Cassandra Pearson,1.089488729335121,1.1354033855628298,0.9192676422604866,1.0291591360162071
1301,Show pattern,Cassandra Pearson,1.039981186406813,1.0953634072078546,0.9918031008771773,1.095577187943848
1302,Successful,Cassandra Pearson,0.8244902852449963,1.0415786554238882,1.0084655678729673,1.0259185165017592
1303,Science,Cassandra Pearson,1.055438600085324,1.0462237081271712,1.1045958598977714,0.9163499355587481
1304,Public teacher,Cassandra Pearson,0.9100085873088486,1.2371091072994829,0.9400005524722487,1.0710887054049698
1305,Alone,Cassandra Pearson,1.030962043076623,0.8542734448668428,0.9369748219415174,1.1241639632217584
1306,Less PM where,Cassandra Pearson,1.1036066227417298,1.1236497141605124,1.2553928780610588,0.8796702799503207
1307,Purpose within,Cassandra Pearson,0.8561659297353313,0.9542928177816062,1.1654508197879023,0.7759415018005335
1308,Effort agent,Cassandra Pearson,0.7839193900576038,1.1241810817995694,0.9974114350438548,1.0882853244051205
1309,Reduce hair,Cassandra Pearson,0.9864626512162067,0.9913498760273153,0.9830134451351116,0.9316372851031598
1310,Environment,Cassandra Pearson,0.9569435856689104,1.1523628822226613,0.911652578598381,1.005094173083379
1311,Parent stock,Cassandra Pearson,0.9291598158906499,0.99582852407914,0.8345634598812115,1.1250468477906113
1312,Experience,Cassandra Pearson,1.2949977225853035,1.0117042540116954,1.0942156993969026,0.728077768060851
1313,Present rock,Cassandra Pearson,1.0212414061037853,1.06831641906721,1.0023189360828202,1.013097527046029
1314,Cold month,Cassandra Pearson,1.155125089972388,0.8980292834089968,0.995671839320832,1.0391740365121274
1315,Thousand will,Cassandra Pearson,1.031950021821846,0.9214653423176353,0.9492844598097357,0.9314762667075636
1316,Poor loss do,Cassandra Pearson,1.1498998906125604,0.8328975080326476,0.9733334645006532,1.1658885341769136
1317,Not book,Cassandra Pearson,1.024456538041218,1.0041062513012593,0.9728456660171159,1.0430623677797382
1318,Look future,Cassandra Pearson,1.0123479234153665,1.1400905015240337,0.9656835169595541,0.9484671471096058
1319,Open,Cassandra Pearson,0.9709153164585642,1.1662286396550068,1.1626572046452728,1.0271865261608755
1320,Help soldier,Cassandra Pearson,0.978774302248093,0.923547730938231,1.1580425560453977,0.9928830762086864
1321,Near build,Cassandra Pearson,1.0138647297402297,0.9076669856114761,0.9822172302149047,0.8197113713044275
1322,Sea however,Cassandra Pearson,1.1401269738300954,1.0005920385805758,0.972771140312762,1.2411789195383083
1323,Among mother,Cassandra Pearson,1.0259174408621956,1.1648565879250217,0.9484721175559006,1.0555574016519762
1324,Ability,Cassandra Pearson,1.18340952557406,1.1469280230860837,1.01824372406297,1.0194490660057374
1325,Power two,Cassandra Pearson,0.9548700106906973,0.9524867412799308,0.9534699306775604,0.9579350235273776
1326,Area for serve,Cassandra Pearson,0.9513072899843855,0.9851090651766663,0.8808681318013749,1.1085799132348242
1327,Big well adult,Cassandra Pearson,0.9330677894155598,0.897839535425772,1.186384498204101,1.1497120595895391
1328,Walk such,Cassandra Pearson,1.0315114034361565,1.0010010806632188,1.0563581468700785,1.0445370799452414
1329,Both deep onto,Cassandra Pearson,0.9856403616632003,0.9413145207098574,1.0692787102339307,0.9907373488299269
1330,Interesting,Cassandra Pearson,1.1841637030340524,0.9713009515405039,1.0074585852783207,1.0819027190791322
1331,Region sport,Cassandra Pearson,1.1138944451140873,1.102283998369565,0.9822752881849987,0.792942143034564
1332,Billion road,Cassandra Pearson,1.0766063778567612,1.125942942071656,1.0151697615827804,1.1344514951783218
1333,Avoid probably,Cassandra Pearson,0.9906981866977008,1.039425581289949,0.7751269393218351,0.923704862831592
1334,Your still,Cassandra Pearson,0.9382986864147118,1.0619977255904145,0.9538097027982937,0.9245259399354253
1335,Thousand beat,Cassandra Pearson,1.2399624617125962,0.7966385856283104,0.9167561183264881,0.9180060187981641
1336,Type,Cassandra Pearson,0.890477981546432,1.2170843373529638,1.0358430848820626,0.8191087435790014
1337,How might that,Cassandra Pearson,1.0140103361719524,1.0097123654587883,0.9948256606501573,1.0770072057871187
1338,Rule describe,Cassandra Pearson,1.0095304091535644,1.0048383314166534,1.0479414180790119,1.002097538124866
1339,Blood since,Cassandra Pearson,0.9388466565919777,1.2062990606974093,1.029809079715308,1.0629643031625111
1340,Open staff,Cassandra Pearson,1.1070257735846256,1.0005791494194871,1.09140795965565,1.2121185314708582
1341,You industry,Cassandra Pearson,1.0407255960242814,1.0052448222170014,1.0005054813174994,1.0704701155142475
1342,Series answer,Cassandra Pearson,0.9837489298259902,1.0566854528119132,1.0689454227768234,1.0190778645920742
1343,Something,Cassandra Pearson,1.0753534182470224,1.0761799919712098,1.0276469663568502,0.9987240458763468
1344,Fast amount,Cassandra Pearson,1.0251492031060145,0.8962357851358371,1.1062328895654494,1.1491157050193572
1345,Lay financial,Cassandra Pearson,0.896599494111839,1.066950921227452,0.8711554703154645,0.9274321143154037
1346,Fill area,Cassandra Pearson,0.9316273832354308,0.9544364017703753,1.0114638589568425,1.097034399810438
1347,Establish,Cassandra Pearson,1.0142159954169891,1.0919220958723168,0.8642053486741591,1.2409493062618215
1348,Crime feel go,Cassandra Pearson,1.0703214802134444,0.8257148344779431,0.9851416439916377,1.1533904478437915
1349,Indeed news,Cassandra Pearson,0.987351458446024,0.8325978955064194,0.9395632077358519,0.9540807391538874
1350,Available if,Oscar Gibson,1.076151527188796,1.0664371109897084,0.9319714112536573,1.0707324457302196
1351,Population he,Oscar Gibson,1.083790275196035,1.1336910813063457,0.9611630224278447,0.9931204621807199
1352,Dark break,Oscar Gibson,1.1071960984277023,0.9725190994440692,1.0661844525933577,1.0855172477612105
1353,Task specific,Oscar Gibson,0.8773795416204143,0.7256697540588621,1.0554412316392088,1.0439661998623977
1354,Cup scientist,Oscar Gibson,1.0370206134388904,0.9351642876206463,0.9936416924914063,1.0734952833908964
1355,Onto media,Oscar Gibson,1.0280436280325957,1.1233069540727048,1.0207522663054964,1.0864427396859644
1356,Watch wall,Oscar Gibson,1.0415884593795388,1.1007368346870043,0.9214873333687881,0.8664434524081474
1357,Usually career,Oscar Gibson,0.9348908349227477,0.9781225657298066,1.031376912050551,1.0111683152378919
1358,Once star,Oscar Gibson,1.0665995123892937,0.9539116637970223,1.0396837734437592,0.9651505521928119
1359,Character main,Oscar Gibson,0.9191532677491849,0.9417767448375903,0.9905903473877389,1.1191255733560368
1360,Team fish ask,Oscar Gibson,1.0447413278010924,1.0281075965583917,1.026917959595342,1.0484156348122875
1361,End these,Oscar Gibson,1.0895481304854795,0.9762894613369658,0.9994788071303433,0.8469404108841173
1362,Sound role,Oscar Gibson,0.9196344815305729,0.8510346348312778,1.0006203752706166,0.9365834879355465
1363,Tend join,Oscar Gibson,1.1613484548030084,0.8519109874884511,1.0836207244696991,1.2153173399034034
1364,Brother hear,Oscar Gibson,0.9075958015839296,0.8350933452170926,1.2292077077494037,0.8916128216391825
1365,Give mean,Oscar Gibson,1.0277509896960644,1.0135529487720532,0.9998927444819633,1.0148847760390134
1366,Eat growth,Oscar Gibson,0.8632471722703595,0.9785761445249687,0.9261465142991612,1.0459481843724256
1367,Eye than,Oscar Gibson,1.0166855743521772,1.0016512187600728,1.0016675007120606,1.1395390720728853
1368,Identify,Oscar Gibson,0.897216474709773,1.0956309977979277,1.1701868847344221,0.9571091233481009
1369,Perhaps others,Oscar Gibson,0.9785994395436264,1.0200221642888572,0.9549696231929488,1.0739702036039078
1370,Drive message,Oscar Gibson,1.0055863636430966,1.1897117993854889,0.9586314879540208,0.8688494307848302
1371,Tend clearly,Oscar Gibson,1.086882659534645,0.9167244924537907,0.9582402619926795,0.938419023693728
1372,Eat statement,Oscar Gibson,1.0113376695240286,1.0242973286771015,0.9941275691779698,0.8793089467386718
1373,Hear heart,Oscar Gibson,0.9902779508378787,1.0657953932885622,0.9566038311508513,1.1044850087303377
1374,Town it item,Oscar Gibson,0.9401916830453921,0.8125285579850272,1.0746056765562633,1.0614900523964088
1375,Across give,Oscar Gibson,1.0231402063925277,0.9869150062093957,1.164146050699728,0.9572339281297965
1376,Exactly home,Oscar Gibson,0.884855235193581,0.9436050374726328,0.9507628832344458,1.0060299911154331
1377,Window body,Oscar Gibson,0.9404013750247527,0.8520606945480602,0.9135918489106248,0.8631345459804902
1378,Outside case,Oscar Gibson,1.0578937158851616,0.8784630268889858,1.1503865041319195,0.9650580379110457
1379,However hard,Oscar Gibson,0.8031118471170158,1.0786104481653542,1.1440238780615908,0.9953681202771409
1380,Adult service,Oscar Gibson,1.1919072250033553,0.6920316035934613,0.9543650043649818,1.2076827155525023
1381,Seat guy,Oscar Gibson,1.0474902987291792,0.9085464630393683,1.0371978147651677,0.9731658516591009
1382,Doctor upon,Oscar Gibson,1.1065870848287205,1.0268685033282166,1.2960193816932983,0.909840276362134
1383,Building,Oscar Gibson,1.0921226906381938,0.9817974830618095,0.9434950689819159,0.9992662498445056
1384,Write might,Oscar Gibson,0.8265603683590342,1.0731861090277162,1.061225774144364,0.7498776943796366
1385,Cell land,Oscar Gibson,1.1629023148668882,0.9564199984721629,1.0548840014024845,0.8948426154857827
1386,Face system,Oscar Gibson,1.0496484997339441,1.103149065224792,1.0556272481679514,1.0819945625976302
1387,Drug her me,Oscar Gibson,1.0527767116941462,0.8737709398373089,0.9730494339005152,0.9319719070479814
1388,Break,Oscar Gibson,0.935034906779632,1.1034637045172464,0.8341324866546703,0.96353530728725
1389,Possible scene,Oscar Gibson,1.190649891044271,1.0077585372196258,0.9309898843203972,0.8778163410787079
1390,Should,Oscar Gibson,0.9495916734347141,0.9454662688402234,0.9456984539356503,0.9438497847217049
1391,Whose system,Oscar Gibson,1.0438133826585885,0.8977711391376608,1.02253471304995,1.0486421414377043
1392,Bank ball cut,Oscar Gibson,0.9820119500289011,0.9858266558025331,1.0769516118168658,0.9855765859952588
1393,Scientist,Oscar Gibson,1.1038466969038991,0.873550866425727,0.9361903354100725,1.055555773744979
1394,Morning fear,Oscar Gibson,0.9137091300725327,0.8237110134656852,1.0062511661153315,0.8991615311596353
1395,Put tree wrong,Oscar Gibson,1.0560000981561337,0.8905179222873556,0.9580783127405494,0.9924617814974167
1396,Air surface,Oscar Gibson,1.0679022731181553,0.8999917689041839,0.9910629078639381,1.1537532225403906
1397,Actually leg,Oscar Gibson,0.9786399203219562,0.9612289464828854,0.987502134531399,0.7923953387685555
1398,Nice discuss,Oscar Gibson,0.889274366349696,0.9046342870199455,1.0559273797256674,1.139196079291278
1399,Very yard,Oscar Gibson,1.0740865542905564,0.9683099133187854,0.9577018981816205,0.9804759799345872
1400,Everything,Oscar Gibson,1.145206826339057,0.9650181547993322,1.0629632011888044,1.1398346315642511
1401,Main citizen,Oscar Gibson,1.0457618755618443,0.8875092728735766,1.0025746548184702,1.049329452517235
1402,Eat similar,Oscar Gibson,0.7510562654568357,0.8807087303831241,0.9555141274065091,0.9424577615374116
1403,Growth move,Oscar Gibson,0.8592500594664867,1.0465961324868436,0.9409030273748759,0.8845018652303362
1404,All work,Oscar Gibson,1.1378178447098248,1.0747138815498434,0.9613388297686736,1.0731281065027565
1405,Actually,Oscar Gibson,0.9285439615572842,1.1200316682682083,1.1149370278676332,1.057075504506887
1406,Church break,Oscar Gibson,1.0443371576265073,0.9383262047160608,1.0422617239937495,1.082221735282169
1407,Act catch,Oscar Gibson,0.8225761722257601,0.8849634573771842,0.9641671196188338,0.861673150910158
1408,Here world,Oscar Gibson,0.9619663796059463,1.0098112507083261,1.0209765420230348,1.0210524387218896
1409,Age treatment,Oscar Gibson,1.098408606855694,0.9442265845702305,1.0523373321635656,0.937441948739042
1410,Leg hold,Oscar Gibson,1.0527184799794216,1.069175071549493,0.9962066213217261,0.8834428494938886
1411,Ground white,Oscar Gibson,1.0422876939124148,1.0081835825220957,1.114219078888984,1.2241887634314301
1412,Your goal,Oscar Gibson,0.8931713610069076,1.041268103044332,1.154507113589304,1.0482109824274783
1413,Increase word,Oscar Gibson,0.8834523562733327,0.9320496357990515,1.1037782281364863,0.8235577371935818
1414,Who democratic,Oscar Gibson,1.0632657947909254,0.9110510957287307,0.9990156273282436,0.8893899303479025
1415,Like product,Oscar Gibson,0.8536746974894777,1.0099075131748418,1.009050669402845,0.8622959500026655
1416,Treat most age,Oscar Gibson,0.9545518259957956,1.042059796764171,0.9884213433811244,1.0759277904770055
1417,Speak though,Oscar Gibson,1.1974338258652006,0.9321322771674161,0.972578019399673,0.9414994882735092
1418,Government far,Oscar Gibson,1.0751521481631878,1.183183261487195,1.0121281637648138,1.1338731809053937
1419,Deep stage,Oscar Gibson,1.1166924967425937,0.935544776078279,0.9212720605899698,1.075030721223115
1420,Type cup,Oscar Gibson,1.0363318218118294,0.99509443081619,0.9365978790920425,1.0674963464341871
1421,Involve those,Oscar Gibson,0.9644927117169787,0.9283665877038845,0.9953163074833594,0.975941044879055
1422,Author out,Oscar Gibson,1.0105713560835332,0.9963571462982993,1.1406254224293666,0.9173631603496182
1423,Smile small,Oscar Gibson,1.011054353591676,0.9784971231422405,0.8980001784387168,0.9740103557561093
1424,Law manager,Oscar Gibson,0.9470485847427673,1.0152357709107913,1.0833325888367689,0.9862536569306104
1425,Them change,Oscar Gibson,0.9554855613491153,0.9434256956266422,0.9569581636223612,0.9371916484118987
1426,Police road,Oscar Gibson,0.864363794342087,1.0196559623287251,1.148518279079049,0.9524406826278582
1427,Rate alone,Oscar Gibson,1.107545490355246,1.0420278688783573,1.0782392759257216,1.031853924333256
1428,Strategy,Oscar Gibson,0.9604098667215015,1.0942070438584024,0.9037089491928163,0.9975739179794625
1429,Entire drive,Oscar Gibson,0.8522949321841667,1.0868353981126828,1.2317889100595725,1.065532455055599
1430,College true,Oscar Gibson,0.9772213444306109,1.039832956484427,0.8535745071168291,0.9534692840749126
1431,It partner,Oscar Gibson,1.0455826506568546,1.2048443951202628,1.035349037715965,0.8958451079303812
1432,Memory its,Oscar Gibson,0.968805109705439,0.9970432810733436,0.9958006918086683,0.9144342623238878
1433,Among,Oscar Gibson,0.8493060301857556,0.9185625979856914,0.9240997725940968,1.066176863139837
1434,Recognize,Oscar Gibson,1.0259334169435035,0.9878922962214141,0.8809276275250173,1.1003203055192954
1435,Several level,Oscar Gibson,1.051406384392706,0.7512022379759163,1.0309483737559528,0.8861134000133865
1436,Training,Oscar Gibson,0.9408964784957221,0.9836973427476196,1.1711910992364665,0.9502133370729229
1437,Force heart,Oscar Gibson,1.124337759725575,0.8105020564681431,0.997184793011063,1.2596518631612101
1438,Line month,Oscar Gibson,1.1299230485726859,1.0381394944742448,1.0501859894133374,1.0299819090089817
1439,Specific,Oscar Gibson,1.0187638069966116,1.0387058825531041,0.8833850749486492,0.9621857379006454
1440,Prove only hot,Oscar Gibson,1.077397114987733,1.0059937209425736,0.8652345007847723,1.0737767558570497
1441,Staff imagine,Oscar Gibson,1.0956391176053268,0.9860710831570645,0.9628521274654614,1.1250712739183326
1442,Couple kind,Oscar Gibson,0.8964765344535605,1.0477581819211588,1.095193226590968,0.8083737688175381
1443,Her whom,Oscar Gibson,1.1374031260270694,1.2620473088843918,1.1153162066431859,1.002398466714618
1444,War,Oscar Gibson,0.8945887618542783,0.9596657162956602,1.045799958320115,1.0528956725007343
1445,Game research,Oscar Gibson,0.9986574861438203,1.0524969866159704,0.817343225753135,1.0719203864938425
1446,Special sport,Oscar Gibson,0.895727015022973,0.8759389290569052,1.015092212762826,0.9560316452670876
1447,Significant,Oscar Gibson,1.22621281984773,0.9756325511104461,1.03274036599197,0.9692895599197942
1448,Drive cup,Oscar Gibson,0.8722669382922973,1.0119389996719246,1.1203999420172452,0.8209751252198567
1449,Huge foreign,Oscar Gibson,1.025871020194753,0.9416880269388904,1.06296674224369,1.042388363136667
1450,Hot many one,Oscar Gibson,1.0281219479138288,1.1320697710302432,1.0703062538969041,0.9784652784548923
1451,Open kid,Oscar Gibson,0.9026611038331113,1.0773058556167525,0.8854231167262705,1.203005408707881
1452,Almost certain,Oscar Gibson,1.1237273241164318,0.8778026036619612,1.1808728257889078,0.9426161292616441
1453,Measure,Oscar Gibson,1.0818403544462185,1.02035969625413,1.138069742866674,0.9823071584419143
1454,Myself across,Oscar Gibson,1.0260887683632312,0.9636598063093741,1.0265548248669039,1.083121521911178
1455,Challenge look,Oscar Gibson,1.140067383924181,0.9132551812143044,0.9847004587271247,1.2752943181912453
1456,It measure,Oscar Gibson,0.8769395293171833,1.065457569324318,1.0055930545067295,1.0159678481499306
1457,Thought yet,Oscar Gibson,1.0580409456872029,0.9940410527452372,1.0317301890440158,1.0701305489470991
1458,Mrs here we,Oscar Gibson,1.0232073129904748,1.0954433143133198,1.0639439423742887,1.2195632343513432
1459,Even better,Oscar Gibson,0.8986736315152662,1.1033679237790879,1.0414607564171972,0.929328652160274
1460,Push suffer,Oscar Gibson,1.27945209805365,1.1084625499660261,1.1011296386569671,1.2198013697081662
1461,Might become,Oscar Gibson,1.1001361678354682,0.9921551989516791,0.8858909613694532,1.1359881212524248
1462,Difficult,Oscar Gibson,0.9849462477431247,0.8345883343178329,1.2484574737670069,0.8609698974808463
1463,Share before,Oscar Gibson,0.9567400638730773,0.9818860546762251,0.9827183045170668,1.0288848879214392
1464,Available,Oscar Gibson,0.803685118079737,1.2124216024357812,0.9711078570726318,0.8655097044307276
1465,Effect,Oscar Gibson,1.026609381627486,0.9721577673501886,1.163818646595423,0.9341115652716914
1466,Main course,Oscar Gibson,1.106492701946206,1.099793155469424,0.9828481704739048,1.0129270261705534
1467,Clearly career,Oscar Gibson,0.9743915921475917,1.0719676100727433,1.046071374120869,0.9532496389211659
1468,Business,Oscar Gibson,1.0382992104746336,0.9871208218506302,0.9598028914497391,0.8691765112420664
1469,Herself within,Oscar Gibson,1.0904332166256345,0.8038920607721113,0.8305841658274068,0.863622899835385
1470,News make,Oscar Gibson,0.9645127867965859,0.9088215791405256,0.9889465914284571,1.1604528515543955
1471,Book approach,Oscar Gibson,0.7757382132894417,0.9670355046108334,1.1093887304373082,1.0735620228725888
1472,Current,Oscar Gibson,1.0686265515270785,1.1373473811792,1.004663824997491,0.9457912435370278
1473,Fall rather,Oscar Gibson,1.0191200060263381,0.9268689840095974,0.8164369838632248,0.8729875727819028
1474,Tax finally,Oscar Gibson,0.976911152736233,1.0145113266282482,1.0235067557761799,1.036624102942287
1475,Thank,Oscar Gibson,0.8898766714463482,1.0152660214358757,0.9498600283928309,0.9309986900659025
1476,According,Oscar Gibson,1.0626568483522636,0.9869858078769915,1.1945601136104755,0.9363670161258103
1477,My meet parent,Oscar Gibson,0.9847063968828771,1.0276668946900378,0.9964099310641341,1.1574801053227615
1478,College eat,Oscar Gibson,0.9532431474021099,0.9017302251822304,1.0085826361427168,0.8498017504790019
1479,Maybe manage,Oscar Gibson,1.0401732418526417,1.3189200175263347,0.9406932360486693,1.091362899478703
1480,Economy,Oscar Gibson,0.8975498151888921,0.9997237031935754,0.7981404073513109,0.9994162080045241
1481,Plan possible,Oscar Gibson,0.9162794675465487,0.8352008641355343,0.9068849269237897,0.9937666863616073
1482,Not station,Oscar Gibson,0.8717979354171724,0.80353489129994,0.8362376895699112,0.8707768609336928
1483,Door make no,Oscar Gibson,1.0444895702873207,0.90259759222794,1.0323994155040452,0.9162080581165517
1484,Sometimes born,Oscar Gibson,1.093576344270954,0.9588264648624011,0.883035774744074,1.0947090059271203
1485,Share past per,Oscar Gibson,0.9607116600590699,1.1833776838610153,1.0962107778521741,0.9193120965136972
1486,Chance detail,Oscar Gibson,1.0783806797722846,1.053320329017487,1.0758895777529949,1.1055456726408075
1487,Business me,Oscar Gibson,1.0623875027921055,0.855523670872481,0.9325925366308826,1.0113620918844002
1488,Despite,Oscar Gibson,0.8853279200846405,0.911192103560768,0.9792943564176314,1.0598317783940434
1489,Official day,Oscar Gibson,0.9695128378521705,0.9904444882669958,0.8958509578001769,0.9109870242487129
1490,Son should,Oscar Gibson,0.7522260375839536,1.0316872134400967,1.0729821950583842,1.0445962765637284
1491,Mean what,Oscar Gibson,1.1791939548087718,0.905975904850089,0.8545149510136043,0.9540301156724315
1492,Purpose,Oscar Gibson,0.864795442070306,0.9814741020254655,0.9076213890788539,1.0811570870867488
1493,Rest give,Oscar Gibson,1.0374716931168624,0.9777352846819027,0.9316184635489507,1.1337886456262385
1494,Various player,Oscar Gibson,1.0115100497647886,0.9507951908764181,1.011324061715082,1.111597610881958
1495,Herself make,Oscar Gibson,0.9976534173036834,1.050230034926939,1.0028947468956655,0.892548490241338
1496,Where enjoy,Oscar Gibson,0.8281566723493767,1.0468131993738885,1.0210064067388738,0.8238177058696534
1497,Soon sea,Oscar Gibson,0.8578709756254975,0.9765687424092997,0.9827065672898544,0.970120719010811
1498,Range without,Oscar Gibson,0.8275831244269403,0.9825230752729943,1.081929727838112,0.9166565157863514
1499,Decade grow,Oscar Gibson,0.7022850809362726,1.0022545489283166,0.8948583831312604,0.9896307684369595
1500,Let money test,Robert Wilson,0.8816616442633373,0.9439011515500328,1.071328885807714,1.0264103682453347
1501,I else off,Robert Wilson,1.0473743721081554,1.1042380071343858,1.1168844826969742,1.1110289163966984
1502,Doctor sign,Robert Wilson,1.0110104313227082,0.9433319840465704,1.110410392308219,0.9583384700839103
1503,Sit suddenly,Robert Wilson,1.0215314639108686,0.9067803184823583,0.9842415136877092,0.9577493615538624
1504,Always arrive,Robert Wilson,0.9319157851691098,0.8710546605544356,1.0688180900148616,0.9421475135517294
1505,Generation,Robert Wilson,1.0137577035388396,1.0115135617744833,0.9129755804668246,1.0101124961108425
1506,Behind ahead,Robert Wilson,1.1169887226547501,1.0283359322226535,0.9889035991915277,0.9204511943694947
1507,Change current,Robert Wilson,0.9380457261074318,1.0999151356498325,1.0712349729592354,1.1305629116316749
1508,Dark sea world,Robert Wilson,0.9333034809839716,0.9964446998050325,0.8598038944429979,1.090875371270656
1509,Light care,Robert Wilson,1.1007652998398134,1.048997306699701,1.098365951270149,1.128403121550935
1510,Authority,Robert Wilson,0.8953727097596994,0.977580676801498,1.0000338119029564,0.8500598331674598
1511,True prepare,Robert Wilson,1.0345777930459867,1.0110656946991896,0.8321817494816496,0.9098093710270533
1512,Great,Robert Wilson,0.8853173775598604,1.039372850962946,1.1302198546437345,1.0248672147876905
1513,Least police,Robert Wilson,0.9586722492725704,1.0414038560310306,0.9469053583673627,0.9125764104914468
1514,Huge,Robert Wilson,1.0778055105026603,1.0058209787994568,0.9564657630945901,0.9152686904342446
1515,Under food,Robert Wilson,0.9818289523350643,0.9486735531858176,1.1494750079296816,0.9170177199622679
1516,There travel,Robert Wilson,1.0607365447968187,1.2042655525231607,0.7938719390276509,1.0866753583203859
1517,Office light,Robert Wilson,1.0714802896578728,1.156301738892061,1.015821491892401,0.9558644878610597
1518,Woman lay,Robert Wilson,0.9304303548530133,0.9684736288315813,1.0848656223151756,1.1017151335007183
1519,Draw bill may,Robert Wilson,0.9421514535157133,0.9526884774919406,1.0412895306153311,1.1274239980428167
1520,Beyond range,Robert Wilson,0.8545936091506454,0.9286553025406749,0.9820413726646172,1.0736854025397125
1521,Population,Robert Wilson,0.9967775538963998,1.054287112441984,0.9139763665384817,0.9909873811247513
1522,Author within,Robert Wilson,0.8962667166232849,1.2253105137918945,0.8296758007109392,1.0403886265079545
1523,Point option,Robert Wilson,1.0607844283687597,1.1036305920171559,0.8042849170288471,1.017435150854705
1524,Production,Robert Wilson,1.1297628645358258,0.8329662620197307,0.8559253827809747,1.0042084598888839
1525,Week song tax,Robert Wilson,1.1014577979688263,0.9861179447859824,0.9981820082035029,0.887022856971348
1526,Why reason,Robert Wilson,0.9464437130481665,0.8789399474796248,0.8761630386372091,0.969908961182538
1527,Down throw,Robert Wilson,0.9785708729352739,0.9468913565331524,0.8879781431592906,0.9946817411552207
1528,Change choose,Robert Wilson,1.1488239087247611,0.9851546401428084,0.9939584536436694,1.0512205022490941
1529,Local skin,Robert Wilson,0.8639514514158885,0.9066012277475222,0.9912669918700755,0.8855967401378253
1530,Painting deal,Robert Wilson,0.879257365811255,1.137262315164997,1.1151909093635322,0.7494574205250919
1531,Because now,Robert Wilson,1.1650461355604036,0.9860720731179324,0.9923377108400623,0.9446140193570247
1532,Ever smile,Robert Wilson,0.9839472241875089,1.046180210066244,1.166436080257028,0.9211049261314875
1533,Expect simply,Robert Wilson,0.9344743020208159,0.8503777287783266,1.0211116319646305,1.110249118635154
1534,Brother song,Robert Wilson,0.8925477908539029,0.8825624855033071,1.1924727253190273,1.0823099982897793
1535,Available just,Robert Wilson,0.8612391507802601,0.9569943494317518,0.9821354556691373,1.0914328925072196
1536,Movie thank,Robert Wilson,0.9649625875682554,1.1020896665852005,1.032713093152033,1.0168494799305554
1537,Without attack,Robert Wilson,0.8177952120802959,0.8330570180646775,0.9208354750223818,1.1300064285540123
1538,War race visit,Robert Wilson,0.9382050302959999,0.9981612128050147,1.112567233912967,1.0379999702192515
1539,Region past,Robert Wilson,1.0529680524906295,0.8685204691128853,1.0577422484694123,1.0885721213132993
1540,Present parent,Robert Wilson,1.0177696171419863,0.988994992782661,0.9952421164333982,1.1185406046876305
1541,These hospital,Robert Wilson,1.0839268969830806,1.1551258136351525,1.1065106541338998,0.8328005167829053
1542,Piece suddenly,Robert Wilson,1.0897898021190007,1.0414438759131799,1.0932175115347638,0.7744548655307048
1543,Section,Robert Wilson,1.2453691223097494,1.1476004814784986,0.9039255120040418,0.9448462269236254
1544,Career today,Robert Wilson,0.9412700445391937,0.8856036691844307,1.0422711607296407,1.0317281565502563
1545,Why fear,Robert Wilson,1.1885322899313122,0.8451017955029854,0.9780370182309536,1.1069092544768746
1546,Let boy impact,Robert Wilson,1.0350041770577805,0.9932025941212317,0.9200657911418925,0.9614433815536398
1547,Allow else,Robert Wilson,1.109121322951827,1.0319983567976019,1.0436069826754848,0.9963038326964108
1548,Window officer,Robert Wilson,0.9695218761267848,0.9163444184733971,1.1468540386109791,0.8976218789420262
1549,Few become,Robert Wilson,1.0147063904869322,0.9979280256771672,0.9469529249719242,1.0765432086521005
1550,Be kid health,Robert Wilson,0.9875583687509562,0.9123782864777855,1.0459653352825786,0.9482491020791125
1551,Executive,Robert Wilson,1.0238736852644803,0.9219770696959987,1.029357017692546,0.9567544752602947
1552,Question,Robert Wilson,0.9436593507690672,1.0585570555855048,0.878326321054672,1.0576942111862784
1553,Represent,Robert Wilson,1.0373695506296012,0.9898720512938118,1.0044568793062365,1.0412962532419832
1554,Here side,Robert Wilson,0.9470965538285648,0.9589340018662535,0.906036661650457,1.1771195077976113
1555,Early leader,Robert Wilson,0.8469049622540251,0.9388052148978915,1.1275564247907928,1.0939068335012134
1556,No decision,Robert Wilson,1.182431527277061,0.9706681039590617,1.0429339272586446,0.8061320788136326
1557,Raise letter,Robert Wilson,1.0258542184791972,0.9332613438498156,0.8485397222067914,0.6880941841946218
1558,Dog share,Robert Wilson,0.9439251529316304,1.17457274183448,1.0202826154869717,0.9625092481555001
1559,Seat cell,Robert Wilson,1.0118284978888534,0.8549098739245348,0.9322249632607267,0.7895051245545849
1560,Network offer,Robert Wilson,1.1405550740613613,0.9648505613949749,0.957006232698297,1.05289600684758
1561,Everybody no,Robert Wilson,0.8916453229858989,1.154827732967237,1.0118835628838185,1.196442207444675
1562,Political yeah,Robert Wilson,0.9925170507289363,0.9415508655298067,1.002615233901727,0.9223458157962798
1563,Rise blood,Robert Wilson,0.9006569162925491,1.0143440784556677,1.071843789401577,0.9650992401931577
1564,When end,Robert Wilson,1.0493073617242525,1.0715381562208544,1.0333952072243253,1.0893141012445848
1565,Defense wait,Robert Wilson,0.8695317974280238,0.8538499489120304,0.9144133202905297,1.0563296872101353
1566,Never rest,Robert Wilson,1.2055349140845653,0.954268711680312,0.8356705895237933,1.0836923232721398
1567,Middle present,Robert Wilson,1.1662723413579832,1.0498633242120519,1.0395755734206924,0.915063763879743
1568,Those line,Robert Wilson,1.0899115861246003,1.141883750192822,1.1276916489809792,0.9314848129196643
1569,Person,Robert Wilson,1.1605484378592112,1.0234540819948295,1.0845855267403826,1.0479852025528482
1570,Newspaper send,Robert Wilson,0.970213574263797,1.1330118489869918,0.8450137619177672,0.8539355286035974
1571,Machine,Robert Wilson,0.8806569926140209,0.9971620836752542,1.0950342863160014,0.9707530583564156
1572,Throw past,Robert Wilson,0.8330406377755863,0.794765892169949,1.0011836681097859,0.9395610921707647
1573,Store,Robert Wilson,0.9722931476647868,0.9049533290623651,1.0000025791892606,1.0221939402064701
1574,Sense space,Robert Wilson,0.9218345306389297,0.9207085583434409,1.0221527283403724,0.9526284388632288
1575,Authority,Robert Wilson,1.0006990522779118,1.0398714782188203,1.0412075093565154,1.0012825947779762
1576,Reduce off,Robert Wilson,0.8500588611372458,1.0671013573283736,0.8572260958754305,1.1610523910895716
1577,Hospital,Robert Wilson,1.0094745660584519,1.0497173083754348,0.9503387662894,0.8637066255711229
1578,Live garden,Robert Wilson,0.7655842436796669,0.9022623919399181,0.9108467661720951,1.0666051183907348
1579,Bit church,Robert Wilson,1.1060368423256868,0.9736104733742289,1.0889391348655568,0.8690660242996358
1580,Front,Robert Wilson,1.116828640136872,1.045813286569056,0.7429363581224784,0.9518107831276408
1581,Heart lawyer,Robert Wilson,0.8480426525799732,0.8323652216688877,1.0773887969284073,0.8437819205177804
1582,By less hotel,Robert Wilson,0.9895137011526013,0.956964227391244,1.1165711703345094,0.9860269179663751
1583,Suffer,Robert Wilson,0.8124208338240715,0.8541035880335319,1.1360150815290653,1.010578277389908
1584,Sound five,Robert Wilson,0.7793245877546009,0.9105938075791878,0.9010507967721877,0.961017289903745
1585,Serve worry,Robert Wilson,0.9912757821719241,0.9205535866035996,1.1238570908117804,0.7957997533651736
1586,Turn focus,Robert Wilson,0.8941068483318239,0.8955750142300682,0.8241181213140963,0.9833448639612923
1587,Understand eat,Robert Wilson,1.056356601872601,0.9251496988543394,1.1718030961697006,1.1138756581387699
1588,Language,Robert Wilson,1.1301031415881968,1.1269739866002404,0.9784814754792132,0.9064713275557897
1589,Help often,Robert Wilson,0.9321777685997403,1.0149799851606034,1.213225312423369,1.0525988195020084
1590,Cause firm,Robert Wilson,0.954221818736974,1.0357663995395623,1.003264368612576,0.8600984430846615
1591,Citizen right,Robert Wilson,1.0312751917963763,1.017244000303135,0.9349437292336932,1.018601567691539
1592,Line my ok,Robert Wilson,0.9398800479455698,1.0953148697569035,0.948351301758636,0.7916497643516732
1593,Only whose,Robert Wilson,0.9056868483927922,1.0321469456860606,1.0801057676155978,0.9142477308312639
1594,Anyone home,Robert Wilson,0.9320252198281608,1.0465041517536495,0.9862524996993626,1.018919570680668
1595,Result trip,Robert Wilson,0.9258126455564308,1.148929907090304,1.0861393719215944,0.98128430642906
1596,Sister,Robert Wilson,0.994037884452704,1.1454390840298245,0.9970009305644874,0.9712683569802076
1597,Mother,Robert Wilson,1.1292469551869224,0.9793125638046022,1.0820985587616132,0.9485844977730337
1598,Together,Robert Wilson,1.002692595943055,1.0070341870235353,1.0043964378260841,0.9462250221417767
1599,Decide team,Robert Wilson,0.7207006120742594,0.9278286795421401,1.1379921308881609,0.9545891223070456
1600,Role something,Robert Wilson,0.9652450264437238,1.0465012729449223,0.9884268878913126,0.7818139006478056
1601,Sometimes tree,Robert Wilson,1.0215862529034343,1.1105840586635725,0.9372360607129434,1.030608067108235
1602,Water choose,Robert Wilson,1.0909147234224081,1.0063166405550952,1.0061827820292961,0.8600849478497294
1603,Agent glass,Robert Wilson,1.0753516494954445,1.0689556114667937,0.8408785597412989,0.9112029697949152
1604,Vote perform,Robert Wilson,0.9806112909781122,0.9781549204850368,1.0641816592274236,1.0187026327398556
1605,Majority kind,Robert Wilson,1.1112436822321838,1.0830269655078169,1.2812821683008653,1.087104256946831
1606,Push movie,Robert Wilson,0.9606366079043485,0.8914910755046797,0.9422404793923864,1.0748707750231195
1607,Kitchen thus,Robert Wilson,0.9753592898903709,1.1243417263326498,0.8908352739092836,0.9293232212188903
1608,Career of,Robert Wilson,1.2053319768905408,1.0344126196963046,1.0476310168821077,1.1205740946330627
1609,Every former,Robert Wilson,1.0783125491044587,0.9258373608902964,0.9157558321457233,1.0977201437004953
1610,Difference,Robert Wilson,0.9842806129722925,1.130955692532829,0.9704625161671698,1.033980324733997
1611,Different,Robert Wilson,0.9919143689807283,0.9941784413902198,0.9699087545610486,0.9751692151374233
1612,Strong billion,Robert Wilson,0.8971073237731255,1.0308864783688316,0.965983826232828,1.0282953600999045
1613,Measure every,Robert Wilson,1.1530380307686787,0.9814787495964387,0.8717249378753262,0.9283239098401381
1614,Fine rule our,Robert Wilson,1.1099024684236665,0.9492407292346248,0.9422249254275092,0.934409318809274
1615,Position fear,Robert Wilson,0.9193216692975067,0.9936305972248772,0.9112473938324956,1.0221337642990576
1616,Clear land,Robert Wilson,1.0016013814704205,1.2160919288325749,0.9863323236847492,1.031439507760405
1617,Tonight too,Robert Wilson,1.1836103376153744,0.9835520864907121,0.9712862623870954,1.076801009237291
1618,Today agency,Robert Wilson,0.9004654478200165,0.9400123527973692,1.0385174857207018,1.140627428788811
1619,Provide minute,Robert Wilson,1.0432307165176993,0.9951413821274054,0.8256073276796068,1.044124395602416
1620,Child kid miss,Robert Wilson,0.9303115701877707,0.9790102345508074,0.940323071734472,1.0261251091735426
1621,Break employee,Robert Wilson,1.0477609142681248,0.9684434138983908,0.8688019324963077,1.1162635300129509
1622,Themselves,Robert Wilson,0.8200437516073814,0.9870154908512995,0.942732696141649,0.9971864036070319
1623,Ground base,Robert Wilson,1.04540675209974,0.9924210910624536,0.8445552867500101,1.0824906234170437
1624,Improve meet,Robert Wilson,0.9395318066910722,1.0768942720990935,1.1413728457683332,1.074615108529025
1625,Cold single,Robert Wilson,0.9441313516630426,1.024091130676444,0.9206490662838249,1.1448929390265496
1626,Few tax,Robert Wilson,1.0091741497609774,0.799347542007667,0.8942144168848579,0.9374799220172254
1627,Player pull,Robert Wilson,0.9607009960992305,0.986072954798842,0.9399284991733831,0.9172545498136018
1628,Be strong,Robert Wilson,0.9169732496290537,1.0437869253647434,1.0810772411525447,0.9434302552498891
1629,Research leg,Robert Wilson,0.9073116830636436,0.9576695971858334,1.1496154492916781,1.0267560653756194
1630,Organization,Robert Wilson,0.9394527620801948,0.7332566457797715,1.047358407375995,0.8719349544334095
1631,Quality,Robert Wilson,0.9891381429941036,1.0338349077398934,0.9123915988137652,0.9122391447012693
1632,Various why,Robert Wilson,0.9963065201675785,1.0970734079344875,1.1713582253675452,1.1763347402630333
1633,Notice sort,Robert Wilson,0.8796164426022691,0.9745006165221661,1.0412012033801465,0.9304775062470112
1634,Administration,Robert Wilson,0.9858862692660355,0.9925705126155407,1.1452586974145047,1.021014562907287
1635,Very short,Robert Wilson,0.8832573418802002,1.0827969214718143,1.0622741439677237,1.0541409491150693
1636,Structure open,Robert Wilson,1.0629189150029832,0.7809078460881734,0.7684354299587305,0.9329489138040574
1637,Early none,Robert Wilson,0.9492133152806171,1.1893448364273649,1.183669793524237,1.1479480731213183
1638,Defense teach,Robert Wilson,1.1182943839020176,0.9003737426571241,1.0063093001125696,0.8748435094054988
1639,Small view gun,Robert Wilson,1.0217799702319683,0.9549825995350327,1.002060210018992,0.8973958978479318
1640,Nation arm,Robert Wilson,1.050537940051263,0.8384186879784311,0.9572947367378419,0.9306057538549904
1641,Hold year eye,Robert Wilson,0.969256621766432,0.9095608282157459,0.7871772107994992,0.9447698916639646
1642,Back manage,Robert Wilson,1.0123675901276077,1.2256258796877049,1.0424578345123954,0.9681073777294916
1643,Sister wall,Robert Wilson,0.8529694391289347,1.062319911582988,1.0380279384000224,1.1694053875371222
1644,Bad,Robert Wilson,0.8870483938001035,0.9602569905348352,1.129791643924206,0.7836528300979422
1645,Happen trip,Robert Wilson,0.9579951483485617,0.9790260879400291,0.9469040956114365,1.1021908865234342
1646,Business night,Robert Wilson,0.9262462078436953,1.249290382928613,1.0989573830562542,0.9255127420181802
1647,Yes exactly,Robert Wilson,0.9120322265272764,1.056311579514516,1.1797079227788168,1.0360463876629913
1648,Assume line,Robert Wilson,1.1512504548455647,0.9406962861886491,0.8470674671123224,1.09544104368189
1649,Mouth deal,Robert Wilson,0.9800380189439643,0.9122801942820022,1.032310545579067,0.9865600505774968
1650,Week cover,Elizabeth Chang,0.8878081875676725,1.1174032670444136,0.9970905510215388,1.1023539181156576
1651,Over bed,Elizabeth Chang,1.1053174142629512,0.8072790620858475,0.9798929090124971,0.9056514606567945
1652,Write of,Elizabeth Chang,1.071591539419405,1.0478034531242133,0.7809222943229932,1.1085945102778239
1653,Feeling,Elizabeth Chang,0.9388482478654939,1.0226076987291306,1.0183075226641216,0.9634665003121509
1654,Cost gas far,Elizabeth Chang,1.020400101023986,1.1449365090508914,1.014424319112079,1.0794379531488638
1655,Money win,Elizabeth Chang,1.2556358612184952,0.9625741507852347,1.0644344154275363,1.009310091750941
1656,Response hold,Elizabeth Chang,0.9689694945625086,1.018162349665582,1.0139388909461267,0.924830848166393
1657,Myself,Elizabeth Chang,1.0489456817217875,1.1286873922213756,0.8777017751799783,0.9239132829745641
1658,Trial,Elizabeth Chang,1.0703494166888872,0.9924345444380784,1.040915137629395,1.126940119564595
1659,Business,Elizabeth Chang,1.0777261391947783,1.0038117564685531,1.0472157898994585,0.8761962173602073
1660,Brother,Elizabeth Chang,0.9586255016252515,1.0587178043858423,1.0853935638152934,1.0091543946887178
1661,Discover tend,Elizabeth Chang,0.9591871113668231,1.008426867618469,1.0918622924786645,0.81465195892426
1662,Green spend,Elizabeth Chang,1.0160051237170704,0.9310831875259455,1.0568693071673299,0.9335083534269227
1663,Gas generation,Elizabeth Chang,1.0701683204162245,0.856196923068038,1.0189215551683992,0.9158653176461167
1664,Huge,Elizabeth Chang,1.0778055105026603,1.0058209787994568,0.9564657630945901,1.0627442985862539
1665,Phone worry,Elizabeth Chang,0.9999317787008118,0.9931910362247087,0.8248733470249949,1.102243306252954
1666,Evidence point,Elizabeth Chang,1.3030852806847717,1.0161603619991333,1.1657549818421873,0.9450462805024326
1667,Best us on,Elizabeth Chang,1.044365677220689,1.0797194734036175,0.9322245351938474,1.0867752131329453
1668,Maintain,Elizabeth Chang,0.929089806179939,1.0331890689917316,1.0509276819449147,1.0809537152259945
1669,State notice,Elizabeth Chang,0.9126076829575374,0.9786922618028734,0.8678188307992263,0.9934251744566278
1670,Others,Elizabeth Chang,1.2048638405592556,0.964602786059496,0.755313861102177,0.9080947139001708
1671,Relate school,Elizabeth Chang,0.9253126930439705,0.9995857447752252,0.8494217830606341,1.0444907035478141
1672,Campaign use,Elizabeth Chang,1.0802802321250138,0.9247064928111038,1.0581951174688142,0.979831207305807
1673,Serve order,Elizabeth Chang,0.8834559815057725,0.9138127776477507,0.8781548181145878,0.8892672740575307
1674,Us six main,Elizabeth Chang,1.0273007735298598,0.9117321999148218,0.9100684566423788,1.0977285587983652
1675,Result low,Elizabeth Chang,1.1779200860245194,1.1702231689753728,0.9379981605622563,0.9911546597340744
1676,Strategy,Elizabeth Chang,0.9380196955947182,1.1210711159996305,1.0209506650860785,1.0073611655276202
1677,Wait often,Elizabeth Chang,0.8774685987637098,1.078257766639548,1.0722323520618477,1.0311586686769818
1678,Price myself,Elizabeth Chang,1.0969430428712237,1.065249391568048,0.8877927108282346,1.005419334800904
1679,Chance thus,Elizabeth Chang,0.8826452148883261,1.0411122910468436,1.0373041434145156,1.2579438915072503
1680,Organization,Elizabeth Chang,1.1024236160868846,1.1813580019829262,1.0229224057476356,0.8003835289208671
1681,Health,Elizabeth Chang,1.0441886458468475,1.0882471780308443,0.8426103444542096,1.101857003186247
1682,My could loss,Elizabeth Chang,1.1121137534424357,0.995000073089957,1.0493671575799643,1.1454335462297758
1683,Meeting rich,Elizabeth Chang,0.9190191108248482,1.1262033452728968,0.860251768108371,1.2377745121195525
1684,Brother song,Elizabeth Chang,0.8925477908539029,0.8825624855033071,1.1924727253190273,0.8772025087724431
1685,Carry or care,Elizabeth Chang,1.0082352978587312,0.825415335795048,0.8679386536742346,1.0669960047516525
1686,Movie thank,Elizabeth Chang,0.9649625875682554,1.1020896665852005,1.032713093152033,0.9760751879706939
1687,Event week,Elizabeth Chang,0.8784635021521463,1.01002623482865,0.9579444178181771,0.9262037069736234
1688,Form career,Elizabeth Chang,1.147350207556783,0.9538300183950695,0.9680190816539984,1.0845683342443249
1689,Employee,Elizabeth Chang,0.9165981770189701,0.9482156983210884,0.841495575283061,1.0385350063635777
1690,Note our argue,Elizabeth Chang,0.9398056135723224,0.9926178548818597,0.9983416990073405,0.8390090503715293
1691,Plan two,Elizabeth Chang,0.9918950724589872,1.049214617644485,1.115251594425625,1.0962970711446387
1692,Rate anyone,Elizabeth Chang,0.9436235323292173,0.9879307623607708,0.9272184025221892,0.9934754012303652
1693,Scientist,Elizabeth Chang,1.0024639066935415,1.1707287014421026,0.9707751628091124,1.0540588780677356
1694,Cover idea,Elizabeth Chang,0.8964094576923934,1.1144716835468844,1.0124301712535544,1.0998703210773995
1695,Near if back,Elizabeth Chang,1.067790726533783,0.9947375586479511,1.0569885805927375,1.0336714182203806
1696,Purpose bank,Elizabeth Chang,1.1097258417902536,0.9861527730475941,0.9972498252248847,1.1193961059692907
1697,Ago remain,Elizabeth Chang,0.8812508680603812,0.8783886810596583,0.7624205713735313,0.9457434206302673
1698,Window officer,Elizabeth Chang,0.9695218761267848,0.9163444184733971,1.1468540386109791,1.0660285060529042
1699,Beat right,Elizabeth Chang,1.100163349778565,0.9905187939812539,1.1733940842947619,0.9808536561136433
1700,Prepare event,Elizabeth Chang,1.1225789975586247,1.029109006276402,0.9675866925393463,1.0615030148622113
1701,Including key,Elizabeth Chang,0.9128670623200559,1.1421680457272032,1.1288061600080925,0.8641815538625578
1702,Everybody win,Elizabeth Chang,0.9604542982447463,1.0539801784429574,1.0072509133292187,0.857689509517939
1703,Compare every,Elizabeth Chang,1.0594876122444203,1.130169613763914,1.0887639408036025,1.01907997837052
1704,Far new huge,Elizabeth Chang,0.9692078989213069,1.1043981245537258,0.9952195701972166,0.9792446633662014
1705,Certain next,Elizabeth Chang,0.9113810530701825,0.91722259012738,1.0597607377415486,0.8814773458192694
1706,As benefit,Elizabeth Chang,1.1303724928744436,1.0259826424164609,0.8198677693582938,1.0031022356072412
1707,Raise letter,Elizabeth Chang,1.0258542184791972,0.9332613438498156,0.8485397222067914,0.9755676641826497
1708,Product peace,Elizabeth Chang,0.8840937405412452,1.0050031097072998,0.9987243024703207,0.8077570698113622
1709,Seat cell,Elizabeth Chang,1.0118284978888534,0.8549098739245348,0.9322249632607267,1.0328814219130609
1710,Heart draw,Elizabeth Chang,1.0513849222397846,1.0294925298484312,0.8736435681791138,0.8423857259369516
1711,Stock seem,Elizabeth Chang,0.9377521342034072,1.0402041663584045,1.0005586012767744,1.0908856169771208
1712,Stay view,Elizabeth Chang,1.0677081307202476,0.8699716307133328,0.9219651598979615,1.2645417974555915
1713,Economic,Elizabeth Chang,1.0069359099339064,1.0137042385815025,1.071134373604502,1.0186195008133734
1714,Teacher level,Elizabeth Chang,0.9429650648834959,0.8439053933739886,1.1388655672273607,1.0633814237176893
1715,Try team page,Elizabeth Chang,0.9713207825115449,1.0793282976614695,0.9457047861505674,1.0138570464453136
1716,Only join,Elizabeth Chang,0.9631120211146936,0.9980488342928221,1.047742979290408,1.126831665766477
1717,Simple man,Elizabeth Chang,1.0251893226202355,1.130034165112649,1.118108256802713,1.0747871741228932
1718,Movie her,Elizabeth Chang,1.0406395067481742,1.1466074489804017,0.9605496496183901,0.9454768425441398
1719,Animal onto ok,Elizabeth Chang,0.9279721043386003,0.9280531434355006,0.9693283974133496,0.9342130959361702
1720,Newspaper send,Elizabeth Chang,0.970213574263797,1.1330118489869918,0.8450137619177672,0.8090894187790822
1721,Thus official,Elizabeth Chang,0.9054994250095114,0.8738592904321894,0.9244189196115964,0.809579688056721
1722,Happy use,Elizabeth Chang,1.04121291703026,0.8555161823153752,0.9106147639318166,0.8244501166815406
1723,Eight usually,Elizabeth Chang,1.0174517659355033,0.8829121642231706,1.0329998298899794,1.176122815655214
1724,Give every,Elizabeth Chang,1.010105961220957,0.9422025359271773,1.0073602955070489,1.1128933217011137
1725,Nature already,Elizabeth Chang,1.0275301288754144,1.0667926291575187,0.9951405016483059,0.9329290945919361
1726,Lead almost,Elizabeth Chang,1.1806650673675807,0.9637127366908914,1.0097363961766825,0.9487014721634285
1727,Behavior keep,Elizabeth Chang,0.7927984751335848,1.0923054798641754,1.018751582414739,0.9969391668513664
1728,College,Elizabeth Chang,0.920099086973222,0.9432226077889377,1.0244134698776537,1.0238074904009649
1729,Speech item,Elizabeth Chang,1.1319430054861404,0.8533153939233746,0.9290166239631551,1.0202424907765695
1730,Front,Elizabeth Chang,1.116828640136872,1.045813286569056,0.7429363581224784,1.0928503389391522
1731,Although,Elizabeth Chang,1.0527781752960412,0.9646414368264697,1.1390422067776742,1.0308352460519672
1732,Court evidence,Elizabeth Chang,1.0030505360487456,1.0185458160708198,1.2230233323697453,0.962665080082067
1733,Moment,Elizabeth Chang,1.0205410274229194,0.9102223949102163,1.0486965992253345,1.2873861175491053
1734,Worry chance,Elizabeth Chang,0.952201947881577,1.0392491957293308,1.083667348634449,0.9415663085978923
1735,Drive certain,Elizabeth Chang,1.229822961010323,1.0095514503923706,1.0705500890348827,1.0637711871240831
1736,Walk brother,Elizabeth Chang,0.9667765496597935,1.0866100141407622,1.013365431444269,0.9362588523052894
1737,Good my,Elizabeth Chang,1.254664371447097,0.9770855488508418,1.1738229265841285,0.913437369944135
1738,Nor top,Elizabeth Chang,1.0215234039453938,1.0449803490929945,1.0410879971504927,1.0036521001649292
1739,Include give,Elizabeth Chang,1.1062019604444167,0.9976858896754238,0.7718250464479361,0.8068445221907312
1740,Meet leader,Elizabeth Chang,1.057658637055076,0.9151789915133001,1.1133354605116939,1.1295309701450447
1741,Son avoid,Elizabeth Chang,0.9410744482231713,1.1239168374702022,0.9739320508887079,1.0483463113407108
1742,Own recognize,Elizabeth Chang,0.9991309864774495,1.2456458945557316,1.0545798103930626,0.8834265034746652
1743,Attorney occur,Elizabeth Chang,0.8882164308316761,0.8705967576853051,1.0836928147099707,0.9482529853070089
1744,Mean would,Elizabeth Chang,0.9553159915214176,0.9284907659955319,1.0103642480991515,1.045856428851212
1745,Laugh pass,Elizabeth Chang,1.2032263164077663,0.9860641859741227,1.087297491069465,0.8987992842947377
1746,High range,Elizabeth Chang,1.0860335641405543,0.925383484202534,1.073707859142639,0.996709558542074
1747,Mother,Elizabeth Chang,1.1292469551869224,0.9793125638046022,1.0820985587616132,0.9327588794643078
1748,Together,Elizabeth Chang,1.002692595943055,1.0070341870235353,1.0043964378260841,0.938354082901908
1749,Some partner,Elizabeth Chang,1.206331129663893,0.8825047898328389,1.1114214494285943,0.9789907150375903
1750,Seat red agent,Elizabeth Chang,1.0074262407734456,0.8776231086546874,0.8677060308232556,1.0086527520518662
1751,Knowledge its,Elizabeth Chang,1.0659156695872514,0.9947875166129941,0.9611672076961415,0.9560542739820843
1752,Consumer,Elizabeth Chang,0.9892142107379379,0.8153409621244564,0.9050184931247741,1.0448974891366534
1753,First shoulder,Elizabeth Chang,0.9427132858432531,1.0357264825195012,1.1052675360666258,1.0853926263017593
1754,Over challenge,Elizabeth Chang,0.9832929387334424,0.9359625438731298,1.1038418591760768,1.0513924547029796
1755,But during,Elizabeth Chang,0.9549880501071155,0.9142339386825857,0.8618593665685743,1.017822128372181
1756,Doctor explain,Elizabeth Chang,0.9189104742269936,1.0772049204903502,0.9067572009261629,0.8889854816529498
1757,Kitchen thus,Elizabeth Chang,0.9753592898903709,1.1243417263326498,0.8908352739092836,0.9967918713000076
1758,Never miss,Elizabeth Chang,0.8575038144202569,0.8976858881797529,0.7676856813023748,0.7863976468345788
1759,Page occur,Elizabeth Chang,0.9371139066748999,0.9504389191001302,0.9985410496825434,1.0565885834294713
1760,Choose box,Elizabeth Chang,1.0164124819523443,0.993502565053737,1.1793318378143365,1.1350231469866219
1761,Property skin,Elizabeth Chang,1.1063706617479943,1.0589556592242881,1.1212000149182064,0.8807545663720328
1762,Talk appear,Elizabeth Chang,1.1087771537974094,1.0112896064738695,0.9212874461631836,0.9184098242876095
1763,Body challenge,Elizabeth Chang,0.9974646113390424,0.9397794478516057,1.101480281533026,0.8278739500147704
1764,Responsibility,Elizabeth Chang,0.9604213769666254,1.125470657560646,1.0034977426475182,1.0066763700741883
1765,Exist know,Elizabeth Chang,1.1031551562279927,0.9545443414739853,0.9846912101542002,1.0587509377028934
1766,Attack onto,Elizabeth Chang,0.9202335675414545,0.9297589935277906,1.0246345041468274,0.8924220449863511
1767,Debate none,Elizabeth Chang,1.0360783256290964,1.100005911873293,0.9000150469519976,0.9142143533724485
1768,Position enter,Elizabeth Chang,0.9707507737715096,1.1247927211098436,1.1590302838428537,1.1895885906966779
1769,Provide minute,Elizabeth Chang,1.0432307165176993,0.9951413821274054,0.8256073276796068,0.908563741857002
1770,Child kid miss,Elizabeth Chang,0.9303115701877707,0.9790102345508074,0.940323071734472,0.7792135885584456
1771,Indicate fear,Elizabeth Chang,1.121178088097571,1.0656036363781298,1.0333926277081336,0.9820420865289846
1772,Themselves,Elizabeth Chang,0.8200437516073814,0.9870154908512995,0.942732696141649,0.9561948725482446
1773,Nothing hear,Elizabeth Chang,0.9667693982487408,1.0764934919207432,0.8692229680593526,0.8357656693764905
1774,After rise,Elizabeth Chang,1.0132547365294546,0.9826925013543476,1.1012477042580129,0.9539920976964658
1775,Security his,Elizabeth Chang,0.8828311258878547,1.0151591118355106,0.9736463932875136,1.0278926827333918
1776,Few tax,Elizabeth Chang,1.0091741497609774,0.799347542007667,0.8942144168848579,1.061511602018759
1777,Experience,Elizabeth Chang,0.937136177154049,1.1503525516847675,0.9044624598325578,0.8383322175452423
1778,Media money,Elizabeth Chang,0.9696189772380213,0.8463521697118042,1.0789755282249982,0.9097179043120508
1779,Fish although,Elizabeth Chang,0.9452642434274068,0.9919143650876645,1.031457289187974,1.0901636863980415
1780,Center game,Elizabeth Chang,1.1062092283578673,1.0548613266673,1.0432942680081774,1.0517978400265162
1781,Occur mean,Elizabeth Chang,0.9752424506987155,0.9254726569996418,1.1723533794075018,1.0950253234279022
1782,Box TV fear,Elizabeth Chang,0.9451119654577091,0.9564314615669955,1.0034927174305652,0.9631673864431521
1783,Other memory,Elizabeth Chang,0.9165727761834569,1.036019602823191,0.9168502584122009,1.077510884782372
1784,Space big,Elizabeth Chang,0.8482139326625572,1.066743764834725,1.0340936052866883,0.8830702395158511
1785,Very short,Elizabeth Chang,0.8832573418802002,1.0827969214718143,1.0622741439677237,0.7990299473448492
1786,Near region,Elizabeth Chang,1.1497035424320563,1.0432361983909078,1.0010358673657456,1.207160104012836
1787,Friend seem,Elizabeth Chang,1.0590666423792106,0.9359588502376134,1.246710638521526,0.9133469389262499
1788,Visit single,Elizabeth Chang,0.8719867683041512,1.0338997772728442,1.123857705002366,1.1131279492436514
1789,Anyone best,Elizabeth Chang,0.9295697807758279,1.081620516190978,1.0259959511404482,1.046283069799219
1790,Beat project,Elizabeth Chang,1.0925220802059288,0.8650349789389329,1.0229708370898472,0.9888419204177266
1791,Term there,Elizabeth Chang,0.999978702295363,0.9323685914470131,1.1238465781818574,1.091999994255162
1792,Crime law,Elizabeth Chang,0.7338268071256205,0.8890503979071159,0.8952156614340564,1.0734936681150589
1793,Guy drop north,Elizabeth Chang,0.9669256054025659,0.8873910712893668,1.1244550238045723,0.8678491678889302
1794,Identify,Elizabeth Chang,1.040468230971279,1.1440160483264135,1.0536555799531255,1.0069300222274926
1795,Ok option,Elizabeth Chang,1.1108949012648084,1.1122790822951236,0.9476893228668797,0.9407339459566496
1796,Attorney home,Elizabeth Chang,1.1255034288674002,1.0870342080623376,0.986079675709302,0.846040287479058
1797,Prove few,Elizabeth Chang,0.9583127485804207,1.0828043625815984,1.0196446392992833,1.056056704780185
1798,He collection,Elizabeth Chang,1.005217742480558,1.1289817294256568,1.0412478840873791,0.9972781942463812
1799,Task run write,Elizabeth Chang,1.0064489851430918,0.9455931279829055,1.1146724430611819,0.8554779152112383
1800,Let money test,Ruth May,0.8816616442633373,0.9439011515500328,1.071328885807714,0.8754167375320601
1801,I else off,Ruth May,1.0473743721081554,1.1042380071343858,1.1168844826969742,0.8837240037501183
1802,Doctor sign,Ruth May,1.0110104313227082,0.9433319840465704,1.110410392308219,1.1664203807287545
1803,Sit suddenly,Ruth May,1.0215314639108686,0.9067803184823583,0.9842415136877092,1.0221094772326318
1804,Woman summer,Ruth May,0.9811926044055264,1.0265832081598245,0.8806991714869268,1.0171515833050195
1805,Generation,Ruth May,1.0137577035388396,1.0115135617744833,0.9129755804668246,1.067260292803621
1806,Could new,Ruth May,0.9289885978876162,1.0309028749211255,0.9875647878854085,0.8629152277255279
1807,Part cold note,Ruth May,1.1652718487702343,1.0344919796116576,1.097346874695943,0.884427350250004
1808,Close music,Ruth May,0.9494753028875489,1.0735327226790028,0.9634804261264133,1.0656791169271833
1809,Technology,Ruth May,1.1577718765796792,1.0888007891893883,0.8678038921201298,1.0341445223221792
1810,Authority,Ruth May,0.8953727097596994,0.977580676801498,1.0000338119029564,1.1666920959583107
1811,True prepare,Ruth May,1.0345777930459867,1.0110656946991896,0.8321817494816496,0.9979042711086568
1812,Perhaps rock,Ruth May,0.9855050418027818,1.0264167969670983,0.918470850100504,1.037555314394907
1813,Economy them,Ruth May,1.0636792776800967,0.976055785667417,1.0620050405477104,1.0638966676738297
1814,Scene dog,Ruth May,1.06755884182993,0.9555150419951213,1.135250915983608,1.124684671884286
1815,Option mouth,Ruth May,0.9898510415839957,0.9878929421511902,0.9327633404803598,1.1162990689876733
1816,Truth,Ruth May,1.0700866176959123,1.0748080316213964,0.8725934460911596,1.1276322939516583
1817,Office light,Ruth May,1.0714802896578728,1.156301738892061,1.015821491892401,1.0826735562385192
1818,Very house,Ruth May,1.0980693654289908,0.93084788560228,1.1098825612458136,1.0221988813877774
1819,Above feel,Ruth May,1.151580519887346,0.9589159542764373,1.0350965088663093,1.070809496626437
1820,Read soldier,Ruth May,0.9361120087808033,0.7997249638461208,0.9739099318515836,1.0368656165241448
1821,Population,Ruth May,0.9967775538963998,1.054287112441984,0.9139763665384817,1.1155979712526176
1822,Author within,Ruth May,0.8962667166232849,1.2253105137918945,0.8296758007109392,0.9447397755642198
1823,Point option,Ruth May,1.0607844283687597,1.1036305920171559,0.8042849170288471,0.956700998929737
1824,Production,Ruth May,1.1297628645358258,0.8329662620197307,0.8559253827809747,1.017497934964623
1825,Week song tax,Ruth May,1.1014577979688263,0.9861179447859824,0.9981820082035029,1.068656217073399
1826,Once not,Ruth May,1.1571657994692983,0.9746169656211885,0.9863313118928796,0.8989002119938915
1827,Several,Ruth May,0.9459012316863523,0.9653325061523211,1.1952773071432479,1.2018445477592583
1828,Change choose,Ruth May,1.1488239087247611,0.9851546401428084,0.9939584536436694,1.178270577076546
1829,Local skin,Ruth May,0.8639514514158885,0.9066012277475222,0.9912669918700755,1.0163779009729321
1830,Painting deal,Ruth May,0.879257365811255,1.137262315164997,1.1151909093635322,1.0038864522136481
1831,Because now,Ruth May,1.1650461355604036,0.9860720731179324,0.9923377108400623,0.897339712565604
1832,Ever smile,Ruth May,0.9839472241875089,1.046180210066244,1.166436080257028,0.9736621517892726
1833,Expect simply,Ruth May,0.9344743020208159,0.8503777287783266,1.0211116319646305,1.1834822591134166
1834,Perform,Ruth May,0.9560194927503459,0.8677230084500396,0.8979564483714617,1.0413800344770345
1835,Help be pretty,Ruth May,0.9999411044684432,0.7839267302668809,0.8331904094430709,1.2181298788669879
1836,Consider admit,Ruth May,1.1361900847361215,0.9642493487176096,1.3105564620748598,0.9507511939209434
1837,Without attack,Ruth May,0.8177952120802959,0.8330570180646775,0.9208354750223818,1.0873081478776614
1838,War race visit,Ruth May,0.9382050302959999,0.9981612128050147,1.112567233912967,0.9180374334527377
1839,Region past,Ruth May,1.0529680524906295,0.8685204691128853,1.0577422484694123,1.0067610420952002
1840,Shoulder who,Ruth May,1.0729835895872897,1.0730393436169638,1.0792118412287377,0.9384737245788514
1841,Administration,Ruth May,0.9288047912889108,1.026392492983229,0.9000159748679842,1.1004343294950338
1842,Against amount,Ruth May,1.0733593541133635,0.9569512431599027,1.0648421714566803,0.919059036487303
1843,Section,Ruth May,1.2453691223097494,1.1476004814784986,0.9039255120040418,0.8324240327777436
1844,Career today,Ruth May,0.9412700445391937,0.8856036691844307,1.0422711607296407,1.1221818401154826
1845,Why fear,Ruth May,1.1885322899313122,0.8451017955029854,0.9780370182309536,0.936748233803188
1846,Lawyer prove,Ruth May,0.9128380138600465,1.0810872427620337,0.884558210638523,0.9905539158667657
1847,Allow else,Ruth May,1.109121322951827,1.0319983567976019,1.0436069826754848,0.9595989377497048
1848,Pull country,Ruth May,1.0094844387773443,1.092746351768559,0.949549187997033,0.9825031700083224
1849,Few become,Ruth May,1.0147063904869322,0.9979280256771672,0.9469529249719242,0.9284803765442409
1850,Degree deal,Ruth May,1.0246561204810936,1.0053770216192823,1.0357771570201753,1.0058848222425374
1851,Executive,Ruth May,1.0238736852644803,0.9219770696959987,1.029357017692546,0.9200937710176154
1852,Question,Ruth May,0.9436593507690672,1.0585570555855048,0.878326321054672,0.9210301362774171
1853,Represent,Ruth May,1.0373695506296012,0.9898720512938118,1.0044568793062365,1.0362150460749566
1854,Here side,Ruth May,0.9470965538285648,0.9589340018662535,0.906036661650457,1.143516725792217
1855,Early leader,Ruth May,0.8469049622540251,0.9388052148978915,1.1275564247907928,1.0147907993706922
1856,Local group,Ruth May,0.9965354819632737,0.942056025324,1.061692699016855,1.093287770885308
1857,Speak rather,Ruth May,1.0516684487397572,0.9989492227903178,1.0855888546337418,1.2373288241472964
1858,Pretty clear,Ruth May,0.964386914640642,1.1717913580550652,0.9757418070738727,0.9871230913646893
1859,Anyone need,Ruth May,1.079467708540104,0.9421945013583909,1.0300469850612308,1.0042839603706866
1860,Network offer,Ruth May,1.1405550740613613,0.9648505613949749,0.957006232698297,0.7725057216510763
1861,Happy,Ruth May,0.9706109542683201,1.1096589705123492,1.0433775098893971,0.829966700103822
1862,Political yeah,Ruth May,0.9925170507289363,0.9415508655298067,1.002615233901727,0.8682514010652616
1863,Then follow,Ruth May,0.9194610980779785,0.93081757081979,0.9436056856882432,0.9006293425357956
1864,When end,Ruth May,1.0493073617242525,1.0715381562208544,1.0333952072243253,0.9720146228404669
1865,Affect vote,Ruth May,1.0827621265421792,1.085587492195226,0.9733462645012064,0.9961992218371596
1866,Never rest,Ruth May,1.2055349140845653,0.954268711680312,0.8356705895237933,0.9403540715740981
1867,Middle present,Ruth May,1.1662723413579832,1.0498633242120519,1.0395755734206924,1.0002665567128692
1868,Place wind,Ruth May,0.939048205730905,0.9299880833949085,0.8901047493086225,0.8848485354387284
1869,Though feeling,Ruth May,0.9760162946967126,1.0110232691515209,0.9647611360366491,1.1019952297144713
1870,Training,Ruth May,0.9566865778373208,0.8277809811616448,1.0831257437645605,0.960426464929264
1871,Machine,Ruth May,0.8806569926140209,0.9971620836752542,1.0950342863160014,1.0095249282494068
1872,Stock than use,Ruth May,1.0827111036824912,0.9944009846067664,0.844397322312769,1.1138292444599573
1873,Certain board,Ruth May,0.9972252460176734,1.0568089156493095,1.0332834980129688,1.0747713382896553
1874,Sense space,Ruth May,0.9218345306389297,0.9207085583434409,1.0221527283403724,0.9454890222444063
1875,Authority,Ruth May,1.0006990522779118,1.0398714782188203,1.0412075093565154,0.8172253885017191
1876,White age,Ruth May,1.1019536876035951,1.0216808062453633,1.181172860067536,1.0191210679244354
1877,Hospital,Ruth May,1.0094745660584519,1.0497173083754348,0.9503387662894,1.0192072699262091
1878,Live garden,Ruth May,0.7655842436796669,0.9022623919399181,0.9108467661720951,1.1325875432124772
1879,Bit church,Ruth May,1.1060368423256868,0.9736104733742289,1.0889391348655568,1.0715670512032531
1880,Together,Ruth May,0.89358641829043,1.243137877201184,1.1031185956729117,1.0112214962927442
1881,Heart lawyer,Ruth May,0.8480426525799732,0.8323652216688877,1.0773887969284073,0.9292694696279032
1882,Congress final,Ruth May,1.3490627396312673,0.9943647221859967,1.1736358263605624,1.1281460015972056
1883,Brother member,Ruth May,1.1077745254328104,0.903687414444335,0.9531913174381369,0.8599043243789988
1884,Main,Ruth May,0.9170188108857288,0.9575306920924557,0.7411802528468909,1.0041218817239768
1885,Both customer,Ruth May,1.0836261127628963,1.1234008114003295,1.0073287358080574,0.8518514618092448
1886,Turn focus,Ruth May,0.8941068483318239,0.8955750142300682,0.8241181213140963,1.0503519654018612
1887,Understand eat,Ruth May,1.056356601872601,0.9251496988543394,1.1718030961697006,1.1224400742070442
1888,Language,Ruth May,1.1301031415881968,1.1269739866002404,0.9784814754792132,1.0476169201125478
1889,Help often,Ruth May,0.9321777685997403,1.0149799851606034,1.213225312423369,0.8952385803682067
1890,Economic city,Ruth May,1.1594922145098006,1.2184569546448176,1.1848903599482505,1.079105610677172
1891,Method his,Ruth May,1.0304790197028502,0.9397991106598549,0.8901056572696836,0.9928430788528606
1892,Theory buy,Ruth May,1.0091468877056446,1.114181161997251,1.082473632044635,1.1715739186161804
1893,Car however,Ruth May,0.9623606639559792,1.0734922307634227,0.9711727985001957,1.0178382814016238
1894,Anyone home,Ruth May,0.9320252198281608,1.0465041517536495,0.9862524996993626,1.0366604692218175
1895,Minute quickly,Ruth May,0.855604751120469,0.9650857136141142,0.9172325709725513,0.8735215402153671
1896,Sister,Ruth May,0.994037884452704,1.1454390840298245,0.9970009305644874,1.0535002219215834
1897,Able find wish,Ruth May,0.8833868021986976,1.022763604064947,0.9343309996244322,0.9549560198456211
1898,Shake high,Ruth May,0.8998211019431273,0.9599427739181801,0.9666926967072289,0.9441951671089812
1899,Or staff,Ruth May,1.0194848999378558,0.9218547372041114,0.896103069240931,1.070334449184141
1900,Role something,Ruth May,0.9652450264437238,1.0465012729449223,0.9884268878913126,1.1049923089359193
1901,Sometimes tree,Ruth May,1.0215862529034343,1.1105840586635725,0.9372360607129434,1.1831301509522645
1902,Security,Ruth May,1.0481838402478842,0.8638731090501357,0.9326482823043329,1.0073299861220444
1903,Agent glass,Ruth May,1.0753516494954445,1.0689556114667937,0.8408785597412989,0.9858523197379053
1904,Weight against,Ruth May,1.1163961638418805,1.002240513604242,1.0406068912269457,0.944846735978107
1905,Majority kind,Ruth May,1.1112436822321838,1.0830269655078169,1.2812821683008653,1.0396783675646548
1906,Push movie,Ruth May,0.9606366079043485,0.8914910755046797,0.9422404793923864,1.0548781822784963
1907,Above,Ruth May,0.9403909895003435,0.9464982863718118,1.0553385677268592,1.1196696949679117
1908,Career of,Ruth May,1.2053319768905408,1.0344126196963046,1.0476310168821077,0.8551520964982048
1909,Every former,Ruth May,1.0783125491044587,0.9258373608902964,0.9157558321457233,0.944048060139049
1910,Peace foreign,Ruth May,0.8347014430932174,1.0261945312080623,1.0545174066593688,0.8572995186109155
1911,Different,Ruth May,0.9919143689807283,0.9941784413902198,0.9699087545610486,0.9496204260177041
1912,Already seek,Ruth May,1.1031885025261339,0.9672655090062915,0.9873435623125428,0.9942501335994889
1913,Measure every,Ruth May,1.1530380307686787,0.9814787495964387,0.8717249378753262,1.1260496385628729
1914,Fine rule our,Ruth May,1.1099024684236665,0.9492407292346248,0.9422249254275092,1.006204141062683
1915,Position fear,Ruth May,0.9193216692975067,0.9936305972248772,0.9112473938324956,0.8792749329125561
1916,Clear land,Ruth May,1.0016013814704205,1.2160919288325749,0.9863323236847492,0.9049416583161392
1917,Blue trouble,Ruth May,1.13499872458624,0.8107628129029179,0.885265142409283,0.9998112219834937
1918,Today agency,Ruth May,0.9004654478200165,0.9400123527973692,1.0385174857207018,0.968858208809443
1919,Arm pattern in,Ruth May,0.9419506898907127,1.1109926894700115,0.9682258420439644,1.027575175531008
1920,Rich,Ruth May,1.0109120813649661,1.1929027842456414,0.9447877945095902,1.0633301211742041
1921,Break employee,Ruth May,1.0477609142681248,0.9684434138983908,0.8688019324963077,1.011775752386875
1922,Want yeah,Ruth May,0.9361540391983706,1.1478116867174406,1.0664047081813242,0.9775924887796145
1923,Wife,Ruth May,0.8000361338771855,1.1821308708484075,0.9584480763795319,0.9956732868110959
1924,Improve meet,Ruth May,0.9395318066910722,1.0768942720990935,1.1413728457683332,0.9384631186400588
1925,Cold single,Ruth May,0.9441313516630426,1.024091130676444,0.9206490662838249,1.000514210170635
1926,Room different,Ruth May,0.9911656723103605,1.0771774935385112,1.0669127458827192,0.9533726571970906
1927,Pretty,Ruth May,0.8692603441439344,0.9661932001144243,0.8450553154587203,1.1417268408942631
1928,Vote sport,Ruth May,0.9158012081369851,0.9386431530603291,0.9027097725291214,0.9472076841678558
1929,Research leg,Ruth May,0.9073116830636436,0.9576695971858334,1.1496154492916781,1.0874546296259775
1930,Organization,Ruth May,0.9394527620801948,0.7332566457797715,1.047358407375995,1.0479953866281417
1931,Economy trial,Ruth May,0.9583002153116988,0.9485085248662715,0.8776594582128703,0.9448239182687145
1932,Scene check,Ruth May,0.961999323279213,1.0815397757887095,1.0419436741592538,0.9041232286558946
1933,Man range sort,Ruth May,0.9526697167281386,0.9007340482733387,1.0986531296699624,1.0089705210775641
1934,Administration,Ruth May,0.9858862692660355,0.9925705126155407,1.1452586974145047,1.267390256102424
1935,Expect space,Ruth May,1.069435451320536,1.040223835856182,1.1031800364509838,1.1871472622999117
1936,While than,Ruth May,1.1368397691371352,1.0988199724307302,1.016767673654821,0.9651682355319504
1937,Oil movement,Ruth May,1.0188349745043617,0.9930387651761315,0.9639965589854981,0.6893573561141477
1938,Defense teach,Ruth May,1.1182943839020176,0.9003737426571241,1.0063093001125696,1.0847588743203194
1939,Small view gun,Ruth May,1.0217799702319683,0.9549825995350327,1.002060210018992,1.0772545159320233
1940,Nation arm,Ruth May,1.050537940051263,0.8384186879784311,0.9572947367378419,1.0381340778051316
1941,Hold year eye,Ruth May,0.969256621766432,0.9095608282157459,0.7871772107994992,1.2117955297407559
1942,Back manage,Ruth May,1.0123675901276077,1.2256258796877049,1.0424578345123954,1.0050393136582763
1943,View challenge,Ruth May,0.9612717499156112,1.0531589981809797,1.1131705520032515,0.9156107352960074
1944,Bad,Ruth May,0.8870483938001035,0.9602569905348352,1.129791643924206,1.0987440549596235
1945,Happen trip,Ruth May,0.9579951483485617,0.9790260879400291,0.9469040956114365,0.9081127377760987
1946,Business night,Ruth May,0.9262462078436953,1.249290382928613,1.0989573830562542,1.0944580282829715
1947,Follow,Ruth May,1.0905940437675659,1.1319175024792059,1.109606054052403,1.0127465678774703
1948,Assume line,Ruth May,1.1512504548455647,0.9406962861886491,0.8470674671123224,0.9296768707017363
1949,Seven space,Ruth May,0.8990998699782826,0.9582232376632354,0.7768354692123688,1.0120180017214162
1950,Week cover,Tommy Sloan,0.8878081875676725,1.1174032670444136,0.9970905510215388,1.0962412266750765
1951,Station,Tommy Sloan,1.0283137353413663,1.02625610353859,0.8943924118380185,0.9286492714465574
1952,Write of,Tommy Sloan,1.071591539419405,1.0478034531242133,0.7809222943229932,1.1326223519588436
1953,Feeling,Tommy Sloan,0.9388482478654939,1.0226076987291306,1.0183075226641216,1.0992132896325195
1954,Cost gas far,Tommy Sloan,1.020400101023986,1.1449365090508914,1.014424319112079,1.0998421347400873
1955,Money win,Tommy Sloan,1.2556358612184952,0.9625741507852347,1.0644344154275363,1.1711053934875448
1956,Response hold,Tommy Sloan,0.9689694945625086,1.018162349665582,1.0139388909461267,0.9827699420552587
1957,Myself,Tommy Sloan,1.0489456817217875,1.1286873922213756,0.8777017751799783,1.0775898248179123
1958,Trial,Tommy Sloan,1.0703494166888872,0.9924345444380784,1.040915137629395,1.0000355253857864
1959,Seek culture,Tommy Sloan,1.1097749073421743,1.1192494062113996,0.8869547321996667,0.9822856645330811
1960,Glass down,Tommy Sloan,1.0442834702472557,1.0966522398865708,0.9795555085313208,1.0013033288410034
1961,Discover tend,Tommy Sloan,0.9591871113668231,1.008426867618469,1.0918622924786645,1.2870522514936162
1962,Green spend,Tommy Sloan,1.0160051237170704,0.9310831875259455,1.0568693071673299,1.1492590924575679
1963,Key anyone on,Tommy Sloan,0.9691658972642412,1.0099126267972496,0.9813134350862099,1.0282003441421783
1964,Simply smile,Tommy Sloan,0.8572679544510573,1.051067225885677,0.9687230724898694,0.938613440913282
1965,Forget almost,Tommy Sloan,0.8760041359135514,0.9756397708587896,1.1457811781449538,1.0500290426663461
1966,Response enjoy,Tommy Sloan,0.9745657439559094,1.1119253194093464,1.0973301142686207,1.013152048094635
1967,Best us on,Tommy Sloan,1.044365677220689,1.0797194734036175,0.9322245351938474,0.949494561549064
1968,Language no,Tommy Sloan,1.040014944839583,1.056555676200228,1.1876948170598856,0.8957672907240692
1969,Light describe,Tommy Sloan,0.8922390049944049,1.086316812627507,0.9069646311419273,1.1577558484737305
1970,Bag including,Tommy Sloan,1.0023168402514875,0.8246927807943418,1.0578201682396846,0.9697315558021143
1971,Many beat car,Tommy Sloan,0.9621463765480123,0.9580931042327526,1.0851391480813615,1.2293844198920056
1972,Campaign use,Tommy Sloan,1.0802802321250138,0.9247064928111038,1.0581951174688142,0.8798698906991939
1973,Serve order,Tommy Sloan,0.8834559815057725,0.9138127776477507,0.8781548181145878,0.9695190631193246
1974,Us six main,Tommy Sloan,1.0273007735298598,0.9117321999148218,0.9100684566423788,0.9447616614836652
1975,Set stand add,Tommy Sloan,0.8635595788761236,1.0854488699817089,1.0378623037045756,0.9439867629685711
1976,Strategy,Tommy Sloan,0.9380196955947182,1.1210711159996305,1.0209506650860785,1.091292657647648
1977,Wait often,Tommy Sloan,0.8774685987637098,1.078257766639548,1.0722323520618477,1.1157694747819695
1978,Baby agent,Tommy Sloan,0.9694546319272339,1.2784874712843766,1.1126833552870572,1.1447787605025868
1979,Way democratic,Tommy Sloan,0.8990402911115462,0.9823526799525608,0.874357243649857,0.967621487482151
1980,Organization,Tommy Sloan,1.1024236160868846,1.1813580019829262,1.0229224057476356,1.0059644567417683
1981,Health,Tommy Sloan,1.0441886458468475,1.0882471780308443,0.8426103444542096,0.904562162176725
1982,Which,Tommy Sloan,1.105087282869073,0.906522549864541,0.9066813887202705,0.9939784645989838
1983,Meeting rich,Tommy Sloan,0.9190191108248482,1.1262033452728968,0.860251768108371,1.0742323101863214
1984,Brother song,Tommy Sloan,0.8925477908539029,0.8825624855033071,1.1924727253190273,0.9991679009805043
1985,Fish heavy,Tommy Sloan,0.9549621924929356,1.0305374255875013,0.9840612133115011,0.9315972359111312
1986,Laugh myself,Tommy Sloan,0.8659876719679273,1.1352710949639533,0.9458002578494752,0.8667627644923251
1987,Event week,Tommy Sloan,0.8784635021521463,1.01002623482865,0.9579444178181771,1.109193537666313
1988,Form career,Tommy Sloan,1.147350207556783,0.9538300183950695,0.9680190816539984,1.0925455697460766
1989,President seat,Tommy Sloan,1.0988916115101002,1.1782137577243443,1.01011390559174,0.9542075529003222
1990,Note our argue,Tommy Sloan,0.9398056135723224,0.9926178548818597,0.9983416990073405,1.0017005714535732
1991,Wonder but,Tommy Sloan,1.0909255319466333,1.1132969144784706,0.8742000149922301,0.9715426034241139
1992,Avoid worry,Tommy Sloan,0.9259375917783627,1.0422378666601733,1.0208984682971125,1.0816490654092148
1993,One billion go,Tommy Sloan,1.0841744552793446,0.9754832376349644,0.9046146432024905,0.7686356294769577
1994,Cover idea,Tommy Sloan,0.8964094576923934,1.1144716835468844,1.0124301712535544,0.969835754826894
1995,Serious others,Tommy Sloan,1.0382804663915706,0.7675629528539707,1.0117653490254943,1.040862395454624
1996,Purpose bank,Tommy Sloan,1.1097258417902536,0.9861527730475941,0.9972498252248847,1.1440564407530454
1997,Ago remain,Tommy Sloan,0.8812508680603812,0.8783886810596583,0.7624205713735313,1.0685696143790202
1998,Window officer,Tommy Sloan,0.9695218761267848,0.9163444184733971,1.1468540386109791,1.1489595123706131
1999,Entire,Tommy Sloan,0.9749399744747086,0.8663818542003279,0.93233820565945,1.0418858943412754
2000,Prepare event,Tommy Sloan,1.1225789975586247,1.029109006276402,0.9675866925393463,0.9987788239463798
2001,Throughout,Tommy Sloan,0.7317432301854059,1.07478975573746,0.8050070145598173,0.8170675314045122
2002,Current,Tommy Sloan,1.0795524163587569,0.9357018998430547,1.0776389601489351,0.807080868153806
2003,Player bad,Tommy Sloan,1.0620290630435218,1.0412330704261665,0.9047093881209933,1.124251312963241
2004,Agreement risk,Tommy Sloan,0.8607923813203968,1.126894449140756,0.9751854567375842,0.937588732807856
2005,History where,Tommy Sloan,1.1574705781579695,1.178814709629833,1.1055545266992333,1.13832380432385
2006,As benefit,Tommy Sloan,1.1303724928744436,1.0259826424164609,0.8198677693582938,1.1408877952204959
2007,Other on,Tommy Sloan,1.089171261920305,1.000983235847857,1.0037210028559196,0.7994194162798237
2008,Product peace,Tommy Sloan,0.8840937405412452,1.0050031097072998,0.9987243024703207,1.0753597306396423
2009,Seat cell,Tommy Sloan,1.0118284978888534,0.8549098739245348,0.9322249632607267,0.9875859581184601
2010,Gas gas,Tommy Sloan,1.0316885615996332,1.064806751020443,0.9933138805518539,1.0996945614290579
2011,Stock seem,Tommy Sloan,0.9377521342034072,1.0402041663584045,1.0005586012767744,0.9319643662783011
2012,Stay view,Tommy Sloan,1.0677081307202476,0.8699716307133328,0.9219651598979615,1.0680535575151286
2013,Economic,Tommy Sloan,1.0069359099339064,1.0137042385815025,1.071134373604502,0.938178595409741
2014,First home,Tommy Sloan,1.137129252647234,1.0818864652107394,0.990769484915304,0.911288870653498
2015,Among blue,Tommy Sloan,0.9201582718231025,1.0097802967018574,1.0502384996219647,1.0018258614789448
2016,Only join,Tommy Sloan,0.9631120211146936,0.9980488342928221,1.047742979290408,1.1109318245919224
2017,Simple man,Tommy Sloan,1.0251893226202355,1.130034165112649,1.118108256802713,0.9461157173780174
2018,Those line,Tommy Sloan,1.0899115861246003,1.141883750192822,1.1276916489809792,0.9673796296221229
2019,Mother,Tommy Sloan,0.8708084653276333,1.0532131242984373,1.0330796964656905,1.0810917603414398
2020,Group language,Tommy Sloan,0.9972819605809544,1.0426220597867637,1.0093288523611048,0.956387894590226
2021,Thus official,Tommy Sloan,0.9054994250095114,0.8738592904321894,0.9244189196115964,0.9164040737343446
2022,Happy use,Tommy Sloan,1.04121291703026,0.8555161823153752,0.9106147639318166,1.1760301812224332
2023,Eight usually,Tommy Sloan,1.0174517659355033,0.8829121642231706,1.0329998298899794,1.0687486527022116
2024,Give every,Tommy Sloan,1.010105961220957,0.9422025359271773,1.0073602955070489,0.9432739114940354
2025,Nature already,Tommy Sloan,1.0275301288754144,1.0667926291575187,0.9951405016483059,1.0481795700181462
2026,North,Tommy Sloan,0.8668294116028509,1.0143208908093273,0.9450137607859427,1.1983838098071193
2027,Teach board,Tommy Sloan,0.8970683339105421,0.9004550817290013,0.982495665662851,1.0016048176096595
2028,Public main,Tommy Sloan,0.8825725150175663,0.9448102341891337,0.8697409033293999,1.066976922797493
2029,Fall sound,Tommy Sloan,1.0537445712304905,1.0044125419133754,1.3127226483847438,0.9236062029885582
2030,Front,Tommy Sloan,1.116828640136872,1.045813286569056,0.7429363581224784,1.0133268397760684
2031,Although,Tommy Sloan,1.0527781752960412,0.9646414368264697,1.1390422067776742,0.8906421017884434
2032,Court evidence,Tommy Sloan,1.0030505360487456,1.0185458160708198,1.2230233323697453,0.8855367619886754
2033,Moment,Tommy Sloan,1.0205410274229194,0.9102223949102163,1.0486965992253345,0.9916110545614895
2034,Health impact,Tommy Sloan,1.1397202847695034,1.1670482506710278,0.9652781471552253,1.0193556729570654
2035,Drive certain,Tommy Sloan,1.229822961010323,1.0095514503923706,1.0705500890348827,1.0972142532505749
2036,None book,Tommy Sloan,1.0617401125790318,0.8696518010663051,1.1082031544705275,1.0239219552074232
2037,Good my,Tommy Sloan,1.254664371447097,0.9770855488508418,1.1738229265841285,1.0085363305100967
2038,Thing single,Tommy Sloan,0.9846445730645671,0.976959643389961,1.0827114302181802,1.0418130901485403
2039,Include give,Tommy Sloan,1.1062019604444167,0.9976858896754238,0.7718250464479361,0.8284640238208745
2040,There type,Tommy Sloan,0.9127940196345186,1.0716946552222866,1.0481352336381438,0.8690953031260111
2041,Reach party,Tommy Sloan,0.9935231981847703,1.051983831085324,0.9059097202546709,1.067844524052126
2042,Career music,Tommy Sloan,0.9317563602567244,0.9439008035498653,0.8548979479926557,0.8336290487300547
2043,Fire bag make,Tommy Sloan,0.9291207124635861,1.1068201186397182,0.9450598824441427,0.9502194219612076
2044,Mean would,Tommy Sloan,0.9553159915214176,0.9284907659955319,1.0103642480991515,0.8834220155709798
2045,Could,Tommy Sloan,1.118966832669776,1.0469389657929327,1.0796082893426386,1.0767980280005311
2046,High range,Tommy Sloan,1.0860335641405543,0.925383484202534,1.073707859142639,0.8768965605355896
2047,Common new,Tommy Sloan,1.0285420127751321,1.0523371834031234,1.1252709676407089,1.1218915557613263
2048,Together,Tommy Sloan,1.002692595943055,1.0070341870235353,1.0043964378260841,0.9645327762997972
2049,Some partner,Tommy Sloan,1.206331129663893,0.8825047898328389,1.1114214494285943,0.8683668476147759
2050,Seat red agent,Tommy Sloan,1.0074262407734456,0.8776231086546874,0.8677060308232556,0.9259467773643288
2051,Knowledge its,Tommy Sloan,1.0659156695872514,0.9947875166129941,0.9611672076961415,0.9451641816837628
2052,Consumer,Tommy Sloan,0.9892142107379379,0.8153409621244564,0.9050184931247741,1.0986339130312364
2053,Live eight,Tommy Sloan,0.9572714079831954,1.0395382652993694,1.1239556050105053,1.0412232098721268
2054,Heart expect,Tommy Sloan,1.0116492228376857,0.9658768711599189,0.8616956107681273,0.8547078479434924
2055,Feel work,Tommy Sloan,0.7876056199155221,1.024366480565595,1.054574504499685,1.0737214825113024
2056,Song my,Tommy Sloan,0.9832186621360025,1.0890785212617304,0.8749664546742425,1.0091078965553215
2057,Kitchen thus,Tommy Sloan,0.9753592898903709,1.1243417263326498,0.8908352739092836,1.1835517611752802
2058,Never miss,Tommy Sloan,0.8575038144202569,0.8976858881797529,0.7676856813023748,0.9904454508404392
2059,Page occur,Tommy Sloan,0.9371139066748999,0.9504389191001302,0.9985410496825434,1.0179750292305692
2060,Here bed piece,Tommy Sloan,0.9776944724579845,0.9522625594270608,0.9087205397518561,1.0823881219136713
2061,Property skin,Tommy Sloan,1.1063706617479943,1.0589556592242881,1.1212000149182064,0.969783532910051
2062,Dream relate,Tommy Sloan,0.7485429219508228,1.0000221067560862,0.8645778006643998,1.1562651404846647
2063,Body challenge,Tommy Sloan,0.9974646113390424,0.9397794478516057,1.101480281533026,0.9966946922708936
2064,Responsibility,Tommy Sloan,0.9604213769666254,1.125470657560646,1.0034977426475182,0.803866350528568
2065,Exist know,Tommy Sloan,1.1031551562279927,0.9545443414739853,0.9846912101542002,0.872177472528698
2066,Develop,Tommy Sloan,0.9838504620985082,1.1199411720238481,1.0506506547701129,0.9929325900780376
2067,Structure,Tommy Sloan,0.9515927654386994,0.8282844944098827,1.0079082101466512,0.9720475440314504
2068,Cut remember,Tommy Sloan,1.0116590865209951,1.1275722679113762,0.9931133360592118,1.0021971356172237
2069,Provide minute,Tommy Sloan,1.0432307165176993,0.9951413821274054,0.8256073276796068,0.900023816990394
2070,Into tend,Tommy Sloan,1.131749620101024,1.0299336643791828,1.1116870802421361,1.063068461788565
2071,Indicate fear,Tommy Sloan,1.121178088097571,1.0656036363781298,1.0333926277081336,1.0526630662291612
2072,Themselves,Tommy Sloan,0.8200437516073814,0.9870154908512995,0.942732696141649,0.9638724187209321
2073,Arrive so,Tommy Sloan,1.1476463453282875,0.9889001049839097,1.0670884984987123,0.9599390129585641
2074,Factor sea far,Tommy Sloan,1.0836652184553488,1.008933512718108,1.0401160238530516,0.827051709140166
2075,Security his,Tommy Sloan,0.8828311258878547,1.0151591118355106,0.9736463932875136,0.8832313422493433
2076,Few tax,Tommy Sloan,1.0091741497609774,0.799347542007667,0.8942144168848579,1.1537548988560113
2077,Artist ok,Tommy Sloan,1.0576400075003631,0.9564441719867871,1.0011280484200855,1.1684713081657003
2078,Trial,Tommy Sloan,0.9063996288465574,0.9963541724846643,0.9919940777305095,1.0105191823624173
2079,Fish although,Tommy Sloan,0.9452642434274068,0.9919143650876645,1.031457289187974,1.0142619558702168
2080,Get able man,Tommy Sloan,0.9911355074121743,0.8989580328520648,1.0048251768992145,0.9443407167594747
2081,Occur mean,Tommy Sloan,0.9752424506987155,0.9254726569996418,1.1723533794075018,1.0648191232334785
2082,Beyond choice,Tommy Sloan,1.009700166685167,0.7553255283765992,0.9153849711234078,0.7934392601217104
2083,Other memory,Tommy Sloan,0.9165727761834569,1.036019602823191,0.9168502584122009,1.0570888156341935
2084,Property,Tommy Sloan,1.0141636478908695,0.9862468672952337,1.1367218980920815,1.1317772405427737
2085,Very short,Tommy Sloan,0.8832573418802002,1.0827969214718143,1.0622741439677237,0.972755933295892
2086,Culture top,Tommy Sloan,1.038090567471835,1.071293943212141,0.9642680364268771,0.8853550162985113
2087,Box purpose,Tommy Sloan,0.8827614857947346,0.9455939390703204,0.9350963556041133,0.8511374251611713
2088,Visit single,Tommy Sloan,0.8719867683041512,1.0338997772728442,1.123857705002366,0.8351535369400084
2089,Anyone best,Tommy Sloan,0.9295697807758279,1.081620516190978,1.0259959511404482,1.086685089790079
2090,Beat project,Tommy Sloan,1.0925220802059288,0.8650349789389329,1.0229708370898472,1.2405221330313143
2091,Term there,Tommy Sloan,0.999978702295363,0.9323685914470131,1.1238465781818574,0.9776335663081505
2092,Crime law,Tommy Sloan,0.7338268071256205,0.8890503979071159,0.8952156614340564,0.9534018791882267
2093,Sister wall,Tommy Sloan,0.8529694391289347,1.062319911582988,1.0380279384000224,0.97806979491586
2094,Threat wife,Tommy Sloan,1.0197678196642521,0.929519287947695,1.0179017288118775,0.9676938899884814
2095,Ok option,Tommy Sloan,1.1108949012648084,1.1122790822951236,0.9476893228668797,1.0692862861984247
2096,Choice wrong,Tommy Sloan,1.005954494128664,0.9193950193445714,1.0203194719001663,0.9389902467601265
2097,Prove few,Tommy Sloan,0.9583127485804207,1.0828043625815984,1.0196446392992833,0.9780223210100532
2098,Measure coach,Tommy Sloan,0.9037480400645095,0.9826670651955949,0.9322465157480849,0.8194270934565372
2099,Task run write,Tommy Sloan,1.0064489851430918,0.9455931279829055,1.1146724430611819,1.160127676744669
2100,Newspaper care,Stephanie Miller,1.0977511969371319,0.9583166464634925,1.0985743371313645,0.8841421930533566
2101,Major occur,Stephanie Miller,0.922406119979059,1.0082098071290515,1.1732093842804294,0.8979665366747297
2102,Again election,Stephanie Miller,1.0311667446061772,1.0318053417137785,0.9414086656306575,1.0504133705042547
2103,Commercial,Stephanie Miller,1.068544504463843,0.988716249800803,1.0355261167411483,0.9747331924028605
2104,Before,Stephanie Miller,1.0027933339085344,0.9204787050398324,0.9536560779170487,1.1177451590961138
2105,Image question,Stephanie Miller,0.8815703149571882,0.9132392891757412,0.9151409129399821,0.9346477301220912
2106,Paper loss,Stephanie Miller,1.1090080820421715,0.946509958581914,1.0312769176512397,0.9384280547296203
2107,Kitchen happy,Stephanie Miller,0.7967882686849936,1.0333388697308965,0.9174092386706504,0.9502630007368774
2108,Now lay,Stephanie Miller,0.8947801858935406,0.8115915589321486,1.0913002022489189,1.045512803955793
2109,Nature of low,Stephanie Miller,1.075896709579988,0.904675529099292,0.8909248310409181,0.8689749171352786
2110,Push,Stephanie Miller,1.0793249693629048,1.0612679125460598,0.934729637765129,1.1679877800058267
2111,Idea president,Stephanie Miller,0.8234084926027834,1.0461249880259924,1.032249806980425,0.8502850373131837
2112,Half sell thus,Stephanie Miller,0.9593360646223683,0.870363376664506,0.824461280120596,1.0449375006760337
2113,Win child rest,Stephanie Miller,0.9831667439955709,0.9579250715428915,0.9309695357164016,1.1013907791880022
2114,Whose voice,Stephanie Miller,1.2657610744292833,0.9294706290256267,1.0498452406781147,0.907152710107633
2115,Idea suggest,Stephanie Miller,0.9631315703192596,1.0645133898047883,0.989662040796639,0.9689980917753924
2116,However,Stephanie Miller,0.999892785361322,1.10093036308995,1.0117125835212828,0.926014437976429
2117,Other media,Stephanie Miller,1.0271250538614463,0.9770973120011238,1.0795917484845254,0.8062747467159095
2118,To almost,Stephanie Miller,1.0120027552319573,1.124682294792579,0.8442173866376638,1.0840381179420895
2119,Account news,Stephanie Miller,0.9321468349462132,1.0273031531362176,1.0673400217855462,1.1625179938804926
2120,Arm finally,Stephanie Miller,0.8839726369569848,1.0129289727141868,0.8520176174067327,0.7118672865270529
2121,Other dream,Stephanie Miller,1.0850143327159856,0.8565501901881684,1.0347385757178724,0.9606646316775433
2122,Record series,Stephanie Miller,0.8478083266800476,0.9149302601689523,0.9187446436085396,0.8469280710442942
2123,Between,Stephanie Miller,1.1925722278886526,0.8378518751014499,0.9742356099691832,1.0437009458026187
2124,College high,Stephanie Miller,0.9055685707463648,1.0484288360564407,1.0407708774405755,0.8355925705169854
2125,Leave whether,Stephanie Miller,0.8756491767980265,0.923468875781781,0.963180682220987,1.048706053811417
2126,After rock,Stephanie Miller,0.9373713100273987,1.0601109969206859,1.070775750232655,1.1399336842247048
2127,Buy return,Stephanie Miller,1.036054347163806,0.9375946667928958,0.9630600358211425,1.1183253664264137
2128,Near west,Stephanie Miller,1.1453827039883349,1.0413028595638592,0.9632387981862814,0.9634189479312762
2129,Movie building,Stephanie Miller,0.8464009602855109,0.8960095375723031,0.9303173488681473,1.0411723435564386
2130,Art state,Stephanie Miller,1.104057045913446,0.8991584147889482,0.9731512498462787,1.111793666860818
2131,Outside,Stephanie Miller,1.0810166727758563,0.8580333268394477,0.9823111571711756,1.056198536176914
2132,Goal worker,Stephanie Miller,1.242325557068487,1.0814501015670963,1.0124463840767681,1.0788443657500628
2133,Truth maybe,Stephanie Miller,1.2107352407517098,1.0931963844980959,0.8716795850140303,1.0400969816707406
2134,Adult simple,Stephanie Miller,0.8433175053409604,1.0760170584092024,1.01455252426794,1.0244449583229707
2135,Own finally,Stephanie Miller,1.034837819327441,0.940673046120525,1.1215970607104413,0.9950607709009434
2136,Always option,Stephanie Miller,1.0768579754820553,1.1226428405667386,1.0773151037397535,0.8287889909750171
2137,Difference,Stephanie Miller,1.2006116796147823,1.0346363812120414,0.9892295466840526,1.0045971361518042
2138,Film its,Stephanie Miller,0.9716026662607353,1.1630804882777417,1.1569252457649986,0.9031945117773708
2139,Option fall,Stephanie Miller,0.9800285225553933,0.8518756659776401,1.1573657682072305,0.9401539672956744
2140,Too study,Stephanie Miller,0.9566317831883892,1.0270466651745414,1.1292867303087668,0.9554858714871223
2141,Enter car,Stephanie Miller,1.032402614407703,0.8322763979501304,1.0104042671059845,1.064324415173299
2142,Like become,Stephanie Miller,0.9563011250936,1.0066239055418023,0.9684864719502345,0.8957002637866525
2143,Common later,Stephanie Miller,1.1099332892441875,0.8526571266571981,0.9844881817030856,1.0412940010078096
2144,Very tree hair,Stephanie Miller,0.8694711084925657,1.0662765739104536,0.9677378024401346,0.9296554916970853
2145,Try summer,Stephanie Miller,1.034349337463313,0.9022430726710546,0.9999492192299964,1.1529127499349634
2146,Name cultural,Stephanie Miller,1.0975409761364148,0.9932505338355078,1.1142805044092308,0.9685664305732234
2147,Marriage store,Stephanie Miller,0.9532194173884885,1.0377853214238624,1.153195166590102,0.8719513023059249
2148,Son suffer,Stephanie Miller,0.93412095713723,1.1514194798708126,0.820294591838242,1.0124488890671675
2149,Reason no else,Stephanie Miller,0.7851428452150466,1.1106919129743023,0.8521344798633729,0.9430268555090969
2150,Newspaper,Stephanie Miller,0.9927268838639884,1.048102802638551,0.97720613348581,0.960814820688659
2151,Happy nice,Stephanie Miller,1.081345841603857,1.0617654381616632,0.937824055268372,0.8811608879965465
2152,Congress start,Stephanie Miller,1.15534365750004,0.9441402987848195,0.8814434209087133,0.8907993224784773
2153,Pretty rich,Stephanie Miller,1.057696583601167,1.114497376567667,1.1888775910562837,0.967592271047064
2154,Manager gun,Stephanie Miller,1.1192601019624642,1.0126968751774994,1.0830001014876933,0.9905342618236935
2155,Including,Stephanie Miller,1.1542793936327707,0.998934819124434,0.8687996765493551,0.8958649589745493
2156,Dinner story,Stephanie Miller,0.8359466194801253,1.0079339471838775,1.001554470670711,0.8776706363783084
2157,Language,Stephanie Miller,0.8561750108672861,0.9631847375920706,1.0447222910196867,1.0202038304960956
2158,Idea range,Stephanie Miller,0.8254004083656991,0.8374849224354989,0.8838651804145763,0.8574109694526078
2159,Guy star rate,Stephanie Miller,0.9581743626299117,0.9582145573526659,1.0913696239395676,0.8668548473348517
2160,Gas property,Stephanie Miller,0.7628621702512098,1.0436646210030969,1.1388845851010403,0.9497542467924243
2161,Finally win,Stephanie Miller,0.9142077866406844,1.0442958047168869,0.9622682633781868,0.9384428171696093
2162,Process ten,Stephanie Miller,1.0011918517255856,1.140815063887061,0.9549501348585729,0.9018466492623978
2163,Receive of,Stephanie Miller,1.211399180536759,0.8851687423332227,1.0407083327983977,0.8645868442628488
2164,State blood,Stephanie Miller,0.919143102941294,1.0633453335950152,0.9270341661349947,1.0030870544475785
2165,Approach blood,Stephanie Miller,1.0884371633664258,1.0381060888840872,1.0954823509610052,1.0131195221630966
2166,Raise course,Stephanie Miller,0.826138716902033,1.101573930920498,0.9474445987291782,0.9085127251365835
2167,Business,Stephanie Miller,0.9787774970686158,1.1315216558097445,0.8912772154859948,1.1047246727176312
2168,Throw should,Stephanie Miller,1.0335480428058368,0.7343388815460287,1.035497608661362,1.1423556402154253
2169,Capital short,Stephanie Miller,0.940616190777555,1.049866585007172,0.9393168219552268,1.1993531781051747
2170,Within,Stephanie Miller,0.9892517234740491,0.8511348209342444,1.179571670887662,0.9300466350464324
2171,Product left,Stephanie Miller,0.9563404633407611,0.9169250831742535,0.9934825967245393,0.9456944617511583
2172,Tend address,Stephanie Miller,0.9737242150114088,1.1969954355851538,0.9228779897074544,0.9909706743450528
2173,Accept contain,Stephanie Miller,1.2114138397954388,0.8582952238439308,0.9949680938287271,1.0915673769219978
2174,Each word,Stephanie Miller,1.1862220655955689,1.0256544040728484,0.9832340574553295,0.9399872335968558
2175,Significant,Stephanie Miller,1.0218631949728645,0.9251353862218561,0.7156566293272038,0.9776256615611875
2176,Campaign,Stephanie Miller,0.877575295595455,1.0418351948461773,1.043875808870073,0.9408424107672465
2177,Clear property,Stephanie Miller,1.0247160506236683,0.9608220899334394,1.0375938512281542,0.8899359821931595
2178,Number people,Stephanie Miller,1.1108470682505691,0.881772926767673,0.8944066067109251,0.8827336605359528
2179,We half and,Stephanie Miller,1.0456900765693893,0.9201680247117285,1.1419815472269803,0.9275248052785293
2180,Partner son,Stephanie Miller,1.0601446706952644,0.9646952540795009,0.8995542271137102,0.850786481717866
2181,Cold huge new,Stephanie Miller,0.9661184193186467,1.0619795699115904,1.149084994522309,0.940182797156977
2182,Break,Stephanie Miller,0.9819248676396904,0.8824999059652099,0.7534594300449222,1.040155511032871
2183,Accept office,Stephanie Miller,0.9834925786639878,0.9521739344746168,1.0163199265738154,1.0017845299739592
2184,Television,Stephanie Miller,1.0885668916568387,1.006834374478059,0.8349590330346346,0.8254001398065011
2185,Less heavy,Stephanie Miller,1.0028803657494114,0.9097813497223634,1.1746706022828162,1.1043071879178605
2186,Line able land,Stephanie Miller,1.0190962367298086,0.9939223808378042,0.9797644803637157,0.8339725095386616
2187,Leave suggest,Stephanie Miller,1.089909300839741,0.9806807274933005,0.5999330821535341,1.0931420524777307
2188,Voice social,Stephanie Miller,1.155231541329644,1.1866018106241092,1.0410870873286375,0.9309108042676453
2189,Skin war,Stephanie Miller,1.113438302382042,0.8486525543985923,1.1047852424519005,0.8933947433759257
2190,Part world,Stephanie Miller,0.9544239218755981,0.9594260201096629,1.0079711385242183,0.9612159919459067
2191,Carry box,Stephanie Miller,0.8542210119238562,0.9110199121045484,1.035854342192861,0.9008461151301872
2192,Place,Stephanie Miller,0.8008756129949883,0.9564758133106419,1.012290771588951,0.9446078051715953
2193,Involve theory,Stephanie Miller,1.3004314336474296,1.1601278338968024,0.8520214683755352,0.9964080289520696
2194,Various down,Stephanie Miller,0.9529706644708681,0.9976208344746361,1.009281511719552,0.8704968115499667
2195,Exist yet,Stephanie Miller,1.1237906900021324,1.0652496712892698,1.0766815731235126,1.1628068885846692
2196,End respond,Stephanie Miller,1.0198930579194425,0.9523464918425765,0.9583743523352684,0.8626755575580962
2197,Very remember,Stephanie Miller,0.8941777092412988,1.0072655149066945,1.0037818243609447,1.020126950697042
2198,Throughout,Stephanie Miller,1.0369770153263915,0.9163513184288402,0.9169601779064858,1.1080478409584957
2199,They say hair,Stephanie Miller,1.164831671554777,1.074667378288808,1.096569126843518,1.0819605103780316
2200,Case often,Stephanie Miller,1.089488729335121,1.1354033855628298,0.9192676422604866,0.9302900676710243
2201,Show pattern,Stephanie Miller,1.039981186406813,1.0953634072078546,0.9918031008771773,0.9002660052045502
2202,Oil edge,Stephanie Miller,1.0225918336173425,1.123275711626866,0.9822782066574733,1.0145404274121521
2203,Science,Stephanie Miller,1.055438600085324,1.0462237081271712,1.1045958598977714,0.9626037514983878
2204,Public teacher,Stephanie Miller,0.9100085873088486,1.2371091072994829,0.9400005524722487,1.0104209501770431
2205,Alone,Stephanie Miller,1.030962043076623,0.8542734448668428,0.9369748219415174,0.9970846468210537
2206,Beyond fight,Stephanie Miller,0.9178741312369634,1.0438229787750106,0.9226482185216701,1.1945938281521233
2207,Purpose within,Stephanie Miller,0.8561659297353313,0.9542928177816062,1.1654508197879023,0.9730223323010954
2208,Effort agent,Stephanie Miller,0.7839193900576038,1.1241810817995694,0.9974114350438548,1.1092649201064118
2209,Reduce hair,Stephanie Miller,0.9864626512162067,0.9913498760273153,0.9830134451351116,1.0515686990023507
2210,Environment,Stephanie Miller,0.9569435856689104,1.1523628822226613,0.911652578598381,1.0906871121345716
2211,Parent stock,Stephanie Miller,0.9291598158906499,0.99582852407914,0.8345634598812115,1.0634784169327656
2212,Experience,Stephanie Miller,1.2949977225853035,1.0117042540116954,1.0942156993969026,0.9838641249045396
2213,Present rock,Stephanie Miller,1.0212414061037853,1.06831641906721,1.0023189360828202,0.9224086931272765
2214,Cold month,Stephanie Miller,1.155125089972388,0.8980292834089968,0.995671839320832,1.0091106919247421
2215,Thousand will,Stephanie Miller,1.031950021821846,0.9214653423176353,0.9492844598097357,1.0055740390239831
2216,Poor loss do,Stephanie Miller,1.1498998906125604,0.8328975080326476,0.9733334645006532,1.0252848026121473
2217,Not book,Stephanie Miller,1.024456538041218,1.0041062513012593,0.9728456660171159,1.034271760289859
2218,Look future,Stephanie Miller,1.0123479234153665,1.1400905015240337,0.9656835169595541,0.9989828995919912
2219,Open,Stephanie Miller,0.9709153164585642,1.1662286396550068,1.1626572046452728,1.0523798768734367
2220,Help soldier,Stephanie Miller,0.978774302248093,0.923547730938231,1.1580425560453977,1.0938729046799929
2221,Pattern,Stephanie Miller,1.0278156514854153,0.9214883934312972,0.9409546798826967,1.0997549327454408
2222,Sea however,Stephanie Miller,1.1401269738300954,1.0005920385805758,0.972771140312762,1.0974875171574336
2223,Among mother,Stephanie Miller,1.0259174408621956,1.1648565879250217,0.9484721175559006,0.9070481433914279
2224,Ability,Stephanie Miller,1.18340952557406,1.1469280230860837,1.01824372406297,1.0643200548281746
2225,Power two,Stephanie Miller,0.9548700106906973,0.9524867412799308,0.9534699306775604,1.0429347115760803
2226,Area for serve,Stephanie Miller,0.9513072899843855,0.9851090651766663,0.8808681318013749,1.0018290869565407
2227,Big well adult,Stephanie Miller,0.9330677894155598,0.897839535425772,1.186384498204101,1.0375575084052597
2228,Walk such,Stephanie Miller,1.0315114034361565,1.0010010806632188,1.0563581468700785,0.8522855121632403
2229,Series fund,Stephanie Miller,0.9532389310709518,1.0888048421673255,0.9624106966546434,0.9395066004519712
2230,National watch,Stephanie Miller,1.0042961783558764,0.9348910551595113,0.9012706182313609,1.0764429764362917
2231,Region sport,Stephanie Miller,1.1138944451140873,1.102283998369565,0.9822752881849987,0.9129285783243585
2232,Billion road,Stephanie Miller,1.0766063778567612,1.125942942071656,1.0151697615827804,0.8487148992650245
2233,Avoid probably,Stephanie Miller,0.9906981866977008,1.039425581289949,0.7751269393218351,1.0683096647567103
2234,Time few,Stephanie Miller,1.0892148105598607,0.9548599639395485,1.105124604763811,0.7953423000045112
2235,Mission common,Stephanie Miller,0.9941067499005258,0.9840098257138254,1.1412051877446374,0.8562047340592623
2236,Type,Stephanie Miller,0.890477981546432,1.2170843373529638,1.0358430848820626,1.106811038650088
2237,How might that,Stephanie Miller,1.0140103361719524,1.0097123654587883,0.9948256606501573,1.1612912849589965
2238,Rule describe,Stephanie Miller,1.0095304091535644,1.0048383314166534,1.0479414180790119,1.1283434620118975
2239,Sign,Stephanie Miller,0.8956054138662195,1.0043230615974663,1.12221466839685,1.035908677077218
2240,Exactly rather,Stephanie Miller,0.9051767818880007,0.934587417791624,1.0435340938287248,0.9752223306628289
2241,You industry,Stephanie Miller,1.0407255960242814,1.0052448222170014,1.0005054813174994,0.9221344822764678
2242,Series answer,Stephanie Miller,0.9837489298259902,1.0566854528119132,1.0689454227768234,0.9218040720701133
2243,Throughout,Stephanie Miller,1.1079301942940576,1.0003175162052431,1.0442771702986628,0.9232679149786457
2244,Fast amount,Stephanie Miller,1.0251492031060145,0.8962357851358371,1.1062328895654494,0.7387922242210558
2245,Lay financial,Stephanie Miller,0.896599494111839,1.066950921227452,0.8711554703154645,1.0787320348560758
2246,Art expect,Stephanie Miller,0.8252576593929483,1.1581738776667356,0.9632897702499507,0.963559258867347
2247,Establish,Stephanie Miller,1.0142159954169891,1.0919220958723168,0.8642053486741591,1.0639126314187834
2248,Crime feel go,Stephanie Miller,1.0703214802134444,0.8257148344779431,0.9851416439916377,1.2154862478632462
2249,Interest area,Stephanie Miller,0.948683279982606,1.0802130182797474,1.066026989319283,0.8486926303720875
2250,Let money test,George Wells,0.8816616442633373,0.9439011515500328,1.071328885807714,0.925977445681706
2251,I else off,George Wells,1.0473743721081554,1.1042380071343858,1.1168844826969742,0.7922496591048055
2252,Report,George Wells,1.0404794808886666,1.1735533253303216,0.9467578657810778,1.1736094972520563
2253,Sit suddenly,George Wells,1.0215314639108686,0.9067803184823583,0.9842415136877092,1.1034140133378971
2254,Woman summer,George Wells,0.9811926044055264,1.0265832081598245,0.8806991714869268,1.0026704912590059
2255,Real near,George Wells,0.968255290214517,1.183515816725641,1.076266204392714,0.9254996666791426
2256,Could new,George Wells,0.9289885978876162,1.0309028749211255,0.9875647878854085,0.9694501933307701
2257,Up course her,George Wells,0.9730041034107537,0.9534817028754864,1.0360248000455952,0.9742030646235188
2258,Close music,George Wells,0.9494753028875489,1.0735327226790028,0.9634804261264133,1.0424666303575463
2259,Technology,George Wells,1.1577718765796792,1.0888007891893883,0.8678038921201298,0.9748028111112398
2260,Authority,George Wells,0.8953727097596994,0.977580676801498,1.0000338119029564,0.9598789629250769
2261,True prepare,George Wells,1.0345777930459867,1.0110656946991896,0.8321817494816496,1.0724683123644916
2262,Perhaps rock,George Wells,0.9855050418027818,1.0264167969670983,0.918470850100504,1.0055542278644374
2263,Economy them,George Wells,1.0636792776800967,0.976055785667417,1.0620050405477104,1.077123335185882
2264,Scene dog,George Wells,1.06755884182993,0.9555150419951213,1.135250915983608,1.0130913651101148
2265,Option mouth,George Wells,0.9898510415839957,0.9878929421511902,0.9327633404803598,1.0878157687736887
2266,Truth,George Wells,1.0700866176959123,1.0748080316213964,0.8725934460911596,0.8754754495334853
2267,Hard father,George Wells,0.8070429140419515,1.0051897627030024,0.9240692528067116,0.6509339380392907
2268,Very house,George Wells,1.0980693654289908,0.93084788560228,1.1098825612458136,0.9455691824514223
2269,Above feel,George Wells,1.151580519887346,0.9589159542764373,1.0350965088663093,1.1425434963315322
2270,Read soldier,George Wells,0.9361120087808033,0.7997249638461208,0.9739099318515836,1.0420970627749684
2271,Population,George Wells,0.9967775538963998,1.054287112441984,0.9139763665384817,1.1337138646937297
2272,Author within,George Wells,0.8962667166232849,1.2253105137918945,0.8296758007109392,0.8857723274919004
2273,Seem before,George Wells,0.9313426647788807,1.0311585254246298,0.8285798294541484,0.9473383271903019
2274,Production,George Wells,1.1297628645358258,0.8329662620197307,0.8559253827809747,0.8944349800868017
2275,Week song tax,George Wells,1.1014577979688263,0.9861179447859824,0.9981820082035029,0.9616666082687865
2276,Once not,George Wells,1.1571657994692983,0.9746169656211885,0.9863313118928796,0.9281435764975927
2277,Several,George Wells,0.9459012316863523,0.9653325061523211,1.1952773071432479,1.1188330672597977
2278,Change choose,George Wells,1.1488239087247611,0.9851546401428084,0.9939584536436694,0.8447120798193926
2279,Local skin,George Wells,0.8639514514158885,0.9066012277475222,0.9912669918700755,1.0448286740626975
2280,Painting deal,George Wells,0.879257365811255,1.137262315164997,1.1151909093635322,0.9279868906748838
2281,Because now,George Wells,1.1650461355604036,0.9860720731179324,0.9923377108400623,1.1341829840659614
2282,Ever smile,George Wells,0.9839472241875089,1.046180210066244,1.166436080257028,1.007720954679612
2283,Expect simply,George Wells,0.9344743020208159,0.8503777287783266,1.0211116319646305,1.1062494840334587
2284,Perform,George Wells,0.9560194927503459,0.8677230084500396,0.8979564483714617,0.917263847583494
2285,Help be pretty,George Wells,0.9999411044684432,0.7839267302668809,0.8331904094430709,0.9849757529426773
2286,Consider admit,George Wells,1.1361900847361215,0.9642493487176096,1.3105564620748598,1.102717157535128
2287,Without attack,George Wells,0.8177952120802959,0.8330570180646775,0.9208354750223818,0.9454468767165802
2288,War race visit,George Wells,0.9382050302959999,0.9981612128050147,1.112567233912967,0.9251716366153139
2289,Region past,George Wells,1.0529680524906295,0.8685204691128853,1.0577422484694123,1.1418545252750956
2290,Shoulder who,George Wells,1.0729835895872897,1.0730393436169638,1.0792118412287377,0.8936660944170184
2291,Administration,George Wells,0.9288047912889108,1.026392492983229,0.9000159748679842,0.9297572837742053
2292,Against amount,George Wells,1.0733593541133635,0.9569512431599027,1.0648421714566803,0.9473206686873843
2293,Section,George Wells,1.2453691223097494,1.1476004814784986,0.9039255120040418,0.9427171347986252
2294,Career today,George Wells,0.9412700445391937,0.8856036691844307,1.0422711607296407,1.0125308464782905
2295,Why fear,George Wells,1.1885322899313122,0.8451017955029854,0.9780370182309536,0.9387130477637449
2296,Significant,George Wells,0.9155506976342805,0.8904758818121357,0.9290859906204469,0.9798572551113669
2297,Allow else,George Wells,1.109121322951827,1.0319983567976019,1.0436069826754848,0.9967044112247515
2298,Pull country,George Wells,1.0094844387773443,1.092746351768559,0.949549187997033,0.9585827732347459
2299,Few become,George Wells,1.0147063904869322,0.9979280256771672,0.9469529249719242,0.8839743060692385
2300,Degree deal,George Wells,1.0246561204810936,1.0053770216192823,1.0357771570201753,0.998998688653226
2301,Executive,George Wells,1.0238736852644803,0.9219770696959987,1.029357017692546,0.8619031326824421
2302,Question,George Wells,0.9436593507690672,1.0585570555855048,0.878326321054672,1.1865889656918682
2303,Represent,George Wells,1.0373695506296012,0.9898720512938118,1.0044568793062365,1.000320537593225
2304,Responsibility,George Wells,1.1300030560839687,1.1325486992695455,1.0320755109002246,1.1549373552601805
2305,Early leader,George Wells,0.8469049622540251,0.9388052148978915,1.1275564247907928,0.8607551713728969
2306,Local group,George Wells,0.9965354819632737,0.942056025324,1.061692699016855,0.8554519055309072
2307,Speak rather,George Wells,1.0516684487397572,0.9989492227903178,1.0855888546337418,0.9376518436775515
2308,Pretty clear,George Wells,0.964386914640642,1.1717913580550652,0.9757418070738727,0.9233022796266963
2309,Anyone need,George Wells,1.079467708540104,0.9421945013583909,1.0300469850612308,0.8697484541001074
2310,Network offer,George Wells,1.1405550740613613,0.9648505613949749,0.957006232698297,1.08157707211125
2311,Happy,George Wells,0.9706109542683201,1.1096589705123492,1.0433775098893971,0.9639611391270747
2312,Political yeah,George Wells,0.9925170507289363,0.9415508655298067,1.002615233901727,0.9745211495783201
2313,Then follow,George Wells,0.9194610980779785,0.93081757081979,0.9436056856882432,1.1312029964760868
2314,When end,George Wells,1.0493073617242525,1.0715381562208544,1.0333952072243253,1.0779855818572934
2315,Affect vote,George Wells,1.0827621265421792,1.085587492195226,0.9733462645012064,0.9095097060380506
2316,Never rest,George Wells,1.2055349140845653,0.954268711680312,0.8356705895237933,1.0676240023749735
2317,Middle present,George Wells,1.1662723413579832,1.0498633242120519,1.0395755734206924,0.8709342553881432
2318,Place wind,George Wells,0.939048205730905,0.9299880833949085,0.8901047493086225,0.8562123436450246
2319,Phone soldier,George Wells,1.0070141567723219,0.8299005850994354,0.978284886637686,0.9237647465484025
2320,Training,George Wells,0.9566865778373208,0.8277809811616448,1.0831257437645605,0.8572510119071348
2321,Machine,George Wells,0.8806569926140209,0.9971620836752542,1.0950342863160014,0.8636118215887036
2322,Stock than use,George Wells,1.0827111036824912,0.9944009846067664,0.844397322312769,0.9059692387461288
2323,Certain board,George Wells,0.9972252460176734,1.0568089156493095,1.0332834980129688,1.034424162343155
2324,Discuss at,George Wells,1.096405554460766,1.1516552425004623,0.890155777011598,0.9901274120798105
2325,Authority,George Wells,1.0006990522779118,1.0398714782188203,1.0412075093565154,0.8036069789140282
2326,White age,George Wells,1.1019536876035951,1.0216808062453633,1.181172860067536,1.000607031151604
2327,Hospital,George Wells,1.0094745660584519,1.0497173083754348,0.9503387662894,1.036494887316993
2328,Live garden,George Wells,0.7655842436796669,0.9022623919399181,0.9108467661720951,0.8015889569335088
2329,Bit church,George Wells,1.1060368423256868,0.9736104733742289,1.0889391348655568,1.0379448082694964
2330,Together,George Wells,0.89358641829043,1.243137877201184,1.1031185956729117,1.095458614645855
2331,Heart lawyer,George Wells,0.8480426525799732,0.8323652216688877,1.0773887969284073,1.10463011091237
2332,Congress final,George Wells,1.3490627396312673,0.9943647221859967,1.1736358263605624,1.030234746041567
2333,Brother member,George Wells,1.1077745254328104,0.903687414444335,0.9531913174381369,0.8538445208270744
2334,Owner finally,George Wells,0.8937220505021847,0.8821608863474223,1.0841785745191703,1.0472683184422953
2335,Both customer,George Wells,1.0836261127628963,1.1234008114003295,1.0073287358080574,1.0764089805769668
2336,Turn focus,George Wells,0.8941068483318239,0.8955750142300682,0.8241181213140963,0.9984112799535879
2337,Understand eat,George Wells,1.056356601872601,0.9251496988543394,1.1718030961697006,0.934565428037815
2338,Language,George Wells,1.1301031415881968,1.1269739866002404,0.9784814754792132,0.8570852210997116
2339,Help often,George Wells,0.9321777685997403,1.0149799851606034,1.213225312423369,0.9929099853912323
2340,Economic city,George Wells,1.1594922145098006,1.2184569546448176,1.1848903599482505,0.919236683793342
2341,Method his,George Wells,1.0304790197028502,0.9397991106598549,0.8901056572696836,1.082383372668667
2342,Theory buy,George Wells,1.0091468877056446,1.114181161997251,1.082473632044635,0.8499867731531708
2343,Within wait,George Wells,1.0302133917648284,0.9613722910034136,1.0210223502248204,0.9767994201239324
2344,Anyone home,George Wells,0.9320252198281608,1.0465041517536495,0.9862524996993626,1.0641166013047412
2345,Minute quickly,George Wells,0.855604751120469,0.9650857136141142,0.9172325709725513,1.0940267472523513
2346,Sister,George Wells,0.994037884452704,1.1454390840298245,0.9970009305644874,1.0281478940952187
2347,Able find wish,George Wells,0.8833868021986976,1.022763604064947,0.9343309996244322,1.0441091580074604
2348,Shake high,George Wells,0.8998211019431273,0.9599427739181801,0.9666926967072289,0.7242083856643586
2349,Or staff,George Wells,1.0194848999378558,0.9218547372041114,0.896103069240931,0.961507506359591
2350,Role something,George Wells,0.9652450264437238,1.0465012729449223,0.9884268878913126,0.8290786404909364
2351,Sometimes tree,George Wells,1.0215862529034343,1.1105840586635725,0.9372360607129434,1.037416372664995
2352,Security,George Wells,1.0481838402478842,0.8638731090501357,0.9326482823043329,1.0278601678803574
2353,Agent glass,George Wells,1.0753516494954445,1.0689556114667937,0.8408785597412989,0.8970043727111932
2354,Weight against,George Wells,1.1163961638418805,1.002240513604242,1.0406068912269457,0.9275079419592367
2355,Age painting,George Wells,0.9949872894198257,1.0321659221314199,0.7751114811374088,0.9460761645053619
2356,Push movie,George Wells,0.9606366079043485,0.8914910755046797,0.9422404793923864,0.8283201709558078
2357,Above,George Wells,0.9403909895003435,0.9464982863718118,1.0553385677268592,1.008087019855638
2358,Career of,George Wells,1.2053319768905408,1.0344126196963046,1.0476310168821077,1.0761950164169216
2359,Every former,George Wells,1.0783125491044587,0.9258373608902964,0.9157558321457233,0.9873227786264782
2360,Peace foreign,George Wells,0.8347014430932174,1.0261945312080623,1.0545174066593688,1.1312552611423023
2361,Different,George Wells,0.9919143689807283,0.9941784413902198,0.9699087545610486,1.0958040855417979
2362,Already seek,George Wells,1.1031885025261339,0.9672655090062915,0.9873435623125428,0.9322062061204727
2363,Measure every,George Wells,1.1530380307686787,0.9814787495964387,0.8717249378753262,0.8169245675602507
2364,Feeling near,George Wells,0.9014148553212458,0.9974763489243073,0.9402293689643888,0.8765189181654961
2365,Position fear,George Wells,0.9193216692975067,0.9936305972248772,0.9112473938324956,0.8311555614664219
2366,Clear land,George Wells,1.0016013814704205,1.2160919288325749,0.9863323236847492,1.0641571489403754
2367,Blue trouble,George Wells,1.13499872458624,0.8107628129029179,0.885265142409283,0.9828073495395756
2368,Ground network,George Wells,0.969044352079185,1.0338739812973101,0.8418546566292723,1.055701176939648
2369,Arm pattern in,George Wells,0.9419506898907127,1.1109926894700115,0.9682258420439644,0.985506671807531
2370,Rich,George Wells,1.0109120813649661,1.1929027842456414,0.9447877945095902,0.9478834473822332
2371,Break employee,George Wells,1.0477609142681248,0.9684434138983908,0.8688019324963077,1.0395193882190155
2372,Want yeah,George Wells,0.9361540391983706,1.1478116867174406,1.0664047081813242,0.8701486727905224
2373,Baby bit,George Wells,1.1213550195325994,0.9812941307878986,0.970467856018804,1.1147728718918704
2374,Improve meet,George Wells,0.9395318066910722,1.0768942720990935,1.1413728457683332,0.8834438431792414
2375,Cold single,George Wells,0.9441313516630426,1.024091130676444,0.9206490662838249,1.032067727618336
2376,Game artist,George Wells,0.9613430947624813,0.9962391880900021,1.0782481591106547,1.042833967836254
2377,Pretty,George Wells,0.8692603441439344,0.9661932001144243,0.8450553154587203,0.8167476181787334
2378,Vote sport,George Wells,0.9158012081369851,0.9386431530603291,0.9027097725291214,0.9203179631379631
2379,Research leg,George Wells,0.9073116830636436,0.9576695971858334,1.1496154492916781,0.8451556445017633
2380,Organization,George Wells,0.9394527620801948,0.7332566457797715,1.047358407375995,0.9729144588964764
2381,Bit,George Wells,0.9192642290396319,0.9781202610093924,1.1614088280540742,1.091522020798896
2382,Scene check,George Wells,0.961999323279213,1.0815397757887095,1.0419436741592538,1.1115678008769467
2383,Man range sort,George Wells,0.9526697167281386,0.9007340482733387,1.0986531296699624,0.9598632468808421
2384,Third physical,George Wells,1.0033208912131415,0.9671598985088248,0.7635271226402455,1.132486728072849
2385,Expect space,George Wells,1.069435451320536,1.040223835856182,1.1031800364509838,0.7590669422672467
2386,While than,George Wells,1.1368397691371352,1.0988199724307302,1.016767673654821,1.029773467199916
2387,Oil movement,George Wells,1.0188349745043617,0.9930387651761315,0.9639965589854981,1.0133978727393147
2388,Defense teach,George Wells,1.1182943839020176,0.9003737426571241,1.0063093001125696,1.2134892391143928
2389,Small view gun,George Wells,1.0217799702319683,0.9549825995350327,1.002060210018992,1.1162694256769143
2390,Nation arm,George Wells,1.050537940051263,0.8384186879784311,0.9572947367378419,0.9234020847647488
2391,Hold year eye,George Wells,0.969256621766432,0.9095608282157459,0.7871772107994992,1.000469727671527
2392,Back manage,George Wells,1.0123675901276077,1.2256258796877049,1.0424578345123954,1.011521071310701
2393,View challenge,George Wells,0.9612717499156112,1.0531589981809797,1.1131705520032515,1.0917843140368295
2394,Bad,George Wells,0.8870483938001035,0.9602569905348352,1.129791643924206,0.9277801851148646
2395,Happen trip,George Wells,0.9579951483485617,0.9790260879400291,0.9469040956114365,1.094464084166111
2396,Business night,George Wells,0.9262462078436953,1.249290382928613,1.0989573830562542,0.9353099089595552
2397,Majority,George Wells,0.8521604935654975,0.9265512875585816,0.9699686739257005,1.0410218465471184
2398,Assume line,George Wells,1.1512504548455647,0.9406962861886491,0.8470674671123224,1.2250836022145528
2399,Seven space,George Wells,0.8990998699782826,0.9582232376632354,0.7768354692123688,0.8339418748276382
2400,Let money test,Lauren Serrano,0.8816616442633373,0.9439011515500328,1.071328885807714,1.0386604269959014
2401,I else off,Lauren Serrano,1.0473743721081554,1.1042380071343858,1.1168844826969742,1.0421577405299587
2402,Report,Lauren Serrano,1.0404794808886666,1.1735533253303216,0.9467578657810778,1.0552419232555494
2403,Sit suddenly,Lauren Serrano,1.0215314639108686,0.9067803184823583,0.9842415136877092,1.0883884007545188
2404,Woman summer,Lauren Serrano,0.9811926044055264,1.0265832081598245,0.8806991714869268,0.948113395774532
2405,Real near,Lauren Serrano,0.968255290214517,1.183515816725641,1.076266204392714,0.9040051774937461
2406,Could new,Lauren Serrano,0.9289885978876162,1.0309028749211255,0.9875647878854085,1.1357452586740604
2407,Up course her,Lauren Serrano,0.9730041034107537,0.9534817028754864,1.0360248000455952,1.0281412682543003
2408,At economy,Lauren Serrano,0.8564664582835617,0.8404768301423627,0.8843796238960708,0.9981236628277538
2409,Technology,Lauren Serrano,1.1577718765796792,1.0888007891893883,0.8678038921201298,1.0848166208245802
2410,Authority,Lauren Serrano,0.8953727097596994,0.977580676801498,1.0000338119029564,1.0741866727528357
2411,True prepare,Lauren Serrano,1.0345777930459867,1.0110656946991896,0.8321817494816496,1.00911550359654
2412,Perhaps rock,Lauren Serrano,0.9855050418027818,1.0264167969670983,0.918470850100504,0.9323078480134852
2413,Economy them,Lauren Serrano,1.0636792776800967,0.976055785667417,1.0620050405477104,0.9757940096503293
2414,Scene dog,Lauren Serrano,1.06755884182993,0.9555150419951213,1.135250915983608,1.0418188002104973
2415,Option mouth,Lauren Serrano,0.9898510415839957,0.9878929421511902,0.9327633404803598,0.9946948199077656
2416,Truth,Lauren Serrano,1.0700866176959123,1.0748080316213964,0.8725934460911596,0.8488638108619013
2417,Hard father,Lauren Serrano,0.8070429140419515,1.0051897627030024,0.9240692528067116,0.8918002169868905
2418,Very house,Lauren Serrano,1.0980693654289908,0.93084788560228,1.1098825612458136,0.9902709244314138
2419,Above feel,Lauren Serrano,1.151580519887346,0.9589159542764373,1.0350965088663093,0.9116764064274987
2420,Read soldier,Lauren Serrano,0.9361120087808033,0.7997249638461208,0.9739099318515836,1.1313846749970418
2421,Population,Lauren Serrano,0.9967775538963998,1.054287112441984,0.9139763665384817,0.9854416291003701
2422,Author within,Lauren Serrano,0.8962667166232849,1.2253105137918945,0.8296758007109392,1.1164059576917003
2423,Seem before,Lauren Serrano,0.9313426647788807,1.0311585254246298,0.8285798294541484,1.027286388388514
2424,Us generation,Lauren Serrano,0.8621718414850237,0.9756941863114107,0.9312118078700127,1.0461551911171074
2425,Week song tax,Lauren Serrano,1.1014577979688263,0.9861179447859824,0.9981820082035029,1.121906636337236
2426,Once not,Lauren Serrano,1.1571657994692983,0.9746169656211885,0.9863313118928796,0.9565653927665705
2427,Several,Lauren Serrano,0.9459012316863523,0.9653325061523211,1.1952773071432479,0.9516179783329297
2428,Change choose,Lauren Serrano,1.1488239087247611,0.9851546401428084,0.9939584536436694,1.1106955029356138
2429,Local skin,Lauren Serrano,0.8639514514158885,0.9066012277475222,0.9912669918700755,0.9089747336776758
2430,Painting deal,Lauren Serrano,0.879257365811255,1.137262315164997,1.1151909093635322,0.9790541934508102
2431,Because now,Lauren Serrano,1.1650461355604036,0.9860720731179324,0.9923377108400623,0.8515997699457682
2432,Ever smile,Lauren Serrano,0.9839472241875089,1.046180210066244,1.166436080257028,0.8933150899119484
2433,Bit thing,Lauren Serrano,1.0792765936677677,0.977289427827274,0.9102898464778661,0.8554510920703149
2434,Perform,Lauren Serrano,0.9560194927503459,0.8677230084500396,0.8979564483714617,0.8472042132634178
2435,Help be pretty,Lauren Serrano,0.9999411044684432,0.7839267302668809,0.8331904094430709,1.0394218282652747
2436,Consider admit,Lauren Serrano,1.1361900847361215,0.9642493487176096,1.3105564620748598,0.9894442961665122
2437,Without attack,Lauren Serrano,0.8177952120802959,0.8330570180646775,0.9208354750223818,0.9535557220842183
2438,Sing,Lauren Serrano,0.8900812200548257,0.9261926568595324,1.0628569712227798,0.9790972308490142
2439,Region past,Lauren Serrano,1.0529680524906295,0.8685204691128853,1.0577422484694123,1.0159617727846495
2440,Shoulder who,Lauren Serrano,1.0729835895872897,1.0730393436169638,1.0792118412287377,0.8848147603304196
2441,Administration,Lauren Serrano,0.9288047912889108,1.026392492983229,0.9000159748679842,0.8980639250209653
2442,Against amount,Lauren Serrano,1.0733593541133635,0.9569512431599027,1.0648421714566803,0.8316803825785312
2443,Get into clear,Lauren Serrano,0.9902224546723788,1.0824232816345813,0.9778774403195716,0.9384306139151077
2444,Career today,Lauren Serrano,0.9412700445391937,0.8856036691844307,1.0422711607296407,0.9015796440146608
2445,Why fear,Lauren Serrano,1.1885322899313122,0.8451017955029854,0.9780370182309536,1.0195498986754201
2446,Significant,Lauren Serrano,0.9155506976342805,0.8904758818121357,0.9290859906204469,1.1447088350445285
2447,Range,Lauren Serrano,1.0418830476255179,0.96760147415361,0.9610469595651867,1.0965045007279755
2448,Pull country,Lauren Serrano,1.0094844387773443,1.092746351768559,0.949549187997033,1.0810991756184207
2449,Few become,Lauren Serrano,1.0147063904869322,0.9979280256771672,0.9469529249719242,0.9958779392478356
2450,Degree deal,Lauren Serrano,1.0246561204810936,1.0053770216192823,1.0357771570201753,1.1414506981641384
2451,Executive,Lauren Serrano,1.0238736852644803,0.9219770696959987,1.029357017692546,0.9449543641691803
2452,Question,Lauren Serrano,0.9436593507690672,1.0585570555855048,0.878326321054672,1.0195260719664154
2453,Represent,Lauren Serrano,1.0373695506296012,0.9898720512938118,1.0044568793062365,1.054090590676018
2454,Responsibility,Lauren Serrano,1.1300030560839687,1.1325486992695455,1.0320755109002246,0.9351966335640146
2455,Early leader,Lauren Serrano,0.8469049622540251,0.9388052148978915,1.1275564247907928,0.9775596545105132
2456,Local group,Lauren Serrano,0.9965354819632737,0.942056025324,1.061692699016855,0.8883614810941141
2457,Speak rather,Lauren Serrano,1.0516684487397572,0.9989492227903178,1.0855888546337418,0.9625096321845609
2458,Design,Lauren Serrano,1.0648612273810254,0.9861731731088068,1.033799740226714,1.007516619703576
2459,Operation,Lauren Serrano,0.9806764908507895,1.0824082240096382,0.8528871742297893,0.9389173694096635
2460,Network offer,Lauren Serrano,1.1405550740613613,0.9648505613949749,0.957006232698297,0.9782261069008786
2461,Happy,Lauren Serrano,0.9706109542683201,1.1096589705123492,1.0433775098893971,1.0314743280787277
2462,Political yeah,Lauren Serrano,0.9925170507289363,0.9415508655298067,1.002615233901727,0.9664508307883763
2463,Then follow,Lauren Serrano,0.9194610980779785,0.93081757081979,0.9436056856882432,0.9668182320722007
2464,Hard true,Lauren Serrano,1.030549339575258,1.0253366087537845,0.8365231589467945,1.022228029052156
2465,Affect vote,Lauren Serrano,1.0827621265421792,1.085587492195226,0.9733462645012064,0.9666845047579908
2466,Never rest,Lauren Serrano,1.2055349140845653,0.954268711680312,0.8356705895237933,1.014774519266656
2467,Middle present,Lauren Serrano,1.1662723413579832,1.0498633242120519,1.0395755734206924,1.004964877528985
2468,Place wind,Lauren Serrano,0.939048205730905,0.9299880833949085,0.8901047493086225,1.1701971360822696
2469,Phone soldier,Lauren Serrano,1.0070141567723219,0.8299005850994354,0.978284886637686,1.1923643467092184
2470,Training,Lauren Serrano,0.9566865778373208,0.8277809811616448,1.0831257437645605,0.9825641616819887
2471,Machine,Lauren Serrano,0.8806569926140209,0.9971620836752542,1.0950342863160014,1.0185556025615767
2472,Stock than use,Lauren Serrano,1.0827111036824912,0.9944009846067664,0.844397322312769,0.9809916251829853
2473,Certain board,Lauren Serrano,0.9972252460176734,1.0568089156493095,1.0332834980129688,1.1218413765880582
2474,Discuss at,Lauren Serrano,1.096405554460766,1.1516552425004623,0.890155777011598,1.0717018893250116
2475,Authority,Lauren Serrano,1.0006990522779118,1.0398714782188203,1.0412075093565154,1.0987737489571066
2476,White age,Lauren Serrano,1.1019536876035951,1.0216808062453633,1.181172860067536,1.1410868550001303
2477,Challenge,Lauren Serrano,0.8850940527299838,0.90790372098645,1.0270284710628328,0.9447675157692794
2478,Live garden,Lauren Serrano,0.7655842436796669,0.9022623919399181,0.9108467661720951,0.8227167133122066
2479,Bit church,Lauren Serrano,1.1060368423256868,0.9736104733742289,1.0889391348655568,0.9890275851041949
2480,Together,Lauren Serrano,0.89358641829043,1.243137877201184,1.1031185956729117,1.002259573491503
2481,Heart lawyer,Lauren Serrano,0.8480426525799732,0.8323652216688877,1.0773887969284073,0.9142083059674047
2482,Congress final,Lauren Serrano,1.3490627396312673,0.9943647221859967,1.1736358263605624,1.1601902119017387
2483,Brother member,Lauren Serrano,1.1077745254328104,0.903687414444335,0.9531913174381369,0.8707793290831637
2484,Owner finally,Lauren Serrano,0.8937220505021847,0.8821608863474223,1.0841785745191703,0.9096801858894367
2485,Both customer,Lauren Serrano,1.0836261127628963,1.1234008114003295,1.0073287358080574,1.0626474389460434
2486,Turn focus,Lauren Serrano,0.8941068483318239,0.8955750142300682,0.8241181213140963,0.9863761176471741
2487,Understand eat,Lauren Serrano,1.056356601872601,0.9251496988543394,1.1718030961697006,0.9694628883735757
2488,Language,Lauren Serrano,1.1301031415881968,1.1269739866002404,0.9784814754792132,0.9576463235160236
2489,Help often,Lauren Serrano,0.9321777685997403,1.0149799851606034,1.213225312423369,0.8999005761959366
2490,Economic city,Lauren Serrano,1.1594922145098006,1.2184569546448176,1.1848903599482505,0.9538499861401151
2491,Method his,Lauren Serrano,1.0304790197028502,0.9397991106598549,0.8901056572696836,0.9433671349312944
2492,Theory buy,Lauren Serrano,1.0091468877056446,1.114181161997251,1.082473632044635,1.0446531173753622
2493,Within wait,Lauren Serrano,1.0302133917648284,0.9613722910034136,1.0210223502248204,0.8613474474883891
2494,Anyone home,Lauren Serrano,0.9320252198281608,1.0465041517536495,0.9862524996993626,0.9860122497432037
2495,Minute quickly,Lauren Serrano,0.855604751120469,0.9650857136141142,0.9172325709725513,0.9847079233924168
2496,Sister,Lauren Serrano,0.994037884452704,1.1454390840298245,0.9970009305644874,0.9476086516578356
2497,Able find wish,Lauren Serrano,0.8833868021986976,1.022763604064947,0.9343309996244322,1.0360934026312452
2498,Shake high,Lauren Serrano,0.8998211019431273,0.9599427739181801,0.9666926967072289,1.076155019335682
2499,Commercial two,Lauren Serrano,0.9749259583746263,0.9607216378649786,1.0479163455414053,1.1636540963950135
2500,Role something,Lauren Serrano,0.9652450264437238,1.0465012729449223,0.9884268878913126,1.0621918407095472
2501,Sometimes tree,Lauren Serrano,1.0215862529034343,1.1105840586635725,0.9372360607129434,0.9941922770499967
2502,Security,Lauren Serrano,1.0481838402478842,0.8638731090501357,0.9326482823043329,1.0202055800745833
2503,Agent glass,Lauren Serrano,1.0753516494954445,1.0689556114667937,0.8408785597412989,1.0054143383924816
2504,Weight against,Lauren Serrano,1.1163961638418805,1.002240513604242,1.0406068912269457,0.9177859815010143
2505,Age painting,Lauren Serrano,0.9949872894198257,1.0321659221314199,0.7751114811374088,1.0881142702704787
2506,Push movie,Lauren Serrano,0.9606366079043485,0.8914910755046797,0.9422404793923864,0.9872161417772253
2507,Tough move red,Lauren Serrano,0.8729514443122341,0.8368935157424916,1.1211878262864765,1.1570531688946284
2508,Career of,Lauren Serrano,1.2053319768905408,1.0344126196963046,1.0476310168821077,1.0624639300727883
2509,Necessary unit,Lauren Serrano,1.1669215584144947,0.8974064916192324,0.9502819399775888,1.2219515039756974
2510,Peace foreign,Lauren Serrano,0.8347014430932174,1.0261945312080623,1.0545174066593688,0.8525503967043085
2511,Different,Lauren Serrano,0.9919143689807283,0.9941784413902198,0.9699087545610486,1.2295632347464007
2512,Drive win,Lauren Serrano,0.8877964585222542,0.9207133643121874,1.0944184230985725,1.0090876807072442
2513,Measure every,Lauren Serrano,1.1530380307686787,0.9814787495964387,0.8717249378753262,0.923386473005015
2514,Feeling near,Lauren Serrano,0.9014148553212458,0.9974763489243073,0.9402293689643888,0.9831989108472876
2515,Position fear,Lauren Serrano,0.9193216692975067,0.9936305972248772,0.9112473938324956,0.8685557631257969
2516,Fear perhaps,Lauren Serrano,1.069862810511709,0.9266440550824799,0.9050773558031986,0.939269008329416
2517,Blue trouble,Lauren Serrano,1.13499872458624,0.8107628129029179,0.885265142409283,0.9802743383102772
2518,Ground network,Lauren Serrano,0.969044352079185,1.0338739812973101,0.8418546566292723,1.0734049674354997
2519,Arm pattern in,Lauren Serrano,0.9419506898907127,1.1109926894700115,0.9682258420439644,1.0946392639366849
2520,Rich,Lauren Serrano,1.0109120813649661,1.1929027842456414,0.9447877945095902,1.1002210806928527
2521,Break employee,Lauren Serrano,1.0477609142681248,0.9684434138983908,0.8688019324963077,0.8010429535469439
2522,Official way,Lauren Serrano,1.126093235496307,1.1130061015494175,0.8515479249458249,1.0245192928380902
2523,Baby bit,Lauren Serrano,1.1213550195325994,0.9812941307878986,0.970467856018804,1.004164082676356
2524,Improve meet,Lauren Serrano,0.9395318066910722,1.0768942720990935,1.1413728457683332,1.1561562895912034
2525,Cold single,Lauren Serrano,0.9441313516630426,1.024091130676444,0.9206490662838249,0.8919617304492067
2526,Game artist,Lauren Serrano,0.9613430947624813,0.9962391880900021,1.0782481591106547,0.8791009151969692
2527,Officer put up,Lauren Serrano,0.9297432163291152,1.0409491821944181,1.1830351227849984,0.8817418270078922
2528,Vote sport,Lauren Serrano,0.9158012081369851,0.9386431530603291,0.9027097725291214,0.922959341578111
2529,Research leg,Lauren Serrano,0.9073116830636436,0.9576695971858334,1.1496154492916781,0.9192742837548661
2530,Organization,Lauren Serrano,0.9394527620801948,0.7332566457797715,1.047358407375995,0.9767890413787222
2531,Bit,Lauren Serrano,0.9192642290396319,0.9781202610093924,1.1614088280540742,0.8892637581724697
2532,Scene check,Lauren Serrano,0.961999323279213,1.0815397757887095,1.0419436741592538,0.9649015656123587
2533,Man range sort,Lauren Serrano,0.9526697167281386,0.9007340482733387,1.0986531296699624,0.9456164225657944
2534,Third physical,Lauren Serrano,1.0033208912131415,0.9671598985088248,0.7635271226402455,0.9681493001354052
2535,Expect space,Lauren Serrano,1.069435451320536,1.040223835856182,1.1031800364509838,0.9318477937955685
2536,While than,Lauren Serrano,1.1368397691371352,1.0988199724307302,1.016767673654821,0.9340911159367955
2537,Oil movement,Lauren Serrano,1.0188349745043617,0.9930387651761315,0.9639965589854981,1.1021812809092797
2538,Defense teach,Lauren Serrano,1.1182943839020176,0.9003737426571241,1.0063093001125696,0.9042421602007314
2539,Small view gun,Lauren Serrano,1.0217799702319683,0.9549825995350327,1.002060210018992,1.125925148842403
2540,Nation arm,Lauren Serrano,1.050537940051263,0.8384186879784311,0.9572947367378419,1.0477845603533025
2541,Choice board,Lauren Serrano,1.0242345452966566,0.9725298869834361,1.2764805588449062,1.112454594078143
2542,Back manage,Lauren Serrano,1.0123675901276077,1.2256258796877049,1.0424578345123954,0.8388086174858731
2543,Do part,Lauren Serrano,0.9849085981970271,1.189271627491829,1.2515792931646348,0.8699111990073
2544,Bad,Lauren Serrano,0.8870483938001035,0.9602569905348352,1.129791643924206,1.1271029873928813
2545,Happen trip,Lauren Serrano,0.9579951483485617,0.9790260879400291,0.9469040956114365,1.0671179479201782
2546,Business night,Lauren Serrano,0.9262462078436953,1.249290382928613,1.0989573830562542,1.0326125816731269
2547,Relationship,Lauren Serrano,0.8045650899881325,0.9347149881802981,1.0422622799176648,1.0295742313407923
2548,Assume line,Lauren Serrano,1.1512504548455647,0.9406962861886491,0.8470674671123224,0.9138206751369713
2549,Seven space,Lauren Serrano,0.8990998699782826,0.9582232376632354,0.7768354692123688,0.9317676845190761
2550,Week cover,Jordan Nelson,0.8878081875676725,1.1174032670444136,0.9970905510215388,1.1544721053203209
2551,Station,Jordan Nelson,1.0283137353413663,1.02625610353859,0.8943924118380185,0.991473882144104
2552,Write of,Jordan Nelson,1.071591539419405,1.0478034531242133,0.7809222943229932,1.0724419103903406
2553,Feeling,Jordan Nelson,0.9388482478654939,1.0226076987291306,1.0183075226641216,0.9057395765773001
2554,Cost gas far,Jordan Nelson,1.020400101023986,1.1449365090508914,1.014424319112079,0.9091323106339844
2555,Money win,Jordan Nelson,1.2556358612184952,0.9625741507852347,1.0644344154275363,1.0243483105519318
2556,Response hold,Jordan Nelson,0.9689694945625086,1.018162349665582,1.0139388909461267,0.9128432265063796
2557,Need produce,Jordan Nelson,1.0407157169967385,0.9574512461976475,0.9018232984135588,1.0044203423126725
2558,Trial,Jordan Nelson,1.0703494166888872,0.9924345444380784,1.040915137629395,0.994894962078675
2559,Seek culture,Jordan Nelson,1.1097749073421743,1.1192494062113996,0.8869547321996667,0.9212691397856273
2560,Glass down,Jordan Nelson,1.0442834702472557,1.0966522398865708,0.9795555085313208,0.8754003253938851
2561,Discover tend,Jordan Nelson,0.9591871113668231,1.008426867618469,1.0918622924786645,1.0189677967280193
2562,Green spend,Jordan Nelson,1.0160051237170704,0.9310831875259455,1.0568693071673299,0.908003164609407
2563,Gas generation,Jordan Nelson,1.0701683204162245,0.856196923068038,1.0189215551683992,1.1254556212016988
2564,Focus anything,Jordan Nelson,0.9635018366928662,0.9212901419479325,1.0938618203738228,0.9195543135022239
2565,Use create,Jordan Nelson,0.8859256916432002,0.9168491675042781,0.9776146762247562,0.9326335151992037
2566,Size letter,Jordan Nelson,0.9878975236330472,1.0078062656529247,1.1961085629683568,0.9192578619908072
2567,Best us on,Jordan Nelson,1.044365677220689,1.0797194734036175,0.9322245351938474,0.902112805047818
2568,Measure ago,Jordan Nelson,1.0253442240465291,0.9627393145950709,1.005555302112962,0.8788600202686855
2569,Light describe,Jordan Nelson,0.8922390049944049,1.086316812627507,0.9069646311419273,1.0303834714865716
2570,Bag including,Jordan Nelson,1.0023168402514875,0.8246927807943418,1.0578201682396846,0.9682360371605961
2571,Evening she,Jordan Nelson,0.9972506783203242,1.1702962629951918,0.9262555590855135,1.0005021667647724
2572,Campaign use,Jordan Nelson,1.0802802321250138,0.9247064928111038,1.0581951174688142,1.0104697379532452
2573,Serve order,Jordan Nelson,0.8834559815057725,0.9138127776477507,0.8781548181145878,0.8805900200235423
2574,Program,Jordan Nelson,0.9130041749552822,1.1019707795591231,0.8718572813330592,0.9816063832650743
2575,Set stand add,Jordan Nelson,0.8635595788761236,1.0854488699817089,1.0378623037045756,0.9581186819868531
2576,Strategy,Jordan Nelson,0.9380196955947182,1.1210711159996305,1.0209506650860785,1.0600574344546505
2577,Huge others,Jordan Nelson,0.9407502842019082,0.9217094305655008,1.0076761864226973,0.9019611904448708
2578,Baby agent,Jordan Nelson,0.9694546319272339,1.2784874712843766,1.1126833552870572,1.0721360971444773
2579,Way democratic,Jordan Nelson,0.8990402911115462,0.9823526799525608,0.874357243649857,1.0005496240247
2580,Organization,Jordan Nelson,1.1024236160868846,1.1813580019829262,1.0229224057476356,0.9377462962513953
2581,Health,Jordan Nelson,1.0441886458468475,1.0882471780308443,0.8426103444542096,1.1086413343159818
2582,My could loss,Jordan Nelson,1.1121137534424357,0.995000073089957,1.0493671575799643,1.1159451663555768
2583,Meeting rich,Jordan Nelson,0.9190191108248482,1.1262033452728968,0.860251768108371,1.1150588153937733
2584,Brother song,Jordan Nelson,0.8925477908539029,0.8825624855033071,1.1924727253190273,0.987207889886537
2585,Still story,Jordan Nelson,0.9657361051595496,0.9110870314205247,0.9514422821139209,0.9328459341907871
2586,Laugh myself,Jordan Nelson,0.8659876719679273,1.1352710949639533,0.9458002578494752,1.0431049147209834
2587,Event week,Jordan Nelson,0.8784635021521463,1.01002623482865,0.9579444178181771,1.065293778702022
2588,Form career,Jordan Nelson,1.147350207556783,0.9538300183950695,0.9680190816539984,0.9514124161971279
2589,Bed enough he,Jordan Nelson,1.036788517857008,1.006885666955578,0.8990894384327933,0.8948944120869009
2590,Note our argue,Jordan Nelson,0.9398056135723224,0.9926178548818597,0.9983416990073405,0.9330831017504463
2591,Wonder but,Jordan Nelson,1.0909255319466333,1.1132969144784706,0.8742000149922301,0.9256737848585428
2592,Avoid worry,Jordan Nelson,0.9259375917783627,1.0422378666601733,1.0208984682971125,1.0650702024406566
2593,Scientist,Jordan Nelson,1.0024639066935415,1.1707287014421026,0.9707751628091124,1.150741243556151
2594,Cover idea,Jordan Nelson,0.8964094576923934,1.1144716835468844,1.0124301712535544,0.8033611862181249
2595,Else spend,Jordan Nelson,0.8319116268991122,1.091043358526917,1.0199300605493458,1.0633672803810978
2596,Purpose bank,Jordan Nelson,1.1097258417902536,0.9861527730475941,0.9972498252248847,0.9064482532919808
2597,Ago remain,Jordan Nelson,0.8812508680603812,0.8783886810596583,0.7624205713735313,0.8795452352553266
2598,Magazine I,Jordan Nelson,0.9969006311564824,0.9922197450397939,0.9346172578703782,0.9159073346047604
2599,Entire,Jordan Nelson,0.9749399744747086,0.8663818542003279,0.93233820565945,1.0805174584803783
2600,Prepare event,Jordan Nelson,1.1225789975586247,1.029109006276402,0.9675866925393463,0.9122052085095638
2601,Dinner explain,Jordan Nelson,0.8650816812590254,0.9675275373937006,0.9731083964579017,1.0383521594745382
2602,Current,Jordan Nelson,1.0795524163587569,0.9357018998430547,1.0776389601489351,0.9536511604079273
2603,Player bad,Jordan Nelson,1.0620290630435218,1.0412330704261665,0.9047093881209933,0.9849963104693609
2604,Price,Jordan Nelson,0.9987545476228513,1.044968045687041,1.0704083356392642,1.1173290039017176
2605,Official,Jordan Nelson,0.9720464017757965,0.9776942431783107,1.1149821035902023,1.0693966933848547
2606,As benefit,Jordan Nelson,1.1303724928744436,1.0259826424164609,0.8198677693582938,1.031143850653504
2607,Raise letter,Jordan Nelson,1.0258542184791972,0.9332613438498156,0.8485397222067914,1.1222238592721547
2608,Product peace,Jordan Nelson,0.8840937405412452,1.0050031097072998,0.9987243024703207,1.0259804816251834
2609,Seat cell,Jordan Nelson,1.0118284978888534,0.8549098739245348,0.9322249632607267,0.9821863907897505
2610,Gas gas,Jordan Nelson,1.0316885615996332,1.064806751020443,0.9933138805518539,0.9904569061030974
2611,Stock seem,Jordan Nelson,0.9377521342034072,1.0402041663584045,1.0005586012767744,1.0448118695911304
2612,Stay view,Jordan Nelson,1.0677081307202476,0.8699716307133328,0.9219651598979615,0.8963928481581261
2613,Economic,Jordan Nelson,1.0069359099339064,1.0137042385815025,1.071134373604502,1.0834004476652122
2614,First home,Jordan Nelson,1.137129252647234,1.0818864652107394,0.990769484915304,0.9304427723754041
2615,Among blue,Jordan Nelson,0.9201582718231025,1.0097802967018574,1.0502384996219647,0.9999801167629582
2616,Only join,Jordan Nelson,0.9631120211146936,0.9980488342928221,1.047742979290408,0.9977288091062543
2617,Simple man,Jordan Nelson,1.0251893226202355,1.130034165112649,1.118108256802713,1.0783556946046438
2618,Meeting,Jordan Nelson,1.0946001277940542,1.1748554669202458,1.006679071867236,1.0466607188678378
2619,Animal onto ok,Jordan Nelson,0.9279721043386003,0.9280531434355006,0.9693283974133496,1.1286985200991737
2620,Group language,Jordan Nelson,0.9972819605809544,1.0426220597867637,1.0093288523611048,0.9377827508714467
2621,Thus official,Jordan Nelson,0.9054994250095114,0.8738592904321894,0.9244189196115964,0.9388192775261421
2622,Happy use,Jordan Nelson,1.04121291703026,0.8555161823153752,0.9106147639318166,1.0496746370076977
2623,Eight usually,Jordan Nelson,1.0174517659355033,0.8829121642231706,1.0329998298899794,1.120188781563374
2624,Never far,Jordan Nelson,0.964039865470899,0.9271503584652994,0.8798242309726083,0.9838558543277703
2625,Nature already,Jordan Nelson,1.0275301288754144,1.0667926291575187,0.9951405016483059,1.0236269598809333
2626,Lead almost,Jordan Nelson,1.1806650673675807,0.9637127366908914,1.0097363961766825,1.160572999966415
2627,Teach board,Jordan Nelson,0.8970683339105421,0.9004550817290013,0.982495665662851,0.9583384245470525
2628,Each save,Jordan Nelson,1.0072526705045284,0.957305242578984,0.9914129865035708,0.899224399234505
2629,Speech item,Jordan Nelson,1.1319430054861404,0.8533153939233746,0.9290166239631551,1.0100214334174822
2630,Front,Jordan Nelson,1.116828640136872,1.045813286569056,0.7429363581224784,1.0695475971829562
2631,Score decide,Jordan Nelson,1.0006832224547242,1.0911105820049125,1.0780752326809817,0.8367927020947774
2632,Court evidence,Jordan Nelson,1.0030505360487456,1.0185458160708198,1.2230233323697453,1.0785315439204795
2633,Moment,Jordan Nelson,1.0205410274229194,0.9102223949102163,1.0486965992253345,1.192587871341761
2634,Health impact,Jordan Nelson,1.1397202847695034,1.1670482506710278,0.9652781471552253,1.0625921008827541
2635,Drive certain,Jordan Nelson,1.229822961010323,1.0095514503923706,1.0705500890348827,0.7825100824742673
2636,None book,Jordan Nelson,1.0617401125790318,0.8696518010663051,1.1082031544705275,1.0272189012844029
2637,Good my,Jordan Nelson,1.254664371447097,0.9770855488508418,1.1738229265841285,1.0725422185432438
2638,Thing single,Jordan Nelson,0.9846445730645671,0.976959643389961,1.0827114302181802,0.8805971910664672
2639,Include give,Jordan Nelson,1.1062019604444167,0.9976858896754238,0.7718250464479361,1.0169755753626541
2640,Property same,Jordan Nelson,1.1687018148957495,1.1836616567510618,0.9154550998920794,1.045707503504895
2641,Reach party,Jordan Nelson,0.9935231981847703,1.051983831085324,0.9059097202546709,1.043116671289884
2642,Nor executive,Jordan Nelson,1.0721017647557642,0.9497326143989349,1.0005586444701042,1.1686981142075248
2643,Age can,Jordan Nelson,0.9925284161926264,1.0902407207899383,1.147439487476103,0.9263938374046792
2644,Mean would,Jordan Nelson,0.9553159915214176,0.9284907659955319,1.0103642480991515,0.92124612823643
2645,Cost success,Jordan Nelson,1.066615989169213,0.9529012758507538,1.0427364226065783,1.0815507433764144
2646,High range,Jordan Nelson,1.0860335641405543,0.925383484202534,1.073707859142639,0.9504069464284107
2647,Mother,Jordan Nelson,1.1292469551869224,0.9793125638046022,1.0820985587616132,1.0748152970843532
2648,End make,Jordan Nelson,1.0107490014125393,1.0635455132173068,0.9320054626162797,1.015139924486038
2649,Wish under,Jordan Nelson,0.8574267773138308,1.1811969119014807,1.25638647624577,1.044189772738097
2650,Seat red agent,Jordan Nelson,1.0074262407734456,0.8776231086546874,0.8677060308232556,0.9090721850395804
2651,Knowledge its,Jordan Nelson,1.0659156695872514,0.9947875166129941,0.9611672076961415,1.073374341482342
2652,Consumer,Jordan Nelson,0.9892142107379379,0.8153409621244564,0.9050184931247741,1.0779152597732362
2653,One whose,Jordan Nelson,1.1502185102809923,0.9424693344816318,0.9551566731159566,1.0262050380785273
2654,Over challenge,Jordan Nelson,0.9832929387334424,0.9359625438731298,1.1038418591760768,0.9701733017870936
2655,Feel work,Jordan Nelson,0.7876056199155221,1.024366480565595,1.054574504499685,0.9859745610198973
2656,Song my,Jordan Nelson,0.9832186621360025,1.0890785212617304,0.8749664546742425,0.9385934733416652
2657,Kitchen thus,Jordan Nelson,0.9753592898903709,1.1243417263326498,0.8908352739092836,0.9326734398108625
2658,Never miss,Jordan Nelson,0.8575038144202569,0.8976858881797529,0.7676856813023748,0.9447410695797703
2659,Page occur,Jordan Nelson,0.9371139066748999,0.9504389191001302,0.9985410496825434,1.1985291357516956
2660,Choose box,Jordan Nelson,1.0164124819523443,0.993502565053737,1.1793318378143365,1.009747283518823
2661,Property skin,Jordan Nelson,1.1063706617479943,1.0589556592242881,1.1212000149182064,0.9920148683420787
2662,Dream relate,Jordan Nelson,0.7485429219508228,1.0000221067560862,0.8645778006643998,0.9649615770852605
2663,Night not,Jordan Nelson,0.9329827075423833,1.0954515761261467,1.0282500120895945,1.1654846122840288
2664,Responsibility,Jordan Nelson,0.9604213769666254,1.125470657560646,1.0034977426475182,0.9527471921375036
2665,Exist know,Jordan Nelson,1.1031551562279927,0.9545443414739853,0.9846912101542002,0.9408331187892083
2666,They expert,Jordan Nelson,0.906015793641557,1.062119665645344,1.0693218787089562,1.0023532658969223
2667,Structure,Jordan Nelson,0.9515927654386994,0.8282844944098827,1.0079082101466512,0.9631696515807663
2668,Himself safe,Jordan Nelson,0.9815206004251412,1.0043462039045494,0.9892885941680906,0.9609478309176027
2669,Provide minute,Jordan Nelson,1.0432307165176993,0.9951413821274054,0.8256073276796068,0.9451693052025448
2670,Before few,Jordan Nelson,0.8492896799160127,0.9638572749244125,1.1605804194342189,1.0979126613377783
2671,Indicate fear,Jordan Nelson,1.121178088097571,1.0656036363781298,1.0333926277081336,0.9441890786093047
2672,Also own,Jordan Nelson,1.0338060924481804,1.0637495520574958,1.030753751924761,1.2298863032305003
2673,Produce sell,Jordan Nelson,1.0267481008843027,1.0013028480211508,0.9615523914578364,1.019227488162454
2674,Country modern,Jordan Nelson,1.022877662311217,0.9669140076789563,1.1245968654605125,1.0968661657037257
2675,Security his,Jordan Nelson,0.8828311258878547,1.0151591118355106,0.9736463932875136,1.051249184027118
2676,Star board big,Jordan Nelson,0.9498399336890637,0.9996870226054404,0.8898570270251466,1.0187617519604266
2677,Board,Jordan Nelson,0.9144035419163015,0.8568539057093509,0.8301267766536427,0.8519176258124329
2678,Trial,Jordan Nelson,0.9063996288465574,0.9963541724846643,0.9919940777305095,1.052628590290616
2679,Fish although,Jordan Nelson,0.9452642434274068,0.9919143650876645,1.031457289187974,1.0483139075615089
2680,Enter yet long,Jordan Nelson,1.0833331612585628,1.0867418062523593,0.8876382999249527,0.9903086078644735
2681,Occur mean,Jordan Nelson,0.9752424506987155,0.9254726569996418,1.1723533794075018,1.0072103667330201
2682,Beyond choice,Jordan Nelson,1.009700166685167,0.7553255283765992,0.9153849711234078,0.9788218239059094
2683,Other memory,Jordan Nelson,0.9165727761834569,1.036019602823191,0.9168502584122009,1.0427623737696974
2684,Property,Jordan Nelson,1.0141636478908695,0.9862468672952337,1.1367218980920815,1.0158908637322575
2685,Very short,Jordan Nelson,0.8832573418802002,1.0827969214718143,1.0622741439677237,1.0206024022676965
2686,Near region,Jordan Nelson,1.1497035424320563,1.0432361983909078,1.0010358673657456,0.9090338970633544
2687,Box purpose,Jordan Nelson,0.8827614857947346,0.9455939390703204,0.9350963556041133,0.795051782003614
2688,Visit single,Jordan Nelson,0.8719867683041512,1.0338997772728442,1.123857705002366,1.041604833803465
2689,Anyone best,Jordan Nelson,0.9295697807758279,1.081620516190978,1.0259959511404482,0.8929244616028122
2690,Beat project,Jordan Nelson,1.0925220802059288,0.8650349789389329,1.0229708370898472,1.1361731103313606
2691,Term there,Jordan Nelson,0.999978702295363,0.9323685914470131,1.1238465781818574,0.927363311158524
2692,Crime law,Jordan Nelson,0.7338268071256205,0.8890503979071159,0.8952156614340564,1.162594060869301
2693,Sister wall,Jordan Nelson,0.8529694391289347,1.062319911582988,1.0380279384000224,0.9895283658010119
2694,Threat wife,Jordan Nelson,1.0197678196642521,0.929519287947695,1.0179017288118775,1.1847129852149518
2695,Ok option,Jordan Nelson,1.1108949012648084,1.1122790822951236,0.9476893228668797,1.0479166825077448
2696,Choice wrong,Jordan Nelson,1.005954494128664,0.9193950193445714,1.0203194719001663,0.852396571223653
2697,Let people,Jordan Nelson,1.03317806523266,1.0744834144638091,0.9181373461280516,0.9684603769380681
2698,Measure coach,Jordan Nelson,0.9037480400645095,0.9826670651955949,0.9322465157480849,1.039218911091928
2699,Task run write,Jordan Nelson,1.0064489851430918,0.9455931279829055,1.1146724430611819,0.9530537095741786
2700,Let money test,Susan Jones,0.8816616442633373,0.9439011515500328,1.071328885807714,0.907293471610467
2701,I else off,Susan Jones,1.0473743721081554,1.1042380071343858,1.1168844826969742,0.772544759804218
2702,Doctor sign,Susan Jones,1.0110104313227082,0.9433319840465704,1.110410392308219,0.9207218595998279
2703,Sit suddenly,Susan Jones,1.0215314639108686,0.9067803184823583,0.9842415136877092,0.9051162548995355
2704,Myself own,Susan Jones,1.0579737299696907,0.920224068800783,0.9415448215836564,1.0110152125482679
2705,Generation,Susan Jones,1.0137577035388396,1.0115135617744833,0.9129755804668246,0.9664497608571155
2706,Behind ahead,Susan Jones,1.1169887226547501,1.0283359322226535,0.9889035991915277,0.8577541408502054
2707,Participant,Susan Jones,0.9787566016891525,1.0224864496678259,1.0408735397369173,0.9926093066559611
2708,Dark sea world,Susan Jones,0.9333034809839716,0.9964446998050325,0.8598038944429979,0.9007420632235353
2709,Note next,Susan Jones,1.1263295565140183,1.0716841802865424,1.0490038866040603,0.863430464393433
2710,Authority,Susan Jones,0.8953727097596994,0.977580676801498,1.0000338119029564,0.8512335989964778
2711,True prepare,Susan Jones,1.0345777930459867,1.0110656946991896,0.8321817494816496,0.9090590774072103
2712,Great,Susan Jones,0.8853173775598604,1.039372850962946,1.1302198546437345,1.0260974671351466
2713,Least police,Susan Jones,0.9586722492725704,1.0414038560310306,0.9469053583673627,0.9945338867021727
2714,Scene dog,Susan Jones,1.06755884182993,0.9555150419951213,1.135250915983608,0.9821992706295188
2715,Under food,Susan Jones,0.9818289523350643,0.9486735531858176,1.1494750079296816,1.0490714407455481
2716,Truth,Susan Jones,1.0700866176959123,1.0748080316213964,0.8725934460911596,0.928405065642132
2717,Office light,Susan Jones,1.0714802896578728,1.156301738892061,1.015821491892401,0.8820838556529933
2718,Very house,Susan Jones,1.0980693654289908,0.93084788560228,1.1098825612458136,0.9323747686947732
2719,Above feel,Susan Jones,1.151580519887346,0.9589159542764373,1.0350965088663093,0.9370423820677434
2720,Beyond range,Susan Jones,0.8545936091506454,0.9286553025406749,0.9820413726646172,1.146801786513927
2721,Population,Susan Jones,0.9967775538963998,1.054287112441984,0.9139763665384817,0.8281126289337803
2722,Author within,Susan Jones,0.8962667166232849,1.2253105137918945,0.8296758007109392,0.9502351971319887
2723,Point option,Susan Jones,1.0607844283687597,1.1036305920171559,0.8042849170288471,0.9771913680141144
2724,Production,Susan Jones,1.1297628645358258,0.8329662620197307,0.8559253827809747,0.970233455426156
2725,Week song tax,Susan Jones,1.1014577979688263,0.9861179447859824,0.9981820082035029,1.0731428691157905
2726,Why reason,Susan Jones,0.9464437130481665,0.8789399474796248,0.8761630386372091,0.9866724676149593
2727,Several,Susan Jones,0.9459012316863523,0.9653325061523211,1.1952773071432479,1.0203029070052212
2728,Instead law,Susan Jones,1.0617955876964769,0.9931001943601455,1.1677534360783794,1.0316698603190853
2729,Local skin,Susan Jones,0.8639514514158885,0.9066012277475222,0.9912669918700755,0.9917830377641387
2730,Painting deal,Susan Jones,0.879257365811255,1.137262315164997,1.1151909093635322,1.068180728516568
2731,Because now,Susan Jones,1.1650461355604036,0.9860720731179324,0.9923377108400623,0.984926043759162
2732,Ever smile,Susan Jones,0.9839472241875089,1.046180210066244,1.166436080257028,0.9851518745578602
2733,Expect simply,Susan Jones,0.9344743020208159,0.8503777287783266,1.0211116319646305,0.9331290031155233
2734,Perform,Susan Jones,0.9560194927503459,0.8677230084500396,0.8979564483714617,0.9496287365913774
2735,Produce only,Susan Jones,1.0522063370373407,0.9452566923855502,0.9973709450837004,0.9811775977787065
2736,Agree water,Susan Jones,1.1070722742503352,1.05344453109504,0.9749746919704079,0.9442246377166365
2737,Without attack,Susan Jones,0.8177952120802959,0.8330570180646775,0.9208354750223818,1.0484654865368939
2738,Trip term near,Susan Jones,0.9557541096449725,0.9495263787729387,0.9570825563875766,0.9250315699133197
2739,Region past,Susan Jones,1.0529680524906295,0.8685204691128853,1.0577422484694123,0.9576760217339153
2740,Present parent,Susan Jones,1.0177696171419863,0.988994992782661,0.9952421164333982,0.9895643809736515
2741,Itself section,Susan Jones,1.0463025462243605,0.9371982739069354,1.0101871347802118,0.9336460931575867
2742,Piece suddenly,Susan Jones,1.0897898021190007,1.0414438759131799,1.0932175115347638,0.9046295293906579
2743,Billion,Susan Jones,0.9077938416776985,1.0145448452137895,0.8567328809057022,1.0447288611326515
2744,Career today,Susan Jones,0.9412700445391937,0.8856036691844307,1.0422711607296407,1.0209418678955642
2745,Offer art,Susan Jones,0.929343609133887,0.9152266426141462,0.9428365266299739,1.1635451696136734
2746,Let boy impact,Susan Jones,1.0350041770577805,0.9932025941212317,0.9200657911418925,1.0488609040961998
2747,Allow else,Susan Jones,1.109121322951827,1.0319983567976019,1.0436069826754848,0.9227817784036774
2748,Pull country,Susan Jones,1.0094844387773443,1.092746351768559,0.949549187997033,0.9929108864241077
2749,Few become,Susan Jones,1.0147063904869322,0.9979280256771672,0.9469529249719242,0.9194071481828918
2750,Be kid health,Susan Jones,0.9875583687509562,0.9123782864777855,1.0459653352825786,0.8802560066713851
2751,Executive,Susan Jones,1.0238736852644803,0.9219770696959987,1.029357017692546,0.9022749151984445
2752,Question,Susan Jones,0.9436593507690672,1.0585570555855048,0.878326321054672,1.3097383526975872
2753,Represent,Susan Jones,1.0373695506296012,0.9898720512938118,1.0044568793062365,0.9168301820170379
2754,Here side,Susan Jones,0.9470965538285648,0.9589340018662535,0.906036661650457,0.9138861788386976
2755,Early leader,Susan Jones,0.8469049622540251,0.9388052148978915,1.1275564247907928,1.0283595741506462
2756,Time drop they,Susan Jones,1.0532316340876564,0.9672127637758899,0.9337961914617341,1.026622550265104
2757,Speak rather,Susan Jones,1.0516684487397572,0.9989492227903178,1.0855888546337418,0.9690308833897827
2758,Explain,Susan Jones,0.913283471145694,1.1317548930597265,1.1684871803628818,0.915535226569615
2759,Anyone need,Susan Jones,1.079467708540104,0.9421945013583909,1.0300469850612308,0.8935499431571973
2760,Network offer,Susan Jones,1.1405550740613613,0.9648505613949749,0.957006232698297,0.9840662341448533
2761,Everybody no,Susan Jones,0.8916453229858989,1.154827732967237,1.0118835628838185,0.8841353031847923
2762,Political yeah,Susan Jones,0.9925170507289363,0.9415508655298067,1.002615233901727,0.8916197290996245
2763,Star agreement,Susan Jones,1.1253883918528085,1.0127699914115564,0.8226469210979183,1.1177228056809307
2764,When end,Susan Jones,1.0493073617242525,1.0715381562208544,1.0333952072243253,1.1586885954641313
2765,Affect vote,Susan Jones,1.0827621265421792,1.085587492195226,0.9733462645012064,1.1196362348465758
2766,Never rest,Susan Jones,1.2055349140845653,0.954268711680312,0.8356705895237933,0.8989734390017097
2767,Middle present,Susan Jones,1.1662723413579832,1.0498633242120519,1.0395755734206924,0.9535740275164625
2768,Place wind,Susan Jones,0.939048205730905,0.9299880833949085,0.8901047493086225,0.7967445907025185
2769,Person,Susan Jones,1.1605484378592112,1.0234540819948295,1.0845855267403826,0.9273102312073515
2770,Language off,Susan Jones,0.9828955340590374,1.0369009046853348,0.9946550805923506,1.0416867815240873
2771,Laugh brother,Susan Jones,1.2294659601029079,0.924321483371416,1.0499346927443436,1.1179496357193024
2772,Stock than use,Susan Jones,1.0827111036824912,0.9944009846067664,0.844397322312769,1.0015481518605855
2773,Store,Susan Jones,0.9722931476647868,0.9049533290623651,1.0000025791892606,0.9637860411531936
2774,Sense space,Susan Jones,0.9218345306389297,0.9207085583434409,1.0221527283403724,1.0020847455940318
2775,Authority,Susan Jones,1.0006990522779118,1.0398714782188203,1.0412075093565154,1.1027503086667938
2776,Reduce off,Susan Jones,0.8500588611372458,1.0671013573283736,0.8572260958754305,0.9355440412593875
2777,Hospital,Susan Jones,1.0094745660584519,1.0497173083754348,0.9503387662894,1.0057479712425763
2778,Live garden,Susan Jones,0.7655842436796669,0.9022623919399181,0.9108467661720951,1.0085365620518736
2779,Bit church,Susan Jones,1.1060368423256868,0.9736104733742289,1.0889391348655568,0.84261309084079
2780,Light anyone,Susan Jones,1.0286510041318473,0.8916967858082573,0.8348856169163987,0.8941977921040702
2781,Heart lawyer,Susan Jones,0.8480426525799732,0.8323652216688877,1.0773887969284073,1.1815957151001006
2782,By less hotel,Susan Jones,0.9895137011526013,0.956964227391244,1.1165711703345094,1.1260801548854937
2783,Suffer,Susan Jones,0.8124208338240715,0.8541035880335319,1.1360150815290653,1.030557821063453
2784,Any Democrat,Susan Jones,0.9727594037093642,0.9110877285350942,1.0329857903636974,0.8956865617251157
2785,Serve worry,Susan Jones,0.9912757821719241,0.9205535866035996,1.1238570908117804,0.9009181055663035
2786,Turn focus,Susan Jones,0.8941068483318239,0.8955750142300682,0.8241181213140963,1.0326110897915297
2787,Customer,Susan Jones,0.818617345326429,1.0595010896349424,0.8941446317942351,0.9344480133335362
2788,Language,Susan Jones,1.1301031415881968,1.1269739866002404,0.9784814754792132,1.2148770346573858
2789,Car interview,Susan Jones,0.9590767817702358,0.9039593009038037,1.135934278509573,1.1347886349276648
2790,Economic city,Susan Jones,1.1594922145098006,1.2184569546448176,1.1848903599482505,1.0177414344961786
2791,Method his,Susan Jones,1.0304790197028502,0.9397991106598549,0.8901056572696836,1.062165761705361
2792,Line my ok,Susan Jones,0.9398800479455698,1.0953148697569035,0.948351301758636,1.1271850047225276
2793,Only whose,Susan Jones,0.9056868483927922,1.0321469456860606,1.0801057676155978,0.7493584788230006
2794,Play hour,Susan Jones,1.0047883565280837,0.9867294938713026,1.0123260432306427,1.0319964997622433
2795,Minute quickly,Susan Jones,0.855604751120469,0.9650857136141142,0.9172325709725513,0.8965564683941316
2796,Sister,Susan Jones,0.994037884452704,1.1454390840298245,0.9970009305644874,1.1008907799725614
2797,Able find wish,Susan Jones,0.8833868021986976,1.022763604064947,0.9343309996244322,1.035307867257198
2798,Cup fine,Susan Jones,1.140471418064512,1.1081218390950651,1.0485620222337326,1.101184402554079
2799,Or staff,Susan Jones,1.0194848999378558,0.9218547372041114,0.896103069240931,0.9391892436162889
2800,Role something,Susan Jones,0.9652450264437238,1.0465012729449223,0.9884268878913126,0.9217314893202927
2801,Sometimes tree,Susan Jones,1.0215862529034343,1.1105840586635725,0.9372360607129434,0.8567558530584933
2802,Security,Susan Jones,1.0481838402478842,0.8638731090501357,0.9326482823043329,0.8801327026830638
2803,Agent glass,Susan Jones,1.0753516494954445,1.0689556114667937,0.8408785597412989,1.053749495470058
2804,Vote perform,Susan Jones,0.9806112909781122,0.9781549204850368,1.0641816592274236,0.8935097104646029
2805,Majority kind,Susan Jones,1.1112436822321838,1.0830269655078169,1.2812821683008653,0.9227719331954451
2806,Push movie,Susan Jones,0.9606366079043485,0.8914910755046797,0.9422404793923864,0.9922603342634143
2807,Piece science,Susan Jones,1.0067124108997079,0.9789010173204565,1.0512481534393876,1.1589564568727064
2808,Career of,Susan Jones,1.2053319768905408,1.0344126196963046,1.0476310168821077,0.9324999590011898
2809,Every former,Susan Jones,1.0783125491044587,0.9258373608902964,0.9157558321457233,0.9437677254847334
2810,Share sit,Susan Jones,0.9847668726209898,1.2173472311001519,1.0234885782984842,1.0087350943598858
2811,Different,Susan Jones,0.9919143689807283,0.9941784413902198,0.9699087545610486,0.8919093074823032
2812,Strong billion,Susan Jones,0.8971073237731255,1.0308864783688316,0.965983826232828,1.0376677150526539
2813,Measure every,Susan Jones,1.1530380307686787,0.9814787495964387,0.8717249378753262,1.0229724008587227
2814,Fine rule our,Susan Jones,1.1099024684236665,0.9492407292346248,0.9422249254275092,1.0298657197674748
2815,Position fear,Susan Jones,0.9193216692975067,0.9936305972248772,0.9112473938324956,1.093725450239909
2816,Clear land,Susan Jones,1.0016013814704205,1.2160919288325749,0.9863323236847492,0.9904095728320942
2817,Blue trouble,Susan Jones,1.13499872458624,0.8107628129029179,0.885265142409283,1.0744520820257573
2818,Today agency,Susan Jones,0.9004654478200165,0.9400123527973692,1.0385174857207018,0.9279649962660885
2819,Arm pattern in,Susan Jones,0.9419506898907127,1.1109926894700115,0.9682258420439644,1.115829182041845
2820,Rich,Susan Jones,1.0109120813649661,1.1929027842456414,0.9447877945095902,1.0113324752826252
2821,Break employee,Susan Jones,1.0477609142681248,0.9684434138983908,0.8688019324963077,0.9076587557026823
2822,Want yeah,Susan Jones,0.9361540391983706,1.1478116867174406,1.0664047081813242,1.1130929546112123
2823,Ground base,Susan Jones,1.04540675209974,0.9924210910624536,0.8445552867500101,0.914145325485033
2824,Improve meet,Susan Jones,0.9395318066910722,1.0768942720990935,1.1413728457683332,0.8125453368160391
2825,Cold single,Susan Jones,0.9441313516630426,1.024091130676444,0.9206490662838249,1.0219664602931058
2826,Between lay,Susan Jones,1.091103512545827,1.0709993544818468,0.905977029541204,1.16214003036391
2827,Player pull,Susan Jones,0.9607009960992305,0.986072954798842,0.9399284991733831,0.9031515894469773
2828,Vote sport,Susan Jones,0.9158012081369851,0.9386431530603291,0.9027097725291214,1.086639692751971
2829,Research leg,Susan Jones,0.9073116830636436,0.9576695971858334,1.1496154492916781,1.1423720237982502
2830,Organization,Susan Jones,0.9394527620801948,0.7332566457797715,1.047358407375995,0.8545865469130921
2831,Economy trial,Susan Jones,0.9583002153116988,0.9485085248662715,0.8776594582128703,1.1380628943705702
2832,Various why,Susan Jones,0.9963065201675785,1.0970734079344875,1.1713582253675452,0.9309423015385138
2833,Notice sort,Susan Jones,0.8796164426022691,0.9745006165221661,1.0412012033801465,0.9016072957732233
2834,Administration,Susan Jones,0.9858862692660355,0.9925705126155407,1.1452586974145047,1.027022467080624
2835,Expect space,Susan Jones,1.069435451320536,1.040223835856182,1.1031800364509838,0.9447412012609965
2836,Structure open,Susan Jones,1.0629189150029832,0.7809078460881734,0.7684354299587305,0.9790423710216125
2837,Early none,Susan Jones,0.9492133152806171,1.1893448364273649,1.183669793524237,1.1604229011736489
2838,Defense teach,Susan Jones,1.1182943839020176,0.9003737426571241,1.0063093001125696,1.047188199071528
2839,Small view gun,Susan Jones,1.0217799702319683,0.9549825995350327,1.002060210018992,1.09657262371783
2840,Nation arm,Susan Jones,1.050537940051263,0.8384186879784311,0.9572947367378419,1.0441064580565034
2841,Hold year eye,Susan Jones,0.969256621766432,0.9095608282157459,0.7871772107994992,0.9082318907306239
2842,Back manage,Susan Jones,1.0123675901276077,1.2256258796877049,1.0424578345123954,1.043493330061066
2843,View challenge,Susan Jones,0.9612717499156112,1.0531589981809797,1.1131705520032515,1.0694674784569194
2844,Bad,Susan Jones,0.8870483938001035,0.9602569905348352,1.129791643924206,0.8701091585014025
2845,Happen trip,Susan Jones,0.9579951483485617,0.9790260879400291,0.9469040956114365,0.9008813498339997
2846,Business night,Susan Jones,0.9262462078436953,1.249290382928613,1.0989573830562542,0.9949696834087894
2847,Follow,Susan Jones,1.0905940437675659,1.1319175024792059,1.109606054052403,1.201535704557791
2848,Assume line,Susan Jones,1.1512504548455647,0.9406962861886491,0.8470674671123224,0.8574856415447654
2849,Mouth deal,Susan Jones,0.9800380189439643,0.9122801942820022,1.032310545579067,1.00439204837622
2850,Let money test,Samantha Rogers,0.8816616442633373,0.9439011515500328,1.071328885807714,1.0493485950004076
2851,I else off,Samantha Rogers,1.0473743721081554,1.1042380071343858,1.1168844826969742,0.9139847875285532
2852,Dark break,Samantha Rogers,1.1071960984277023,0.9725190994440692,1.0661844525933577,1.0914477380530685
2853,Sit suddenly,Samantha Rogers,1.0215314639108686,0.9067803184823583,0.9842415136877092,1.0276687345440922
2854,Woman summer,Samantha Rogers,0.9811926044055264,1.0265832081598245,0.8806991714869268,1.0742974743667966
2855,Real near,Samantha Rogers,0.968255290214517,1.183515816725641,1.076266204392714,1.1115745462275337
2856,Could new,Samantha Rogers,0.9289885978876162,1.0309028749211255,0.9875647878854085,1.0992222127364841
2857,Usually career,Samantha Rogers,0.9348908349227477,0.9781225657298066,1.031376912050551,0.9430130606004025
2858,At economy,Samantha Rogers,0.8564664582835617,0.8404768301423627,0.8843796238960708,0.9779474756271019
2859,Technology,Samantha Rogers,1.1577718765796792,1.0888007891893883,0.8678038921201298,0.8564916234263948
2860,Authority,Samantha Rogers,0.8953727097596994,0.977580676801498,1.0000338119029564,0.9542773561296217
2861,True prepare,Samantha Rogers,1.0345777930459867,1.0110656946991896,0.8321817494816496,1.033174434450297
2862,Perhaps rock,Samantha Rogers,0.9855050418027818,1.0264167969670983,0.918470850100504,0.9188061344929891
2863,Economy them,Samantha Rogers,1.0636792776800967,0.976055785667417,1.0620050405477104,0.9275843696364989
2864,Scene dog,Samantha Rogers,1.06755884182993,0.9555150419951213,1.135250915983608,0.9396417870908393
2865,Option mouth,Samantha Rogers,0.9898510415839957,0.9878929421511902,0.9327633404803598,1.0111976865165406
2866,Truth,Samantha Rogers,1.0700866176959123,1.0748080316213964,0.8725934460911596,1.0913679639217837
2867,Hard father,Samantha Rogers,0.8070429140419515,1.0051897627030024,0.9240692528067116,0.8775663119815293
2868,Very house,Samantha Rogers,1.0980693654289908,0.93084788560228,1.1098825612458136,1.014942428198654
2869,Above feel,Samantha Rogers,1.151580519887346,0.9589159542764373,1.0350965088663093,0.910006358375443
2870,Read soldier,Samantha Rogers,0.9361120087808033,0.7997249638461208,0.9739099318515836,1.0314426796106462
2871,Population,Samantha Rogers,0.9967775538963998,1.054287112441984,0.9139763665384817,0.8637181597972696
2872,Author within,Samantha Rogers,0.8962667166232849,1.2253105137918945,0.8296758007109392,0.7831422966780198
2873,Seem before,Samantha Rogers,0.9313426647788807,1.0311585254246298,0.8285798294541484,1.1119196125440434
2874,Us generation,Samantha Rogers,0.8621718414850237,0.9756941863114107,0.9312118078700127,1.0896940258222167
2875,Week song tax,Samantha Rogers,1.1014577979688263,0.9861179447859824,0.9981820082035029,0.948085890076556
2876,Once not,Samantha Rogers,1.1571657994692983,0.9746169656211885,0.9863313118928796,1.0017324489353732
2877,Window body,Samantha Rogers,0.9404013750247527,0.8520606945480602,0.9135918489106248,0.9837439419039318
2878,Change choose,Samantha Rogers,1.1488239087247611,0.9851546401428084,0.9939584536436694,0.9903546360833955
2879,Local skin,Samantha Rogers,0.8639514514158885,0.9066012277475222,0.9912669918700755,1.0135842905963386
2880,Painting deal,Samantha Rogers,0.879257365811255,1.137262315164997,1.1151909093635322,0.927318896262449
2881,Because now,Samantha Rogers,1.1650461355604036,0.9860720731179324,0.9923377108400623,0.9837348827877952
2882,Ever smile,Samantha Rogers,0.9839472241875089,1.046180210066244,1.166436080257028,0.8972232662586231
2883,Bit thing,Samantha Rogers,1.0792765936677677,0.977289427827274,0.9102898464778661,0.8225180692696853
2884,Perform,Samantha Rogers,0.9560194927503459,0.8677230084500396,0.8979564483714617,0.9209359917713551
2885,Help be pretty,Samantha Rogers,0.9999411044684432,0.7839267302668809,0.8331904094430709,1.1240090211009575
2886,Consider admit,Samantha Rogers,1.1361900847361215,0.9642493487176096,1.3105564620748598,0.898299957172183
2887,Without attack,Samantha Rogers,0.8177952120802959,0.8330570180646775,0.9208354750223818,0.9759161697998828
2888,Sing,Samantha Rogers,0.8900812200548257,0.9261926568595324,1.0628569712227798,1.0438349575570574
2889,Possible scene,Samantha Rogers,1.190649891044271,1.0077585372196258,0.9309898843203972,0.8378704752112549
2890,Shoulder who,Samantha Rogers,1.0729835895872897,1.0730393436169638,1.0792118412287377,0.9041811009730129
2891,Administration,Samantha Rogers,0.9288047912889108,1.026392492983229,0.9000159748679842,1.008312175895004
2892,Against amount,Samantha Rogers,1.0733593541133635,0.9569512431599027,1.0648421714566803,0.830096238114718
2893,Get into clear,Samantha Rogers,0.9902224546723788,1.0824232816345813,0.9778774403195716,1.0435049775331346
2894,Career today,Samantha Rogers,0.9412700445391937,0.8856036691844307,1.0422711607296407,1.0554462346564069
2895,Put tree wrong,Samantha Rogers,1.0560000981561337,0.8905179222873556,0.9580783127405494,1.0451221674399753
2896,Significant,Samantha Rogers,0.9155506976342805,0.8904758818121357,0.9290859906204469,1.0523719533329758
2897,Range,Samantha Rogers,1.0418830476255179,0.96760147415361,0.9610469595651867,1.017807067595625
2898,Pull country,Samantha Rogers,1.0094844387773443,1.092746351768559,0.949549187997033,1.1794120960917605
2899,Few become,Samantha Rogers,1.0147063904869322,0.9979280256771672,0.9469529249719242,0.994254495219409
2900,Degree deal,Samantha Rogers,1.0246561204810936,1.0053770216192823,1.0357771570201753,0.7447795614117367
2901,Executive,Samantha Rogers,1.0238736852644803,0.9219770696959987,1.029357017692546,0.9613663755997005
2902,Consider,Samantha Rogers,0.7723290831738453,0.9009796194417646,0.9034989361378738,0.8989801008856089
2903,Represent,Samantha Rogers,1.0373695506296012,0.9898720512938118,1.0044568793062365,1.0790539358913902
2904,Agree national,Samantha Rogers,1.0087602840613794,1.0552619204428397,0.9859783037577787,1.0921140080981568
2905,Actually,Samantha Rogers,0.9285439615572842,1.1200316682682083,1.1149370278676332,1.0644633606971936
2906,Local group,Samantha Rogers,0.9965354819632737,0.942056025324,1.061692699016855,0.9500430151531034
2907,Act catch,Samantha Rogers,0.8225761722257601,0.8849634573771842,0.9641671196188338,1.0479994538601074
2908,Design,Samantha Rogers,1.0648612273810254,0.9861731731088068,1.033799740226714,1.0405244705253056
2909,Operation,Samantha Rogers,0.9806764908507895,1.0824082240096382,0.8528871742297893,1.1987282966891741
2910,Network offer,Samantha Rogers,1.1405550740613613,0.9648505613949749,0.957006232698297,0.8587186904590212
2911,Happy,Samantha Rogers,0.9706109542683201,1.1096589705123492,1.0433775098893971,0.8925520844949532
2912,Political yeah,Samantha Rogers,0.9925170507289363,0.9415508655298067,1.002615233901727,0.8446367861251239
2913,Then follow,Samantha Rogers,0.9194610980779785,0.93081757081979,0.9436056856882432,1.0259364622047191
2914,Hard true,Samantha Rogers,1.030549339575258,1.0253366087537845,0.8365231589467945,1.0209104706521992
2915,Affect vote,Samantha Rogers,1.0827621265421792,1.085587492195226,0.9733462645012064,1.0460318902602375
2916,Never rest,Samantha Rogers,1.2055349140845653,0.954268711680312,0.8356705895237933,0.9549517246284507
2917,Middle present,Samantha Rogers,1.1662723413579832,1.0498633242120519,1.0395755734206924,0.8552427857600065
2918,Place wind,Samantha Rogers,0.939048205730905,0.9299880833949085,0.8901047493086225,1.1868729496911605
2919,Phone soldier,Samantha Rogers,1.0070141567723219,0.8299005850994354,0.978284886637686,0.9727301574844737
2920,Training,Samantha Rogers,0.9566865778373208,0.8277809811616448,1.0831257437645605,1.0711529955833992
2921,Machine,Samantha Rogers,0.8806569926140209,0.9971620836752542,1.0950342863160014,0.9776961195832832
2922,Stock than use,Samantha Rogers,1.0827111036824912,0.9944009846067664,0.844397322312769,1.0978917327600444
2923,Certain board,Samantha Rogers,0.9972252460176734,1.0568089156493095,1.0332834980129688,0.9569833982813817
2924,Discuss at,Samantha Rogers,1.096405554460766,1.1516552425004623,0.890155777011598,1.0989445322318496
2925,Them change,Samantha Rogers,0.9554855613491153,0.9434256956266422,0.9569581636223612,0.8768872231067076
2926,White age,Samantha Rogers,1.1019536876035951,1.0216808062453633,1.181172860067536,1.060929546665034
2927,Challenge,Samantha Rogers,0.8850940527299838,0.90790372098645,1.0270284710628328,1.061648341474451
2928,Live garden,Samantha Rogers,0.7655842436796669,0.9022623919399181,0.9108467661720951,1.034189496314361
2929,Bit church,Samantha Rogers,1.1060368423256868,0.9736104733742289,1.0889391348655568,0.9208192514808864
2930,Together,Samantha Rogers,0.89358641829043,1.243137877201184,1.1031185956729117,1.079444554026208
2931,It partner,Samantha Rogers,1.0455826506568546,1.2048443951202628,1.035349037715965,0.9645606275418596
2932,Memory its,Samantha Rogers,0.968805109705439,0.9970432810733436,0.9958006918086683,1.078615150076813
2933,Brother member,Samantha Rogers,1.1077745254328104,0.903687414444335,0.9531913174381369,0.9333504564232602
2934,Recognize,Samantha Rogers,1.0259334169435035,0.9878922962214141,0.8809276275250173,1.0931922440165633
2935,Several level,Samantha Rogers,1.051406384392706,0.7512022379759163,1.0309483737559528,1.0796617830691664
2936,Turn focus,Samantha Rogers,0.8941068483318239,0.8955750142300682,0.8241181213140963,0.9344397657934989
2937,Understand eat,Samantha Rogers,1.056356601872601,0.9251496988543394,1.1718030961697006,0.9880716299119304
2938,Language,Samantha Rogers,1.1301031415881968,1.1269739866002404,0.9784814754792132,0.9087034072331034
2939,Help often,Samantha Rogers,0.9321777685997403,1.0149799851606034,1.213225312423369,0.9618598485366413
2940,Economic city,Samantha Rogers,1.1594922145098006,1.2184569546448176,1.1848903599482505,1.0310301889137437
2941,Method his,Samantha Rogers,1.0304790197028502,0.9397991106598549,0.8901056572696836,0.9353461787669126
2942,Theory buy,Samantha Rogers,1.0091468877056446,1.114181161997251,1.082473632044635,0.6395144772205983
2943,Within wait,Samantha Rogers,1.0302133917648284,0.9613722910034136,1.0210223502248204,1.0018715930812192
2944,Anyone home,Samantha Rogers,0.9320252198281608,1.0465041517536495,0.9862524996993626,1.0061431739140443
2945,Game research,Samantha Rogers,0.9986574861438203,1.0524969866159704,0.817343225753135,0.7603719662723649
2946,Sister,Samantha Rogers,0.994037884452704,1.1454390840298245,0.9970009305644874,0.8630008056901713
2947,Able find wish,Samantha Rogers,0.8833868021986976,1.022763604064947,0.9343309996244322,1.087710466443616
2948,Shake high,Samantha Rogers,0.8998211019431273,0.9599427739181801,0.9666926967072289,1.0264709556156892
2949,Commercial two,Samantha Rogers,0.9749259583746263,0.9607216378649786,1.0479163455414053,1.1446645659580374
2950,Hot many one,Samantha Rogers,1.0281219479138288,1.1320697710302432,1.0703062538969041,1.077811228587155
2951,Sometimes tree,Samantha Rogers,1.0215862529034343,1.1105840586635725,0.9372360607129434,1.2014527658947516
2952,Security,Samantha Rogers,1.0481838402478842,0.8638731090501357,0.9326482823043329,1.0330350695772677
2953,Agent glass,Samantha Rogers,1.0753516494954445,1.0689556114667937,0.8408785597412989,1.085837823482784
2954,Weight against,Samantha Rogers,1.1163961638418805,1.002240513604242,1.0406068912269457,0.9960186734243149
2955,Challenge look,Samantha Rogers,1.140067383924181,0.9132551812143044,0.9847004587271247,0.8918781160114515
2956,Push movie,Samantha Rogers,0.9606366079043485,0.8914910755046797,0.9422404793923864,0.9523242891732744
2957,Tough move red,Samantha Rogers,0.8729514443122341,0.8368935157424916,1.1211878262864765,1.0689138965806009
2958,Career of,Samantha Rogers,1.2053319768905408,1.0344126196963046,1.0476310168821077,0.9555102503428188
2959,Necessary unit,Samantha Rogers,1.1669215584144947,0.8974064916192324,0.9502819399775888,0.9480184778647973
2960,Peace foreign,Samantha Rogers,0.8347014430932174,1.0261945312080623,1.0545174066593688,0.9551651216682022
2961,Different,Samantha Rogers,0.9919143689807283,0.9941784413902198,0.9699087545610486,1.102406528131585
2962,Drive win,Samantha Rogers,0.8877964585222542,0.9207133643121874,1.0944184230985725,1.0532841044012604
2963,Measure every,Samantha Rogers,1.1530380307686787,0.9814787495964387,0.8717249378753262,1.037363981888528
2964,Feeling near,Samantha Rogers,0.9014148553212458,0.9974763489243073,0.9402293689643888,1.0398812382631668
2965,Position fear,Samantha Rogers,0.9193216692975067,0.9936305972248772,0.9112473938324956,0.9498374764068324
2966,Fear perhaps,Samantha Rogers,1.069862810511709,0.9266440550824799,0.9050773558031986,1.0151560321992876
2967,Clearly career,Samantha Rogers,0.9743915921475917,1.0719676100727433,1.046071374120869,0.9648002981270548
2968,Ground network,Samantha Rogers,0.969044352079185,1.0338739812973101,0.8418546566292723,0.9698614261737702
2969,Arm pattern in,Samantha Rogers,0.9419506898907127,1.1109926894700115,0.9682258420439644,1.1719349995551553
2970,Rich,Samantha Rogers,1.0109120813649661,1.1929027842456414,0.9447877945095902,1.089423093501233
2971,Book approach,Samantha Rogers,0.7757382132894417,0.9670355046108334,1.1093887304373082,1.1536962110927087
2972,Official way,Samantha Rogers,1.126093235496307,1.1130061015494175,0.8515479249458249,0.9324633237801687
2973,Baby bit,Samantha Rogers,1.1213550195325994,0.9812941307878986,0.970467856018804,1.04264285468367
2974,Improve meet,Samantha Rogers,0.9395318066910722,1.0768942720990935,1.1413728457683332,1.1904652483970788
2975,Cold single,Samantha Rogers,0.9441313516630426,1.024091130676444,0.9206490662838249,0.9912391152519935
2976,Game artist,Samantha Rogers,0.9613430947624813,0.9962391880900021,1.0782481591106547,0.8394111498481783
2977,Officer put up,Samantha Rogers,0.9297432163291152,1.0409491821944181,1.1830351227849984,1.079505417781783
2978,College eat,Samantha Rogers,0.9532431474021099,0.9017302251822304,1.0085826361427168,1.028166825083084
2979,Research leg,Samantha Rogers,0.9073116830636436,0.9576695971858334,1.1496154492916781,1.1469806979330956
2980,Organization,Samantha Rogers,0.9394527620801948,0.7332566457797715,1.047358407375995,1.0116117931515547
2981,Bit,Samantha Rogers,0.9192642290396319,0.9781202610093924,1.1614088280540742,0.9264608586365872
2982,Scene check,Samantha Rogers,0.961999323279213,1.0815397757887095,1.0419436741592538,1.0313838760727232
2983,Man range sort,Samantha Rogers,0.9526697167281386,0.9007340482733387,1.0986531296699624,0.9305498845134427
2984,Third physical,Samantha Rogers,1.0033208912131415,0.9671598985088248,0.7635271226402455,0.8431648764790076
2985,Along voice,Samantha Rogers,1.0402525208958604,1.1526029317355935,1.0643928473355735,1.0606336841877542
2986,While than,Samantha Rogers,1.1368397691371352,1.0988199724307302,1.016767673654821,1.0675262388883635
2987,Oil movement,Samantha Rogers,1.0188349745043617,0.9930387651761315,0.9639965589854981,1.0215704668397243
2988,Defense teach,Samantha Rogers,1.1182943839020176,0.9003737426571241,1.0063093001125696,1.0596330570935382
2989,Small view gun,Samantha Rogers,1.0217799702319683,0.9549825995350327,1.002060210018992,1.0541385397242868
2990,Son should,Samantha Rogers,0.7522260375839536,1.0316872134400967,1.0729821950583842,1.0753948690386899
2991,Choice board,Samantha Rogers,1.0242345452966566,0.9725298869834361,1.2764805588449062,1.0630141320698914
2992,Back manage,Samantha Rogers,1.0123675901276077,1.2256258796877049,1.0424578345123954,1.0092585252695432
2993,Do part,Samantha Rogers,0.9849085981970271,1.189271627491829,1.2515792931646348,1.099273779838946
2994,Bad,Samantha Rogers,0.8870483938001035,0.9602569905348352,1.129791643924206,0.8528096250190778
2995,Happen trip,Samantha Rogers,0.9579951483485617,0.9790260879400291,0.9469040956114365,1.1673096347750274
2996,Business night,Samantha Rogers,0.9262462078436953,1.249290382928613,1.0989573830562542,1.1371531662447987
2997,Relationship,Samantha Rogers,0.8045650899881325,0.9347149881802981,1.0422622799176648,1.0272105730317758
2998,Range without,Samantha Rogers,0.8275831244269403,0.9825230752729943,1.081929727838112,0.948043349099633
2999,Seven space,Samantha Rogers,0.8990998699782826,0.9582232376632354,0.7768354692123688,0.9520739717207398
3000,Image foot,Benjamin Mendez,1.0794097896253192,0.9502273932475662,0.8771164609919642,0.9667855373626446
3001,I else off,Benjamin Mendez,1.0473743721081554,1.1042380071343858,1.1168844826969742,1.0156730430556806
3002,Report,Benjamin Mendez,1.0404794808886666,1.1735533253303216,0.9467578657810778,1.0844284110986144
3003,Sit suddenly,Benjamin Mendez,1.0215314639108686,0.9067803184823583,0.9842415136877092,0.9619611380755664
3004,Real blood,Benjamin Mendez,1.0541721849846626,0.9260838921294026,0.988614176964884,0.9157704820201514
3005,Real near,Benjamin Mendez,0.968255290214517,1.183515816725641,1.076266204392714,1.0594043492146703
3006,Could new,Benjamin Mendez,0.9289885978876162,1.0309028749211255,0.9875647878854085,1.0211830041248098
3007,Up course her,Benjamin Mendez,0.9730041034107537,0.9534817028754864,1.0360248000455952,1.0149097569258363
3008,At economy,Benjamin Mendez,0.8564664582835617,0.8404768301423627,0.8843796238960708,0.9709115648577377
3009,Technology,Benjamin Mendez,1.1577718765796792,1.0888007891893883,0.8678038921201298,0.9334931124843256
3010,Authority,Benjamin Mendez,0.8953727097596994,0.977580676801498,1.0000338119029564,0.893450233149407
3011,True prepare,Benjamin Mendez,1.0345777930459867,1.0110656946991896,0.8321817494816496,0.9687086020816084
3012,Perhaps rock,Benjamin Mendez,0.9855050418027818,1.0264167969670983,0.918470850100504,0.956708217723728
3013,Oil only,Benjamin Mendez,0.8826896568009852,0.902750310793416,0.8459338088054111,0.9695488309954492
3014,Scene dog,Benjamin Mendez,1.06755884182993,0.9555150419951213,1.135250915983608,1.0275440215319873
3015,Option mouth,Benjamin Mendez,0.9898510415839957,0.9878929421511902,0.9327633404803598,1.115378166925112
3016,Truth,Benjamin Mendez,1.0700866176959123,1.0748080316213964,0.8725934460911596,1.0900190180751996
3017,Hard father,Benjamin Mendez,0.8070429140419515,1.0051897627030024,0.9240692528067116,1.0626533902591193
3018,Very house,Benjamin Mendez,1.0980693654289908,0.93084788560228,1.1098825612458136,0.995137278971646
3019,Above feel,Benjamin Mendez,1.151580519887346,0.9589159542764373,1.0350965088663093,0.97803128794905
3020,Read soldier,Benjamin Mendez,0.9361120087808033,0.7997249638461208,0.9739099318515836,0.8047945250969324
3021,Population,Benjamin Mendez,0.9967775538963998,1.054287112441984,0.9139763665384817,0.9744356167706625
3022,Author within,Benjamin Mendez,0.8962667166232849,1.2253105137918945,0.8296758007109392,0.9646353595589957
3023,Seem before,Benjamin Mendez,0.9313426647788807,1.0311585254246298,0.8285798294541484,0.9365419207945527
3024,Us generation,Benjamin Mendez,0.8621718414850237,0.9756941863114107,0.9312118078700127,0.7702686565200604
3025,Week song tax,Benjamin Mendez,1.1014577979688263,0.9861179447859824,0.9981820082035029,0.8656038623789861
3026,Left almost,Benjamin Mendez,0.8712247536129254,0.9579348526739581,0.9602566499380087,0.976700992997141
3027,Several,Benjamin Mendez,0.9459012316863523,0.9653325061523211,1.1952773071432479,0.9763944008204519
3028,Change choose,Benjamin Mendez,1.1488239087247611,0.9851546401428084,0.9939584536436694,1.0047201514241002
3029,Local skin,Benjamin Mendez,0.8639514514158885,0.9066012277475222,0.9912669918700755,0.8524975286420614
3030,Operation,Benjamin Mendez,1.0372282831027553,0.996161145400768,1.1420481944541347,1.0108761352390188
3031,Involve this,Benjamin Mendez,0.9668609869072005,1.0696711913422143,0.8798239332723689,0.9971348739966794
3032,Ever smile,Benjamin Mendez,0.9839472241875089,1.046180210066244,1.166436080257028,1.1411561646648503
3033,Bit thing,Benjamin Mendez,1.0792765936677677,0.977289427827274,0.9102898464778661,0.8239169006284084
3034,Perform,Benjamin Mendez,0.9560194927503459,0.8677230084500396,0.8979564483714617,0.8578098273607389
3035,Help be pretty,Benjamin Mendez,0.9999411044684432,0.7839267302668809,0.8331904094430709,1.0048939562402721
3036,Consider admit,Benjamin Mendez,1.1361900847361215,0.9642493487176096,1.3105564620748598,0.9567825767094257
3037,Without attack,Benjamin Mendez,0.8177952120802959,0.8330570180646775,0.9208354750223818,0.9469575121448323
3038,Sing,Benjamin Mendez,0.8900812200548257,0.9261926568595324,1.0628569712227798,1.157304031354427
3039,Property,Benjamin Mendez,0.9299849767291377,0.8672063229014759,1.1609068037286974,1.0597416952518999
3040,Story husband,Benjamin Mendez,0.8206645143887731,1.1468907676957547,1.0296058089381923,1.0263209558431454
3041,Administration,Benjamin Mendez,0.9288047912889108,1.026392492983229,0.9000159748679842,1.1942731691641986
3042,Against amount,Benjamin Mendez,1.0733593541133635,0.9569512431599027,1.0648421714566803,1.0174660508865792
3043,Get into clear,Benjamin Mendez,0.9902224546723788,1.0824232816345813,0.9778774403195716,1.023857014977331
3044,Production,Benjamin Mendez,0.8865246991407725,1.0720065224132007,1.0386468330067709,0.9097507249354891
3045,Kitchen ask,Benjamin Mendez,1.0681621179068976,0.946816656587242,0.9427242036332653,0.9750326631997949
3046,Significant,Benjamin Mendez,0.9155506976342805,0.8904758818121357,0.9290859906204469,1.2048728870814336
3047,Range,Benjamin Mendez,1.0418830476255179,0.96760147415361,0.9610469595651867,0.9756723459791252
3048,Those sea,Benjamin Mendez,0.9013981779014559,1.0626507405773775,0.8842338485901751,0.9445572994472153
3049,Treatment,Benjamin Mendez,0.9730157173073819,0.9190842036937046,0.9700277804140258,1.0279037957345034
3050,Degree deal,Benjamin Mendez,1.0246561204810936,1.0053770216192823,1.0357771570201753,1.0171579987760462
3051,Executive,Benjamin Mendez,1.0238736852644803,0.9219770696959987,1.029357017692546,0.8863794950428013
3052,Question,Benjamin Mendez,0.9436593507690672,1.0585570555855048,0.878326321054672,1.0176312102834888
3053,Open this hope,Benjamin Mendez,1.0238024232967045,0.8932032735245551,1.246810547833681,0.9065044965184701
3054,By daughter,Benjamin Mendez,0.9439300864091554,1.1647131132168689,1.033223136546075,0.9787756477299661
3055,Early leader,Benjamin Mendez,0.8469049622540251,0.9388052148978915,1.1275564247907928,1.0833998242689906
3056,Local group,Benjamin Mendez,0.9965354819632737,0.942056025324,1.061692699016855,1.146909781590673
3057,Speak rather,Benjamin Mendez,1.0516684487397572,0.9989492227903178,1.0855888546337418,1.083496520523302
3058,Design,Benjamin Mendez,1.0648612273810254,0.9861731731088068,1.033799740226714,1.0451831777565443
3059,Operation,Benjamin Mendez,0.9806764908507895,1.0824082240096382,0.8528871742297893,0.9715951944417297
3060,Network offer,Benjamin Mendez,1.1405550740613613,0.9648505613949749,0.957006232698297,1.074686061141518
3061,Speak,Benjamin Mendez,0.8300145935326326,1.0694876004701979,0.9176785041605965,1.1031458666090765
3062,Political yeah,Benjamin Mendez,0.9925170507289363,0.9415508655298067,1.002615233901727,0.9506503772030325
3063,Then follow,Benjamin Mendez,0.9194610980779785,0.93081757081979,0.9436056856882432,0.9877389011012074
3064,Hard true,Benjamin Mendez,1.030549339575258,1.0253366087537845,0.8365231589467945,1.1441716881435513
3065,Affect vote,Benjamin Mendez,1.0827621265421792,1.085587492195226,0.9733462645012064,0.8463934361207425
3066,Never rest,Benjamin Mendez,1.2055349140845653,0.954268711680312,0.8356705895237933,1.0051737238813936
3067,Middle present,Benjamin Mendez,1.1662723413579832,1.0498633242120519,1.0395755734206924,1.0347639694005137
3068,Place wind,Benjamin Mendez,0.939048205730905,0.9299880833949085,0.8901047493086225,1.0715342688996528
3069,Phone soldier,Benjamin Mendez,1.0070141567723219,0.8299005850994354,0.978284886637686,0.9170246598188568
3070,Training,Benjamin Mendez,0.9566865778373208,0.8277809811616448,1.0831257437645605,1.0292023342761956
3071,Machine,Benjamin Mendez,0.8806569926140209,0.9971620836752542,1.0950342863160014,1.0719374617296382
3072,Stock than use,Benjamin Mendez,1.0827111036824912,0.9944009846067664,0.844397322312769,0.9116270113790732
3073,Society health,Benjamin Mendez,1.0016007914731833,0.9524698395011593,1.0784823836116346,1.1363188520909762
3074,Discuss at,Benjamin Mendez,1.096405554460766,1.1516552425004623,0.890155777011598,0.8255538440075003
3075,Professor,Benjamin Mendez,1.1034877487942112,0.9439582705591648,1.0314073821565808,0.8604704775260741
3076,White age,Benjamin Mendez,1.1019536876035951,1.0216808062453633,1.181172860067536,0.9974982887704634
3077,Challenge,Benjamin Mendez,0.8850940527299838,0.90790372098645,1.0270284710628328,1.0644997835964178
3078,Live garden,Benjamin Mendez,0.7655842436796669,0.9022623919399181,0.9108467661720951,1.0891183089436056
3079,Least natural,Benjamin Mendez,0.9609574975430052,0.9935201973374345,0.8299929757810165,1.0722583944258395
3080,Together,Benjamin Mendez,0.89358641829043,1.243137877201184,1.1031185956729117,0.8944874234282433
3081,Heart lawyer,Benjamin Mendez,0.8480426525799732,0.8323652216688877,1.0773887969284073,0.9382915503975541
3082,Congress final,Benjamin Mendez,1.3490627396312673,0.9943647221859967,1.1736358263605624,1.0395435468807261
3083,Brother member,Benjamin Mendez,1.1077745254328104,0.903687414444335,0.9531913174381369,1.0641061948253177
3084,Owner finally,Benjamin Mendez,0.8937220505021847,0.8821608863474223,1.0841785745191703,1.0292861727591616
3085,Both customer,Benjamin Mendez,1.0836261127628963,1.1234008114003295,1.0073287358080574,0.9360413559167866
3086,Turn focus,Benjamin Mendez,0.8941068483318239,0.8955750142300682,0.8241181213140963,0.9964823352014275
3087,Understand eat,Benjamin Mendez,1.056356601872601,0.9251496988543394,1.1718030961697006,1.0614135382399155
3088,Power learn,Benjamin Mendez,1.0358597305359467,0.8638374546515636,0.9934928136846108,0.9796618766179962
3089,Help often,Benjamin Mendez,0.9321777685997403,1.0149799851606034,1.213225312423369,0.9122049826852547
3090,Economic city,Benjamin Mendez,1.1594922145098006,1.2184569546448176,1.1848903599482505,0.9655950459365461
3091,Method his,Benjamin Mendez,1.0304790197028502,0.9397991106598549,0.8901056572696836,0.9126530246476259
3092,Theory buy,Benjamin Mendez,1.0091468877056446,1.114181161997251,1.082473632044635,0.8635543311957777
3093,Within wait,Benjamin Mendez,1.0302133917648284,0.9613722910034136,1.0210223502248204,1.0980012079352834
3094,Anyone home,Benjamin Mendez,0.9320252198281608,1.0465041517536495,0.9862524996993626,0.8013586897154774
3095,Minute quickly,Benjamin Mendez,0.855604751120469,0.9650857136141142,0.9172325709725513,1.0565734576489334
3096,Sister,Benjamin Mendez,0.994037884452704,1.1454390840298245,0.9970009305644874,1.086702753747656
3097,Able find wish,Benjamin Mendez,0.8833868021986976,1.022763604064947,0.9343309996244322,1.0051136978450261
3098,Shake high,Benjamin Mendez,0.8998211019431273,0.9599427739181801,0.9666926967072289,1.0793627456380968
3099,Commercial two,Benjamin Mendez,0.9749259583746263,0.9607216378649786,1.0479163455414053,1.1853749220520893
3100,Role something,Benjamin Mendez,0.9652450264437238,1.0465012729449223,0.9884268878913126,0.9650754673894838
3101,Sometimes tree,Benjamin Mendez,1.0215862529034343,1.1105840586635725,0.9372360607129434,1.050010822880183
3102,Security,Benjamin Mendez,1.0481838402478842,0.8638731090501357,0.9326482823043329,1.0147861918362509
3103,Agent glass,Benjamin Mendez,1.0753516494954445,1.0689556114667937,0.8408785597412989,0.9345072542537852
3104,Experience,Benjamin Mendez,1.088873378174926,0.8932931750596765,1.2007638998962458,1.0854279723628855
3105,Age painting,Benjamin Mendez,0.9949872894198257,1.0321659221314199,0.7751114811374088,0.9318176841887278
3106,Push movie,Benjamin Mendez,0.9606366079043485,0.8914910755046797,0.9422404793923864,1.085661029914166
3107,Tough move red,Benjamin Mendez,0.8729514443122341,0.8368935157424916,1.1211878262864765,1.2555765528574905
3108,Career of,Benjamin Mendez,1.2053319768905408,1.0344126196963046,1.0476310168821077,0.9395062749221081
3109,Necessary unit,Benjamin Mendez,1.1669215584144947,0.8974064916192324,0.9502819399775888,1.0064302549072635
3110,Peace foreign,Benjamin Mendez,0.8347014430932174,1.0261945312080623,1.0545174066593688,1.0937329349162443
3111,Different,Benjamin Mendez,0.9919143689807283,0.9941784413902198,0.9699087545610486,0.9456683726910493
3112,Drive win,Benjamin Mendez,0.8877964585222542,0.9207133643121874,1.0944184230985725,0.9985064406081137
3113,Measure every,Benjamin Mendez,1.1530380307686787,0.9814787495964387,0.8717249378753262,1.0027858357263377
3114,Feeling near,Benjamin Mendez,0.9014148553212458,0.9974763489243073,0.9402293689643888,1.1837476337068022
3115,Position fear,Benjamin Mendez,0.9193216692975067,0.9936305972248772,0.9112473938324956,1.370022656571715
3116,Fear perhaps,Benjamin Mendez,1.069862810511709,0.9266440550824799,0.9050773558031986,1.0336669629587785
3117,Blue trouble,Benjamin Mendez,1.13499872458624,0.8107628129029179,0.885265142409283,1.192305294558673
3118,Ground network,Benjamin Mendez,0.969044352079185,1.0338739812973101,0.8418546566292723,0.9669129918925012
3119,None north,Benjamin Mendez,0.9285780645138195,0.872583226989698,0.8463936475794797,0.9775735532222394
3120,Rich,Benjamin Mendez,1.0109120813649661,1.1929027842456414,0.9447877945095902,1.041646876428523
3121,Must maybe,Benjamin Mendez,0.9907253311847513,1.01858307292189,0.9748918612212446,0.9842835206244035
3122,Official way,Benjamin Mendez,1.126093235496307,1.1130061015494175,0.8515479249458249,1.0101213569784468
3123,Baby bit,Benjamin Mendez,1.1213550195325994,0.9812941307878986,0.970467856018804,0.938114162366927
3124,Improve meet,Benjamin Mendez,0.9395318066910722,1.0768942720990935,1.1413728457683332,1.0737817163377184
3125,Cold single,Benjamin Mendez,0.9441313516630426,1.024091130676444,0.9206490662838249,1.0267409005789736
3126,Brother,Benjamin Mendez,0.9131637403382066,0.741011955198672,1.0143868207824318,0.9157978134713055
3127,Especially,Benjamin Mendez,0.9047865815363096,0.9538378837125745,1.017476121342431,1.0168115034436505
3128,Vote sport,Benjamin Mendez,0.9158012081369851,0.9386431530603291,0.9027097725291214,1.173079134016698
3129,Research leg,Benjamin Mendez,0.9073116830636436,0.9576695971858334,1.1496154492916781,0.8842224074612772
3130,Organization,Benjamin Mendez,0.9394527620801948,0.7332566457797715,1.047358407375995,0.9606396645140893
3131,Bit,Benjamin Mendez,0.9192642290396319,0.9781202610093924,1.1614088280540742,0.95280009148852
3132,Road save we,Benjamin Mendez,0.9087123248322256,1.011845930575475,0.9699352198666111,0.9786645146110434
3133,Man range sort,Benjamin Mendez,0.9526697167281386,0.9007340482733387,1.0986531296699624,0.948361096866617
3134,Third physical,Benjamin Mendez,1.0033208912131415,0.9671598985088248,0.7635271226402455,0.9807322455323872
3135,Expect space,Benjamin Mendez,1.069435451320536,1.040223835856182,1.1031800364509838,0.9697605693743947
3136,While than,Benjamin Mendez,1.1368397691371352,1.0988199724307302,1.016767673654821,0.9179277406386634
3137,Oil movement,Benjamin Mendez,1.0188349745043617,0.9930387651761315,0.9639965589854981,0.9499017150905678
3138,Defense teach,Benjamin Mendez,1.1182943839020176,0.9003737426571241,1.0063093001125696,0.9003437139358074
3139,Small view gun,Benjamin Mendez,1.0217799702319683,0.9549825995350327,1.002060210018992,0.9968101929263753
3140,Nation arm,Benjamin Mendez,1.050537940051263,0.8384186879784311,0.9572947367378419,1.115865792364811
3141,Choice board,Benjamin Mendez,1.0242345452966566,0.9725298869834361,1.2764805588449062,1.022429949590561
3142,Development,Benjamin Mendez,0.9854037487180898,1.123590562886476,0.9304510867582876,0.8612283923966557
3143,Bit positive,Benjamin Mendez,1.1968733034369017,1.0772494424986385,1.0094404331718878,1.0081244999181056
3144,He little even,Benjamin Mendez,1.2038000828155713,0.865862257604393,0.8466983254665904,1.0671591308564956
3145,Happen trip,Benjamin Mendez,0.9579951483485617,0.9790260879400291,0.9469040956114365,0.9405443349228387
3146,Business night,Benjamin Mendez,0.9262462078436953,1.249290382928613,1.0989573830562542,1.1256165433713847
3147,Boy spring,Benjamin Mendez,0.9740112763726824,0.8665957270479925,1.047621920098837,1.0484496207477672
3148,Assume line,Benjamin Mendez,1.1512504548455647,0.9406962861886491,0.8470674671123224,1.1073248073334945
3149,Seven space,Benjamin Mendez,0.8990998699782826,0.9582232376632354,0.7768354692123688,1.0138100497263256
3150,Available if,Craig Lambert,1.076151527188796,1.0664371109897084,0.9319714112536573,0.98295894873593
3151,Cell truth,Craig Lambert,1.0971766174434514,0.939114821963519,1.1540427756761131,0.9781715422122998
3152,Dark break,Craig Lambert,1.1071960984277023,0.9725190994440692,1.0661844525933577,1.0588534694678522
3153,Task specific,Craig Lambert,0.8773795416204143,0.7256697540588621,1.0554412316392088,0.9560758567455914
3154,Cup scientist,Craig Lambert,1.0370206134388904,0.9351642876206463,0.9936416924914063,0.8639116478953491
3155,Onto media,Craig Lambert,1.0280436280325957,1.1233069540727048,1.0207522663054964,1.017165853691451
3156,Watch wall,Craig Lambert,1.0415884593795388,1.1007368346870043,0.9214873333687881,0.9871298787259153
3157,Usually career,Craig Lambert,0.9348908349227477,0.9781225657298066,1.031376912050551,1.210298367267172
3158,Once star,Craig Lambert,1.0665995123892937,0.9539116637970223,1.0396837734437592,1.1032690910065894
3159,Red recent,Craig Lambert,1.1318654913667197,0.9317148738045513,1.083261873094664,0.823174583006549
3160,Team fish ask,Craig Lambert,1.0447413278010924,1.0281075965583917,1.026917959595342,0.8833366235473812
3161,Know moment,Craig Lambert,0.9988438608938794,0.968519844471657,0.996427985219826,1.1675916362073357
3162,Sound role,Craig Lambert,0.9196344815305729,0.8510346348312778,1.0006203752706166,0.8724052712561563
3163,Tend join,Craig Lambert,1.1613484548030084,0.8519109874884511,1.0836207244696991,0.9952666680392359
3164,Brother hear,Craig Lambert,0.9075958015839296,0.8350933452170926,1.2292077077494037,0.947660372607376
3165,Give mean,Craig Lambert,1.0277509896960644,1.0135529487720532,0.9998927444819633,1.0044136180607794
3166,Mean north,Craig Lambert,0.9076956135751447,1.0228962931285943,0.9706129740185345,0.9164810903853177
3167,Eye than,Craig Lambert,1.0166855743521772,1.0016512187600728,1.0016675007120606,0.8324060483350827
3168,Identify,Craig Lambert,0.897216474709773,1.0956309977979277,1.1701868847344221,1.102346895733437
3169,Perhaps others,Craig Lambert,0.9785994395436264,1.0200221642888572,0.9549696231929488,1.0511327357732725
3170,Drive message,Craig Lambert,1.0055863636430966,1.1897117993854889,0.9586314879540208,0.8907963606411856
3171,Tend clearly,Craig Lambert,1.086882659534645,0.9167244924537907,0.9582402619926795,1.1178142704620708
3172,Eat statement,Craig Lambert,1.0113376695240286,1.0242973286771015,0.9941275691779698,1.1208570523667198
3173,Hear heart,Craig Lambert,0.9902779508378787,1.0657953932885622,0.9566038311508513,1.0120476267331506
3174,Yeah class,Craig Lambert,0.8994004817957136,0.9444587981856617,0.9803451392747488,0.8491182792744799
3175,Across give,Craig Lambert,1.0231402063925277,0.9869150062093957,1.164146050699728,0.8720787666346004
3176,Exactly home,Craig Lambert,0.884855235193581,0.9436050374726328,0.9507628832344458,0.9213709659690279
3177,Window body,Craig Lambert,0.9404013750247527,0.8520606945480602,0.9135918489106248,1.1454018919244078
3178,Outside case,Craig Lambert,1.0578937158851616,0.8784630268889858,1.1503865041319195,0.9881742594930488
3179,However hard,Craig Lambert,0.8031118471170158,1.0786104481653542,1.1440238780615908,0.9838102335799045
3180,Adult service,Craig Lambert,1.1919072250033553,0.6920316035934613,0.9543650043649818,0.9835940065738238
3181,Seat guy,Craig Lambert,1.0474902987291792,0.9085464630393683,1.0371978147651677,0.9950260934452169
3182,Doctor upon,Craig Lambert,1.1065870848287205,1.0268685033282166,1.2960193816932983,1.1543772712571976
3183,Building,Craig Lambert,1.0921226906381938,0.9817974830618095,0.9434950689819159,0.9685743302987746
3184,Write might,Craig Lambert,0.8265603683590342,1.0731861090277162,1.061225774144364,1.0889597510745255
3185,Cell land,Craig Lambert,1.1629023148668882,0.9564199984721629,1.0548840014024845,0.9227104526608373
3186,Face system,Craig Lambert,1.0496484997339441,1.103149065224792,1.0556272481679514,0.9796171666217826
3187,Drug her me,Craig Lambert,1.0527767116941462,0.8737709398373089,0.9730494339005152,1.119890386600138
3188,Break,Craig Lambert,0.935034906779632,1.1034637045172464,0.8341324866546703,0.9561332815025083
3189,Possible scene,Craig Lambert,1.190649891044271,1.0077585372196258,0.9309898843203972,0.9611628670191107
3190,Should,Craig Lambert,0.9495916734347141,0.9454662688402234,0.9456984539356503,0.8733975471894514
3191,Whose system,Craig Lambert,1.0438133826585885,0.8977711391376608,1.02253471304995,1.08352820399393
3192,Bank ball cut,Craig Lambert,0.9820119500289011,0.9858266558025331,1.0769516118168658,0.8965153574246996
3193,Democratic,Craig Lambert,0.9855518463021183,1.118377659136821,0.8764740078213478,1.151403413546557
3194,Morning fear,Craig Lambert,0.9137091300725327,0.8237110134656852,1.0062511661153315,1.03679555664097
3195,Put tree wrong,Craig Lambert,1.0560000981561337,0.8905179222873556,0.9580783127405494,1.0664972848356382
3196,Air surface,Craig Lambert,1.0679022731181553,0.8999917689041839,0.9910629078639381,0.913978287659504
3197,Actually leg,Craig Lambert,0.9786399203219562,0.9612289464828854,0.987502134531399,0.9987094212695198
3198,Nice discuss,Craig Lambert,0.889274366349696,0.9046342870199455,1.0559273797256674,0.8725015954530684
3199,Very yard,Craig Lambert,1.0740865542905564,0.9683099133187854,0.9577018981816205,0.9583590223708283
3200,Everything,Craig Lambert,1.145206826339057,0.9650181547993322,1.0629632011888044,0.9709078300645346
3201,Main citizen,Craig Lambert,1.0457618755618443,0.8875092728735766,1.0025746548184702,1.119471601621929
3202,Eat similar,Craig Lambert,0.7510562654568357,0.8807087303831241,0.9555141274065091,1.0210575216686555
3203,Growth move,Craig Lambert,0.8592500594664867,1.0465961324868436,0.9409030273748759,0.9041385128100716
3204,All work,Craig Lambert,1.1378178447098248,1.0747138815498434,0.9613388297686736,0.889749934902442
3205,Station court,Craig Lambert,0.9850062187277501,0.8962902518335378,0.8651038603764608,1.0088313387741754
3206,Church break,Craig Lambert,1.0443371576265073,0.9383262047160608,1.0422617239937495,0.9854024660781153
3207,Act catch,Craig Lambert,0.8225761722257601,0.8849634573771842,0.9641671196188338,0.9885976701761441
3208,Hospital worry,Craig Lambert,0.9892552641872437,1.0993009120158104,1.0495712219870472,0.9028905027421642
3209,Age treatment,Craig Lambert,1.098408606855694,0.9442265845702305,1.0523373321635656,0.827684003179406
3210,Leg hold,Craig Lambert,1.0527184799794216,1.069175071549493,0.9962066213217261,0.973316226173074
3211,Ground white,Craig Lambert,1.0422876939124148,1.0081835825220957,1.114219078888984,1.121578692756721
3212,Your goal,Craig Lambert,0.8931713610069076,1.041268103044332,1.154507113589304,0.9311436889059889
3213,Together life,Craig Lambert,1.1643505335794302,1.0162925638884044,1.0053484498213872,1.1078372740028748
3214,Who democratic,Craig Lambert,1.0632657947909254,0.9110510957287307,0.9990156273282436,1.0685323027371825
3215,Like product,Craig Lambert,0.8536746974894777,1.0099075131748418,1.009050669402845,1.0014257811215397
3216,System alone,Craig Lambert,1.1930396871736144,0.8150940066345577,0.9601540164573369,1.1215877869397428
3217,Speak though,Craig Lambert,1.1974338258652006,0.9321322771674161,0.972578019399673,0.8721170378232774
3218,Government far,Craig Lambert,1.0751521481631878,1.183183261487195,1.0121281637648138,1.0790834334318788
3219,Deep stage,Craig Lambert,1.1166924967425937,0.935544776078279,0.9212720605899698,0.9012921062995147
3220,Community,Craig Lambert,0.9389506587016421,1.0217297053009495,1.0028350551786978,1.05069472851012
3221,Involve those,Craig Lambert,0.9644927117169787,0.9283665877038845,0.9953163074833594,0.9645393014022471
3222,Author out,Craig Lambert,1.0105713560835332,0.9963571462982993,1.1406254224293666,0.9549030607698459
3223,Smile small,Craig Lambert,1.011054353591676,0.9784971231422405,0.8980001784387168,1.1746722574301691
3224,Law manager,Craig Lambert,0.9470485847427673,1.0152357709107913,1.0833325888367689,0.9328031840297909
3225,Them change,Craig Lambert,0.9554855613491153,0.9434256956266422,0.9569581636223612,1.0258265050717332
3226,Police road,Craig Lambert,0.864363794342087,1.0196559623287251,1.148518279079049,0.9855395098193512
3227,Rate alone,Craig Lambert,1.107545490355246,1.0420278688783573,1.0782392759257216,0.9692863584523109
3228,Strategy,Craig Lambert,0.9604098667215015,1.0942070438584024,0.9037089491928163,0.9793678301076825
3229,Entire drive,Craig Lambert,0.8522949321841667,1.0868353981126828,1.2317889100595725,1.03470321039194
3230,College true,Craig Lambert,0.9772213444306109,1.039832956484427,0.8535745071168291,1.0045768064948375
3231,It partner,Craig Lambert,1.0455826506568546,1.2048443951202628,1.035349037715965,0.929667443238159
3232,Memory its,Craig Lambert,0.968805109705439,0.9970432810733436,0.9958006918086683,0.9497905871806774
3233,Among,Craig Lambert,0.8493060301857556,0.9185625979856914,0.9240997725940968,0.9856151419947542
3234,Recognize,Craig Lambert,1.0259334169435035,0.9878922962214141,0.8809276275250173,0.9935150210702874
3235,Several level,Craig Lambert,1.051406384392706,0.7512022379759163,1.0309483737559528,1.0031605100499237
3236,Training,Craig Lambert,0.9408964784957221,0.9836973427476196,1.1711910992364665,0.9234933439871796
3237,Force heart,Craig Lambert,1.124337759725575,0.8105020564681431,0.997184793011063,1.0032971398844281
3238,Line month,Craig Lambert,1.1299230485726859,1.0381394944742448,1.0501859894133374,1.0256686486401683
3239,Specific,Craig Lambert,1.0187638069966116,1.0387058825531041,0.8833850749486492,0.9491933442896866
3240,Prove only hot,Craig Lambert,1.077397114987733,1.0059937209425736,0.8652345007847723,1.0754156238812742
3241,Staff imagine,Craig Lambert,1.0956391176053268,0.9860710831570645,0.9628521274654614,0.9925119832775416
3242,Once we,Craig Lambert,0.9019507571488082,1.0472620341186802,1.0731139346100236,0.9973651531437755
3243,Last idea keep,Craig Lambert,0.9771364869005044,0.9357920283315795,1.0863799389036,1.0919332270977442
3244,War,Craig Lambert,0.8945887618542783,0.9596657162956602,1.045799958320115,0.8742472192147651
3245,Game research,Craig Lambert,0.9986574861438203,1.0524969866159704,0.817343225753135,1.0657966068430942
3246,Special sport,Craig Lambert,0.895727015022973,0.8759389290569052,1.015092212762826,1.1953095616305056
3247,Significant,Craig Lambert,1.22621281984773,0.9756325511104461,1.03274036599197,0.9531342048249681
3248,Drive cup,Craig Lambert,0.8722669382922973,1.0119389996719246,1.1203999420172452,1.310683136302577
3249,Huge foreign,Craig Lambert,1.025871020194753,0.9416880269388904,1.06296674224369,1.0831886459211566
3250,Hot many one,Craig Lambert,1.0281219479138288,1.1320697710302432,1.0703062538969041,0.9665635217090025
3251,Open kid,Craig Lambert,0.9026611038331113,1.0773058556167525,0.8854231167262705,1.1401647297792512
3252,Almost certain,Craig Lambert,1.1237273241164318,0.8778026036619612,1.1808728257889078,0.809821648133183
3253,Measure,Craig Lambert,1.0818403544462185,1.02035969625413,1.138069742866674,1.0114154054260904
3254,Myself across,Craig Lambert,1.0260887683632312,0.9636598063093741,1.0265548248669039,0.8729786645904515
3255,Challenge look,Craig Lambert,1.140067383924181,0.9132551812143044,0.9847004587271247,0.9683116876003245
3256,It measure,Craig Lambert,0.8769395293171833,1.065457569324318,1.0055930545067295,1.0137270905099063
3257,Summer thought,Craig Lambert,0.9448449832524487,1.0795785149851573,0.9906403138540706,0.8241928401039523
3258,Pay building,Craig Lambert,0.8434154881253864,0.9648884037395935,1.074997563953893,0.9533945225819054
3259,Even better,Craig Lambert,0.8986736315152662,1.1033679237790879,1.0414607564171972,1.0163140496662078
3260,Push suffer,Craig Lambert,1.27945209805365,1.1084625499660261,1.1011296386569671,0.8943343082255943
3261,Might become,Craig Lambert,1.1001361678354682,0.9921551989516791,0.8858909613694532,0.9730918827445652
3262,Difficult,Craig Lambert,0.9849462477431247,0.8345883343178329,1.2484574737670069,0.9951196728647626
3263,Share before,Craig Lambert,0.9567400638730773,0.9818860546762251,0.9827183045170668,0.973491175928816
3264,Available,Craig Lambert,0.803685118079737,1.2124216024357812,0.9711078570726318,1.0776226741172488
3265,Effect,Craig Lambert,1.026609381627486,0.9721577673501886,1.163818646595423,1.017538609349478
3266,Main course,Craig Lambert,1.106492701946206,1.099793155469424,0.9828481704739048,0.9407986834274679
3267,Clearly career,Craig Lambert,0.9743915921475917,1.0719676100727433,1.046071374120869,0.9344886267616794
3268,Business,Craig Lambert,1.0382992104746336,0.9871208218506302,0.9598028914497391,0.9559065148345338
3269,Herself within,Craig Lambert,1.0904332166256345,0.8038920607721113,0.8305841658274068,0.984345236347155
3270,News make,Craig Lambert,0.9645127867965859,0.9088215791405256,0.9889465914284571,0.8905602188388541
3271,Book approach,Craig Lambert,0.7757382132894417,0.9670355046108334,1.1093887304373082,1.12113947797978
3272,Current,Craig Lambert,1.0686265515270785,1.1373473811792,1.004663824997491,0.9704530331093764
3273,Fall rather,Craig Lambert,1.0191200060263381,0.9268689840095974,0.8164369838632248,0.9778109872149732
3274,Tax finally,Craig Lambert,0.976911152736233,1.0145113266282482,1.0235067557761799,1.2249023140646778
3275,Since message,Craig Lambert,1.0366876540730061,0.9793155064474348,1.0423555025815452,0.8552857111634701
3276,According,Craig Lambert,1.0626568483522636,0.9869858078769915,1.1945601136104755,0.9141201873988278
3277,My meet parent,Craig Lambert,0.9847063968828771,1.0276668946900378,0.9964099310641341,1.0341703960355004
3278,College eat,Craig Lambert,0.9532431474021099,0.9017302251822304,1.0085826361427168,0.925524815369495
3279,Maybe manage,Craig Lambert,1.0401732418526417,1.3189200175263347,0.9406932360486693,0.9187734053352584
3280,Economy,Craig Lambert,0.8975498151888921,0.9997237031935754,0.7981404073513109,0.8933143857271251
3281,Plan possible,Craig Lambert,0.9162794675465487,0.8352008641355343,0.9068849269237897,1.120242000371745
3282,Not station,Craig Lambert,0.8717979354171724,0.80353489129994,0.8362376895699112,1.2139254449028187
3283,Door make no,Craig Lambert,1.0444895702873207,0.90259759222794,1.0323994155040452,1.018033358384289
3284,Sometimes born,Craig Lambert,1.093576344270954,0.9588264648624011,0.883035774744074,1.0342441764639312
3285,Share past per,Craig Lambert,0.9607116600590699,1.1833776838610153,1.0962107778521741,1.0121161655250577
3286,Air pressure,Craig Lambert,1.1003318911098634,1.1518731084694225,0.8299682824922872,0.9824169560550533
3287,Business me,Craig Lambert,1.0623875027921055,0.855523670872481,0.9325925366308826,1.0392891772246433
3288,Despite,Craig Lambert,0.8853279200846405,0.911192103560768,0.9792943564176314,1.0884647100637443
3289,Official day,Craig Lambert,0.9695128378521705,0.9904444882669958,0.8958509578001769,1.0533291483257325
3290,Son should,Craig Lambert,0.7522260375839536,1.0316872134400967,1.0729821950583842,0.9695636302285501
3291,Per clear step,Craig Lambert,0.9684207358905588,1.0090325986732522,0.9128253137043719,1.044304434829097
3292,Such stuff,Craig Lambert,1.0320760667917817,0.9485982710468699,1.1727679195135652,1.0428423021938875
3293,Rise suffer,Craig Lambert,1.0114043607551448,1.0855091391196305,0.9073558284191936,0.761160055781258
3294,Effect station,Craig Lambert,1.0968469143428874,1.0994398382233967,1.0220274374635858,0.8562058457757202
3295,Herself make,Craig Lambert,0.9976534173036834,1.050230034926939,1.0028947468956655,1.0477210855676216
3296,Where enjoy,Craig Lambert,0.8281566723493767,1.0468131993738885,1.0210064067388738,0.9900527695903264
3297,Soon sea,Craig Lambert,0.8578709756254975,0.9765687424092997,0.9827065672898544,1.0232910388127765
3298,Range without,Craig Lambert,0.8275831244269403,0.9825230752729943,1.081929727838112,0.9664467488797054
3299,Decade grow,Craig Lambert,0.7022850809362726,1.0022545489283166,0.8948583831312604,0.8904072368222072
3300,Rule upon,Michael Cole,1.1007872957956402,0.9155768653282628,0.9300070245181474,1.0295542453258102
3301,Unit land,Michael Cole,1.104662977117749,0.8069950957447226,1.1203121923795465,1.0246062693250206
3302,Give,Michael Cole,1.0082158367397682,1.0689874058937634,1.0006637589863805,1.060543708886619
3303,Put yet sister,Michael Cole,0.9385661300643723,0.9986279356710881,0.8938183929729009,1.0237169797664203
3304,Of beat price,Michael Cole,1.061253111124574,0.8451429871150744,0.8681458771213733,0.9836295150411469
3305,Chance take,Michael Cole,0.960457522025284,0.9935801739826623,0.800045159313723,1.0427268699952326
3306,Skin mother,Michael Cole,1.051210272529702,1.1514377263769482,0.9537181054014897,0.9744664311346425
3307,Dog single,Michael Cole,0.9964273974006459,1.146356424115411,1.0574800865750105,1.091769681112079
3308,Everyone never,Michael Cole,1.1606987622205438,1.0229563234065828,0.9692042632397434,0.9604312171032188
3309,Like skill,Michael Cole,0.9936057897651404,0.8892675222602587,0.9235610503153753,0.8497410774068845
3310,Pattern sort,Michael Cole,0.9719247189819177,1.1247147210063753,0.9594525585654786,0.9794754399489694
3311,Year green,Michael Cole,1.1389754740527138,1.0486102584714752,0.7767659052448275,1.096622102099858
3312,Condition,Michael Cole,1.0088831148174402,0.930383703453369,1.1541437310451215,1.0333368704110482
3313,Water could,Michael Cole,1.2160873461443669,0.9847392507154641,0.9941228859116436,0.8922391412410399
3314,Police,Michael Cole,0.8110270263869542,1.0361096124339,0.7595960381150234,1.0990973389434844
3315,Certain,Michael Cole,1.0477270649826937,1.0308797452125362,1.003426990457011,1.0465326641576242
3316,World garden,Michael Cole,1.0532477832524731,0.9612494666837373,1.1015850739228037,0.9796175715868679
3317,Note,Michael Cole,0.9798638059518296,0.8793014954125005,1.0586459912338575,0.9113074488083066
3318,Anyone,Michael Cole,1.009547281393018,1.0478677929297102,0.9285673628565345,1.0190862813288057
3319,Through light,Michael Cole,0.9766106294286576,1.0787452215785753,1.1043284582301194,1.1106199441902262
3320,Gun six civil,Michael Cole,0.9657031115948959,1.0801767398771511,1.078328925714212,0.9158088883426946
3321,Tonight,Michael Cole,1.0630434370497774,1.1351281660737225,0.9574407102171749,1.183925695791892
3322,Where concern,Michael Cole,1.094218185167445,1.234883712266845,0.9855584357794586,0.9342124654789912
3323,Create,Michael Cole,1.0615344766764578,1.1821921603707588,1.0152609428971218,1.113292980221904
3324,Significant,Michael Cole,1.1353960462966795,1.2433586548402824,0.7973675552486112,0.8575043708839041
3325,Culture TV,Michael Cole,1.0368311615340255,0.9018791478342196,1.0856373872451812,0.9507990431853295
3326,Special,Michael Cole,0.9210752207443349,0.9794353611171088,1.037897367520817,1.0348485570504367
3327,Paper unit,Michael Cole,0.9545817546608953,0.8328337204931013,0.9278105561005572,1.1689795191724286
3328,Best suddenly,Michael Cole,0.7967731701027276,0.8938686399863243,0.9846551315010352,1.0099793731809787
3329,Interest now,Michael Cole,0.8692907031610566,1.1631302899024025,0.8767239495674681,1.2515734550643187
3330,Economic,Michael Cole,1.0490572098022788,1.0852197321303352,1.1526240473358795,0.9514381317020354
3331,Media claim,Michael Cole,1.2220979671327252,0.9060441122305483,0.95221789691303,0.9996584994535113
3332,Film boy half,Michael Cole,0.9137799392864252,1.0638723225790325,0.9127108043173009,0.879398078707757
3333,Later during,Michael Cole,1.0151516741879008,1.0061690474801672,1.0763279601785816,0.9278258151207427
3334,Effect heart,Michael Cole,1.0253197850845521,0.9426591580541015,0.9032525736699679,1.1647599348494404
3335,Election group,Michael Cole,0.9243369217540318,1.010257211971526,1.212544989608892,0.9365228979661431
3336,Alone reach,Michael Cole,0.92770681491057,0.9637435986813957,1.171957328654891,0.8889083652654937
3337,Cold tax,Michael Cole,0.9709548322370353,0.9558508242254392,1.0770027761438883,0.8224787246132964
3338,Data start,Michael Cole,0.9802413410637122,0.968750562193651,0.8897329665815381,0.9123736910014131
3339,Suddenly,Michael Cole,1.1304348538975781,1.1803123625534215,0.979751732227979,1.0155538707306384
3340,Seat,Michael Cole,1.1750087840644954,0.9954716050507846,0.9858631150678274,0.940947634026188
3341,Bill young,Michael Cole,0.9929110190406278,1.01047177494889,1.1396734383355098,0.9982305168766048
3342,Institution,Michael Cole,1.115613272868382,0.9737432837004867,1.0019094746314943,0.959384361960134
3343,Authority,Michael Cole,0.8580845015787285,0.9519088919008217,1.1146434880289964,0.9772930910373017
3344,Simply,Michael Cole,0.9244581864556989,0.9855869668336383,0.8920597484295141,0.9360070887795345
3345,Method discuss,Michael Cole,0.9496686916729437,0.928600901064207,1.0798721630622088,1.056857268850532
3346,Dog believe,Michael Cole,0.9203532471972117,0.9613398006985109,1.039072800395884,1.0217044955979715
3347,Little,Michael Cole,0.9046494358758724,1.0595146749630868,0.9802609057139317,0.9658023094647511
3348,Eye draw buy,Michael Cole,1.0945419650975887,0.9939085375279164,1.078144062492464,1.0110141933188352
3349,Seat easy,Michael Cole,0.9716024574894979,1.0263279498206972,1.0044080173700654,0.8104231277109554
3350,Onto maybe box,Michael Cole,1.018713189433214,1.016742501526591,1.0837234373668756,1.0619799065459052
3351,Then apply,Michael Cole,1.0479665469077042,0.9971276632051552,1.0123500036824382,0.9671011786471584
3352,Someone strong,Michael Cole,0.9081399362636691,0.8665342636305262,0.9005569325741709,1.042657233305553
3353,Boy various,Michael Cole,1.2073212317538866,0.8065644172097609,0.9503217934220168,1.1227114757601846
3354,Remember class,Michael Cole,0.9218028712472093,0.9221091748849548,0.8595444892604344,0.9700763821369182
3355,Paper,Michael Cole,0.8912078602596443,0.9485950740488365,1.0979608050609562,1.0203476567792624
3356,Nearly,Michael Cole,1.1305234595234024,0.859433917820065,0.9067670206215734,1.0961667021678312
3357,Anything,Michael Cole,1.0853370208975641,1.219319437208459,0.9929095127820943,0.7884096802191098
3358,Top appear,Michael Cole,1.1793970434281498,0.9452371731759932,0.914182394515945,0.9540482418225467
3359,Really wife,Michael Cole,0.9971332655245876,1.078570611046384,1.0812326576624098,1.1958663904588758
3360,Ten wide name,Michael Cole,0.9306042586518489,0.8634007461498083,1.023917121821748,1.0449585983591145
3361,Media,Michael Cole,1.0548596052434844,1.1363760820220008,1.012426859952081,0.9526616502684992
3362,Item soon girl,Michael Cole,1.0164794518706477,1.0839478307131574,1.0193963263432662,1.113406574015994
3363,Meeting,Michael Cole,0.9565892848004979,0.9002833058478616,0.8927876210934395,0.8950837284210784
3364,Page,Michael Cole,0.7883964974301338,1.139509196402182,0.9413957379778104,1.081185367396639
3365,End herself,Michael Cole,0.9004730602920273,0.8423277502093621,0.9866915737710034,0.9254884980644192
3366,Figure teach,Michael Cole,1.1101926615255455,1.1808849896994293,1.05733404132747,0.9797643712110702
3367,Anyone whom,Michael Cole,1.0144604239493797,0.9018862443742455,0.990059051450189,0.8994177262885921
3368,Draw happy,Michael Cole,1.0350055482104108,1.0688479388701446,1.0107724458114713,0.9752913339634043
3369,Admit bar goal,Michael Cole,0.9353959536066392,1.068466310739902,0.944654798716013,1.1169180324178771
3370,Truth treat,Michael Cole,1.2542146501657687,1.0279373966492646,1.1371362523907824,0.8829369990223457
3371,Vote position,Michael Cole,0.9356029075555078,1.144345733802321,1.0658346071800409,1.055435682233802
3372,Beat cold,Michael Cole,1.1238384190321051,0.9127192822897644,1.154111371327849,1.0375174373735667
3373,Site drive,Michael Cole,0.9894844646027474,0.8890397503557433,1.1929671746349846,1.0814115309728616
3374,Support sense,Michael Cole,1.0866536724300688,0.9054599032952464,0.7977869937559767,1.0140195826032932
3375,By paper bring,Michael Cole,0.9938731236094898,0.7798373192838963,0.9428127582714707,0.9188952316320196
3376,Than decide,Michael Cole,0.9431177723461605,1.079191304970954,1.030138479090407,0.9382219554477074
3377,Strong clearly,Michael Cole,1.1045777821806093,0.9247880724583857,1.1387393112648285,0.9399113417519012
3378,Evidence,Michael Cole,1.033373329364815,0.9812099719054904,1.1145669721695934,1.1239480226318201
3379,Than those,Michael Cole,1.063167219282211,0.9519499384955351,1.082583697173319,0.9155730467470171
3380,Economy draw,Michael Cole,0.9832377686796182,1.1359481095210489,1.001795865611025,0.9787933442360653
3381,Detail network,Michael Cole,0.9618631700599786,0.8368205562907964,1.144385441073085,1.1278748414516073
3382,View represent,Michael Cole,0.9495580249365557,0.9939954919365955,1.0923228686075994,1.0685859765460413
3383,Side early,Michael Cole,0.9286856180950979,1.0812591632538777,0.9227182606678079,1.1250617028939025
3384,Market address,Michael Cole,0.9962588125261966,0.8847551209661052,1.046176158226497,0.7896910098681494
3385,Affect order,Michael Cole,1.1267339715228648,0.9684513088183341,0.7085692745989487,0.9627072880388001
3386,Result exactly,Michael Cole,1.1755758640409921,0.8293739147969772,0.9386752404837185,0.918818949318095
3387,Market within,Michael Cole,1.0224125874265253,1.0783311368124926,0.8734655322067468,1.0583938104500459
3388,Hospital world,Michael Cole,0.8640923515172743,1.0687162971300113,1.0264558286764798,0.891015850369254
3389,Free issue her,Michael Cole,0.9254224009963916,0.9846154106334292,0.9755489285154039,1.126598396305671
3390,Determine wind,Michael Cole,1.022363778449406,1.0343234879293823,1.0557276618140556,0.8631343724694618
3391,Control board,Michael Cole,1.08458409970654,1.1266891376408097,0.9476520977154331,0.8346797891455657
3392,Business stay,Michael Cole,0.8366860810536605,1.01885819941796,1.2317827566753603,0.9961292564971556
3393,Ready table,Michael Cole,0.7920630640131581,1.02685979381531,1.0631778073227265,1.068883132629378
3394,Certain thank,Michael Cole,1.0814046814204985,1.039566151355304,1.0605891290113765,0.8711509696694238
3395,Quite cell,Michael Cole,0.9767172920218032,1.020925201784561,1.0345186463398421,1.073525423890953
3396,Much step,Michael Cole,0.985160696106186,0.9571695024510358,0.972148050203909,0.9373420871378777
3397,Down deep,Michael Cole,0.8287338049592812,1.093567702420299,0.8559280572984685,0.9819436037509773
3398,Place instead,Michael Cole,1.0103307206926473,0.998212024084986,0.8997773709102437,1.1015120458752627
3399,Class play,Michael Cole,0.9571187332368887,1.1059427080916278,0.9071072667736656,1.046769822007506
3400,Since face,Michael Cole,0.9885877144000402,1.0336506143832798,0.917278073480166,0.9796922939370349
3401,Must travel no,Michael Cole,0.9862260336374442,0.9618661525267612,0.9635421891034737,1.1252237640489064
3402,Picture ask,Michael Cole,0.9619440170811426,1.0065770590151208,1.134940511185571,0.9879556538951195
3403,Bar provide,Michael Cole,1.0984914415729738,0.9915185129787414,1.1036870743223006,1.1563171905566583
3404,Moment his,Michael Cole,0.9895348639554399,0.9454898516466175,0.9722683702701249,0.8718278772446553
3405,Red before,Michael Cole,0.9223615830734224,0.9520408446335712,0.7783655197789482,1.085254910193803
3406,Full poor dog,Michael Cole,0.9629567562624847,0.9580152419602994,1.0179699891711897,0.8284258385365155
3407,Know seem hair,Michael Cole,1.0922113954705241,1.1008588237078945,1.2280971803626757,1.0579410779664138
3408,With one,Michael Cole,1.020698250000828,1.1170541617162038,0.9925102831435744,1.0305692694319843
3409,Authority,Michael Cole,1.1226638240691333,1.008218240944358,0.8588888400093824,1.0360410198186625
3410,Meet professor,Michael Cole,0.9291640398699027,1.0820290364702534,1.1089623289974018,1.0448071845551912
3411,Now approach,Michael Cole,1.0871849433647724,1.0269386348184155,1.2063800983185566,1.0906709986272294
3412,Boy final,Michael Cole,1.2619665065058,1.2243844498423053,0.8714769257711606,1.1041462600701957
3413,Consumer,Michael Cole,1.0671695430147166,0.8932538526347793,1.0042320942273821,1.020849775698245
3414,Congress would,Michael Cole,1.0782079654172343,0.9843581474275787,0.8641182642117912,0.9125860293840811
3415,Student next,Michael Cole,1.1259635210862402,0.9649456349247039,0.9338147203247457,0.9762751455740469
3416,Little,Michael Cole,1.1149285158470543,1.0827487036251908,0.807446440420831,1.1253200748770267
3417,Capital,Michael Cole,0.7353634622346743,0.8897658901360256,0.9682161264472476,1.0350821959038041
3418,Toward bill,Michael Cole,0.8620094984300305,1.0029451730317394,1.0929073952976032,0.9006372709031993
3419,Office art,Michael Cole,1.0137930672852704,0.8471576406061371,0.8846881159256039,1.0452176860774367
3420,Force front,Michael Cole,1.1479463622684676,1.1889958426036435,1.0816879875271692,0.9335819784788193
3421,Site claim,Michael Cole,0.9738470784237239,0.9081486092938098,0.9498909580432785,1.0961537846229206
3422,Who red beat,Michael Cole,0.8319721382531738,0.9864436287616283,1.0785480633341091,1.0114152244474919
3423,Arrive least,Michael Cole,1.0495238091118142,0.6528352398690395,1.0165452254883047,0.9765036593241511
3424,Music now,Michael Cole,0.9006335974703702,0.8748639994917798,0.8935294360888699,1.034351366038734
3425,Discover list,Michael Cole,1.1124871848715363,1.0791768240815305,0.9951098175737678,1.1203128965227016
3426,Although,Michael Cole,0.941880611635568,0.9433434888784882,1.0727890286019877,1.0694915685716426
3427,Condition pay,Michael Cole,0.9953873744823931,1.0839858503392166,1.0036853325850117,0.9089234885271623
3428,Believe keep,Michael Cole,0.9556790944959278,0.9025593970778429,0.9163134015600003,1.0212387835728207
3429,Since provide,Michael Cole,0.9444415152604022,1.0539130626483235,1.0159017656877376,1.103649775770628
3430,Lead start,Michael Cole,1.001666456673794,1.0835831437944685,1.0757899521473995,0.9692939898762145
3431,Here occur,Michael Cole,1.0444103359894645,0.9487507479983489,0.8145547892677896,0.8478560517775148
3432,Address,Michael Cole,1.12528481427144,0.9036206956743018,1.0613896259895899,0.8779658304792732
3433,Must,Michael Cole,1.0261917194272747,0.9905459862306956,0.8686119571267417,0.8680937461923447
3434,Region point,Michael Cole,1.050849938930038,1.1451207008708049,0.9587906322230744,1.0630162967770782
3435,Hotel well,Michael Cole,0.9438926937130656,1.0204140104066153,1.0027496446224884,1.151878124169894
3436,Sport relate,Michael Cole,1.0427567940353477,1.1091780205077408,0.8678182999481068,0.9571963065981052
3437,Write keep,Michael Cole,1.1281186132820131,1.1211034180946498,0.8069150406920853,0.9961036428158924
3438,Continue,Michael Cole,1.0115263954643792,0.9945589630826723,0.9481366986849643,0.776939345424057
3439,Call believe,Michael Cole,0.8546519173853453,0.8809712282134984,1.1402994663685755,0.9271322703959494
3440,Might thousand,Michael Cole,1.1758499358399563,0.8994477524003424,1.1353137793909232,1.0714419157010007
3441,Work usually,Michael Cole,1.073141790109525,0.9518430211485864,1.104251800669665,1.0182091882363815
3442,Us may,Michael Cole,1.133494718673091,0.943096260694958,0.8249832947412392,0.9721329061068902
3443,Student whole,Michael Cole,1.091671248742305,0.9186122818175952,0.906614366227826,1.1411676228597067
3444,Real form set,Michael Cole,1.0391142766867094,1.005669212679844,1.150261878559926,0.8710071842573426
3445,Leave area box,Michael Cole,0.9442602331456671,0.9724330414139639,0.9693753764222072,1.0553168042988124
3446,Evidence ago,Michael Cole,0.9515031390596949,0.9607833938487356,0.9011442532566478,1.246876694150173
3447,Mouth visit,Michael Cole,0.9623597077065493,0.8986318265524192,0.8875513924806737,1.1096716470021024
3448,Human view,Michael Cole,1.0249931524093774,1.0046083086201931,1.0788970999228031,0.947242129664087
3449,Be under human,Michael Cole,0.9359860030130064,0.976977973644702,1.0789242479096972,1.0467609240976383
3450,Again might,Nicole Smith,1.0392414356830404,0.9645232019992491,1.0068326949910664,0.8653682468334479
3451,Series section,Nicole Smith,1.178141042435513,1.3369914710023945,1.1160785753635956,0.9743200172485231
3452,Which white,Nicole Smith,1.0128306617479148,0.8479644937035036,0.8918288907662401,1.0179831432962203
3453,Improve vote,Nicole Smith,1.0180403147078116,0.8012318268007613,1.1297905802700643,0.9453997902667328
3454,Like than east,Nicole Smith,1.034227399429693,0.8259057713276342,0.9411409862204838,0.9401235162093736
3455,Quite real,Nicole Smith,1.0183052949225568,0.9471090178610954,0.9145641188494742,1.0493052850872693
3456,Pretty than,Nicole Smith,1.1471747931358653,0.9648894805724821,0.9770751867602114,1.012682245369906
3457,Ability man,Nicole Smith,1.053235681183636,0.944956302302275,1.1120696549797318,1.0008427081262539
3458,Drive above,Nicole Smith,0.9388405567872572,1.0216992104987934,0.9598702931023887,0.9858599135859941
3459,Coach her dark,Nicole Smith,1.0744752611652082,1.0499188158422479,0.9636427595738036,0.9064302799267948
3460,Nice where,Nicole Smith,1.0346839226958333,1.0409786153267537,1.0023956641926295,1.0170770068038253
3461,Resource,Nicole Smith,1.2051469321586488,1.1485689918083755,0.9906694410576599,1.0237917569030108
3462,Hour hope,Nicole Smith,1.1132957123210159,0.9653881816012223,0.9708239999973404,0.9071776037281345
3463,Professor,Nicole Smith,0.7947242842687019,1.0210046529983519,0.9145567100605387,0.810455495298887
3464,Suggest seven,Nicole Smith,0.9934209723017406,0.9148316017957905,0.9475404417303878,1.0058398273253248
3465,Who this,Nicole Smith,1.0034462170315899,1.1002817268148097,0.944873600548532,1.0164919491659807
3466,Turn sense,Nicole Smith,1.011999884159437,0.7816612376411612,0.8905092852379504,0.9994479007411085
3467,Statement,Nicole Smith,1.0365012381225653,0.9969546889381897,0.994376546674674,1.1539415661958539
3468,Happen,Nicole Smith,0.7470999742713494,1.1171016543511916,0.9078528580950438,0.9601498802673635
3469,Media animal,Nicole Smith,0.903652548279591,0.9588895771346653,1.0393346930770766,1.058910832693954
3470,Choose range,Nicole Smith,0.8672529042456605,0.950569963646597,1.044869517683447,0.9836699721376325
3471,Crime along,Nicole Smith,0.9132012134109817,1.0551714191890882,1.16024036114951,1.2126856686580263
3472,Find occur,Nicole Smith,1.0103091817630754,0.9505607458856395,1.036125720150242,1.1189257400369983
3473,Media clearly,Nicole Smith,1.1272111423409117,0.8599837742539437,1.0318518436326076,1.1238419089771563
3474,Although,Nicole Smith,0.8216721901424424,1.106814904027636,1.237510261884494,0.9839032169312458
3475,Onto reveal,Nicole Smith,0.9741999704562289,0.9889348954962985,0.9593456745452486,1.034379519064442
3476,Good size key,Nicole Smith,0.8196521745466054,0.909589575404393,1.1240709972168639,0.9458161664905554
3477,Ball agency,Nicole Smith,1.1224445045339153,0.9239613003703906,1.2379676157062982,1.0026200840554556
3478,Trial service,Nicole Smith,0.9103532724128894,0.9516898869921293,1.1289656621696424,0.9993913286589144
3479,Policy note,Nicole Smith,1.102020807821456,0.8446576374159827,1.0756031704484696,0.8870301963727762
3480,Four strong,Nicole Smith,0.8890798802413301,1.0049247794652376,1.0432685896235385,1.0673408284752248
3481,Nature similar,Nicole Smith,1.0391380695872199,1.040378087316762,1.057418536588394,1.1307936677586028
3482,Military,Nicole Smith,1.0256674147575329,1.0827236030189844,1.1054303263859064,0.8549595023854075
3483,Once method,Nicole Smith,1.0017610092889695,1.0432819226370014,0.8251396425958079,0.8624235532508705
3484,Traditional,Nicole Smith,0.8929841778459832,1.032024861437412,1.1391107734852295,1.0271791179645335
3485,Education have,Nicole Smith,0.986022809108455,1.1138136041503108,0.9211731261810732,1.1572526987895264
3486,Resource out,Nicole Smith,1.2645111423873807,1.0334968219253269,0.9869706229905851,0.9783894417377146
3487,Price them,Nicole Smith,1.038235694823582,1.1159708173884075,1.077289438430833,1.0210072539233754
3488,Only magazine,Nicole Smith,0.9056434175061101,0.9391405485294544,1.065332359961,0.9759821511526048
3489,Character when,Nicole Smith,0.7986554281359658,1.0609439954839521,1.0741963698880679,0.8777551297911184
3490,Central senior,Nicole Smith,1.0655540000230195,0.9644110919945935,1.1141511082252968,0.9284054285682293
3491,International,Nicole Smith,1.0875128771587044,0.811517130961204,0.9446271144181012,0.8778604732839567
3492,Have maintain,Nicole Smith,1.1350947377246174,1.2116311043340326,1.1412964307456523,0.9654150664336899
3493,Type across,Nicole Smith,0.7385762579712714,0.9008356338905619,1.0230168734740188,0.9392653417123269
3494,Suffer ready,Nicole Smith,1.1143648420987111,1.150456715660765,0.9222794162356271,0.8269018739871219
3495,Western,Nicole Smith,0.9876845197824505,0.8638916032842572,0.9022319662442733,1.0355998296507407
3496,Finally name,Nicole Smith,1.0194990261594385,0.9819364800345732,1.1833769963751422,0.9830327121656405
3497,Officer and,Nicole Smith,1.0855399907061145,1.1252837179857875,0.9336106075023488,1.0170844113021038
3498,Project line,Nicole Smith,0.8934732558872542,0.9067777116497664,1.129050806459678,1.0796623368025091
3499,Human size,Nicole Smith,0.9837622455211802,0.9481856647735283,1.0618825621494425,1.1203655647616209
3500,Single drug,Nicole Smith,1.0728668656066846,1.087884952463636,0.9414223329710307,1.0221817299442462
3501,Travel prove,Nicole Smith,0.9667496602150603,1.1105986022523053,0.719001344311607,0.7658671703590272
3502,Up buy cut,Nicole Smith,1.0000071570920974,0.9661101836009589,0.9372241333543887,1.059966095711632
3503,Traditional,Nicole Smith,0.8988064327538483,1.040358633810481,0.8489304532204014,0.7217126024790392
3504,Note,Nicole Smith,0.932859563448362,0.9211430102628955,1.0887345013853185,1.076097019193611
3505,Discover find,Nicole Smith,0.9689903827873453,0.9457364752694144,1.1566389178464958,1.052152828026117
3506,Nice half,Nicole Smith,0.924907665391324,1.0379968025938748,0.858680332024974,0.951411598880672
3507,Yet share end,Nicole Smith,0.9114661411570162,1.0272202973450668,0.9766158298444974,1.0219253605531273
3508,Less author,Nicole Smith,1.0106489966461125,1.1555658490439404,1.000016176072439,0.9237372487819453
3509,Walk agreement,Nicole Smith,0.9020195593395319,0.9322258453317496,1.0975734060978717,0.9739115040647259
3510,Sister fill,Nicole Smith,1.0311613397203467,0.9732647151577751,0.9653841433057252,1.0937308826152679
3511,Treat trouble,Nicole Smith,0.9850362534190679,1.069431257692091,1.0870330610409555,0.965476889400099
3512,Next tonight,Nicole Smith,1.0866773020715557,0.9398081750047592,1.054355160083186,0.9574224272211262
3513,Stock,Nicole Smith,1.149801072634857,1.020759091414263,0.8384749772813338,1.1457712819521333
3514,Country seat,Nicole Smith,1.02708424636925,0.9571473982788338,0.8711778818517637,0.8432765887255738
3515,Thing right,Nicole Smith,0.9388818667957466,1.158657120818483,1.0165914024742895,1.1779090341447795
3516,Several,Nicole Smith,0.9046898075792273,0.9627926219386518,1.1275347128491067,1.1629452640487508
3517,None again,Nicole Smith,0.894439713815163,1.0503377127057458,0.9879906346429522,0.9268580035003253
3518,Crime,Nicole Smith,1.0888609010641295,1.084816056789341,1.048457064079898,1.1100001050441448
3519,Mean news,Nicole Smith,0.9174974192079828,0.9791229074433662,1.1079990519702072,1.1286387317582351
3520,Material,Nicole Smith,0.980060213904083,1.0758198315488026,1.0184602198379906,1.0249144155003265
3521,Race hour pick,Nicole Smith,0.8628814598052342,0.8947964340602822,1.1153640006435237,0.9508841044067806
3522,Week clearly,Nicole Smith,1.1820790671388897,0.8701957281364536,0.8872192586241695,0.9296340699913191
3523,Know lot,Nicole Smith,0.9323490497326217,1.0078284036909064,1.0948603819673546,1.0367114078755546
3524,Involve,Nicole Smith,0.7692072084691463,1.0041845916940686,0.940823498765303,1.0000021215626325
3525,Member agree,Nicole Smith,1.08901493607382,1.1103360662764294,0.8442259008663071,1.0438911431854658
3526,Last attack,Nicole Smith,0.7962138392415766,0.939355659913189,1.0302749756062097,0.9198557228784447
3527,Girl term,Nicole Smith,1.0221899697088161,0.7929683521582205,0.9198784409450037,1.1444620286927656
3528,Usually whose,Nicole Smith,0.941290820196585,1.0450741869259679,1.0203248512165988,1.0660836865417511
3529,Much top feel,Nicole Smith,1.1249316121768176,0.893983203745774,1.0861366862568027,1.012509600793411
3530,Indicate,Nicole Smith,0.9299632266017293,1.0676109931887545,1.0775075049142981,1.0905990020562393
3531,Direction,Nicole Smith,0.9264168685218893,0.9819246059620326,0.8648754184666256,1.0345302731688768
3532,Situation,Nicole Smith,0.7519243420746257,1.0724005951248967,0.9311021301256509,1.2841020749283376
3533,Head represent,Nicole Smith,1.1104640715646108,1.1112190424809028,0.9080564176286395,0.9061430191093522
3534,Specific,Nicole Smith,1.0221446668225262,0.9617080982153475,1.2086189114908392,1.0857791077756187
3535,Wrong,Nicole Smith,0.835961589079124,1.0612946860188113,0.9491133025930576,1.1639452896750384
3536,Turn message,Nicole Smith,1.0518087270106502,0.8948680845319756,1.2165806562834431,0.8988367723337913
3537,Wall contain,Nicole Smith,0.9198687518614359,0.9013032395288729,1.1546761723980892,0.952458772123743
3538,Probably race,Nicole Smith,1.0105471950411398,1.1507033382230305,0.9198542703877942,0.9381411121579907
3539,Cup issue,Nicole Smith,1.0687492228068136,0.9763765927279421,1.123700013162868,0.8724554913402747
3540,Environmental,Nicole Smith,0.9615625833617115,1.083363652199614,1.0067302243687923,1.0615619081831862
3541,Stage yard,Nicole Smith,1.0538007596276917,1.1015224257678464,1.0950365120026515,0.9764422632319705
3542,Talk seem,Nicole Smith,1.0528978614646893,1.119225482213596,1.056105359445502,0.9834522915839948
3543,Environment,Nicole Smith,1.0411486230705407,1.1534587564167234,0.918308343908947,0.8658857801759726
3544,Stop age,Nicole Smith,1.0403390905906742,1.0418073742792195,0.9823235949700456,0.9868686348640596
3545,Determine land,Nicole Smith,0.8895366184869677,0.8485537830327807,1.001789386147424,1.0584507100031584
3546,Hand official,Nicole Smith,0.9907313703404174,0.9177740263483318,1.0331663560412554,0.7597409707764815
3547,Beat soldier,Nicole Smith,1.0566587693846246,1.0301608479071902,0.9764622530873532,1.0329703784306998
3548,Issue,Nicole Smith,1.128918329933013,1.1068468032632355,0.9847521330521087,1.0227058187417177
3549,Hot evidence,Nicole Smith,0.6940555965581929,1.1163353996901686,0.8377749804995459,1.1048224743719408
3550,Similar they,Nicole Smith,1.002274974349703,1.0444173542367434,1.0034532795507325,1.102287794313837
3551,Interest power,Nicole Smith,0.8388141764215875,0.8220890024074118,0.91084152943353,0.930586764823898
3552,Quickly,Nicole Smith,0.9946410439449525,1.036931247008733,0.838557505937487,1.075594268848754
3553,Left so,Nicole Smith,1.1145445651119859,1.0205251907845805,0.9600071239981889,1.0304274046887538
3554,Audience,Nicole Smith,0.9394696375239551,0.9629792811193214,1.131516076692976,0.9126462980504637
3555,Area cover,Nicole Smith,1.0107808183765614,0.8484924015098622,1.094570795056292,1.0078084247623234
3556,Former hit,Nicole Smith,0.9811699516373277,0.8383128795261084,0.9129337854979896,1.0838942099310622
3557,Modern wall,Nicole Smith,0.9294029735208288,1.0900157064679685,1.0907025236200716,1.0345676509377022
3558,Particularly,Nicole Smith,0.9147489502953372,1.0739849362120237,0.9489583835628328,0.8163082065167232
3559,Consumer,Nicole Smith,1.1104364369659174,1.0822229329978739,1.119170572259029,0.9280845872150792
3560,Teach system,Nicole Smith,0.9153430253481427,0.899916771315905,0.9360076595128292,0.9232007037040773
3561,Executive,Nicole Smith,0.9975699962235929,1.0151335784094047,0.869298745851613,1.0113688501684932
3562,Decide college,Nicole Smith,0.9236419632812226,1.0723098792028378,0.8563705036583278,0.9044255512369787
3563,Site become,Nicole Smith,0.9616835358688209,1.0124846059620454,1.2867477782951062,0.9735542973857676
3564,Short follow,Nicole Smith,1.1763154022354618,1.0446496776981495,0.8792868208714225,1.071852030124067
3565,Figure finish,Nicole Smith,1.0302152636312552,0.9602332729540861,0.9440293086765791,1.051548040916553
3566,Prevent,Nicole Smith,0.9541562140558523,0.98063624134625,1.1136393616537195,0.9394897198685885
3567,Face employee,Nicole Smith,0.9563038986715138,1.158167068313023,0.9975313422731595,0.8208813061152571
3568,Again recently,Nicole Smith,1.220691448788602,1.0961418592354084,0.9720380712607986,0.99071570617864
3569,Story,Nicole Smith,1.0433967155565627,0.9724871912542622,1.1172055414482789,0.8955302227193108
3570,Dog available,Nicole Smith,1.077145300598329,0.9180603635502341,1.159428513370743,1.020172620584624
3571,When dinner,Nicole Smith,0.8328438757717282,1.0259073374930447,0.8016009648475917,0.9867264042739593
3572,Language less,Nicole Smith,0.9441549115042864,0.8957124307493569,1.0713474609299052,1.104310582128107
3573,Paper human,Nicole Smith,1.0159615872016174,0.8900175651115119,0.8757808237897305,0.9952742444850605
3574,Good goal,Nicole Smith,0.9420796424858201,1.1257089864457082,0.930033254700953,1.0031368476887468
3575,Letter which,Nicole Smith,1.0950844623474465,0.9231173642985734,0.9595923047786159,1.097385439309733
3576,Seek soldier,Nicole Smith,1.2297882303249759,0.9632930331587773,0.9346248521147905,0.9110728400563722
3577,Baby majority,Nicole Smith,1.0335469545736433,1.051066291051022,1.0341811182277711,0.9424990311878888
3578,Even most,Nicole Smith,0.8532389305541788,1.1344022042242092,1.1626027176108622,0.9368814866726566
3579,Join put even,Nicole Smith,1.1028500754337265,0.8732556091343373,0.9742444569104663,1.095541712639152
3580,Generation its,Nicole Smith,0.8857256531528499,1.0103977869452059,1.1129883947341104,1.0917531984353193
3581,Spend later,Nicole Smith,0.9879159093555837,1.0786838015474378,0.9549221819970496,0.7738371973283993
3582,Report meeting,Nicole Smith,1.0562024347003833,1.0626203526657465,1.005819816105729,0.8236751759925789
3583,Industry,Nicole Smith,0.8437599412455116,0.9240046658461333,1.0180059317492574,1.1088645228116167
3584,Receive season,Nicole Smith,0.94704742381601,1.0521175188931695,0.7667104035239584,0.9804985168235707
3585,Alone bad,Nicole Smith,1.1029748075840056,0.9450555453171018,1.087786689317227,0.8409078058044603
3586,Human wide,Nicole Smith,0.8955905553121695,0.9626831408376533,0.9508256039856869,0.8410713533408274
3587,Eye still,Nicole Smith,0.9661602413783432,1.0085063789519317,1.0976680952834372,1.2364215020232328
3588,Usually other,Nicole Smith,0.9943616562303274,1.118525508416962,1.1050558364492702,0.94521074521734
3589,Hold language,Nicole Smith,1.0134482501996764,0.9207938995348964,0.7892913934432979,1.2410666470246392
3590,Carry six,Nicole Smith,1.1027372987730566,0.9794951823206157,0.964029332506127,0.9953414039722749
3591,Similar why,Nicole Smith,0.845750204041679,1.1136175305368838,1.0956290575616563,1.0414810016212295
3592,Study reveal,Nicole Smith,0.8879508475159854,1.018912366264654,1.0403343515272772,1.0957978654192717
3593,Defense,Nicole Smith,0.9717359561164285,0.9773039651827332,0.8741882614042846,0.8203108511798167
3594,Product modern,Nicole Smith,1.0402351898728563,1.0013710093832184,1.1322594610425605,1.0412527840962809
3595,Debate me baby,Nicole Smith,1.1606893902995759,1.0012469115958946,1.318438290173546,1.1348180132650572
3596,Recent,Nicole Smith,0.8539344647019954,0.9053087423387021,0.8669035263612659,1.08819027754179
3597,Some business,Nicole Smith,0.9596912192956704,0.9722827882631061,0.8070100986874056,1.245837216081445
3598,Camera reason,Nicole Smith,0.9589391314458653,1.07301486948354,1.0385684208754018,0.9701517559193273
3599,To evidence,Nicole Smith,0.9225826821707206,1.0000021762875981,1.002730415972314,0.9524109823801079
3600,Let money test,Chad Moore,0.8816616442633373,0.9439011515500328,1.071328885807714,0.9283887251175995
3601,I else off,Chad Moore,1.0473743721081554,1.1042380071343858,1.1168844826969742,0.88057544335181
3602,Doctor sign,Chad Moore,1.0110104313227082,0.9433319840465704,1.110410392308219,1.0648448468392597
3603,Sit suddenly,Chad Moore,1.0215314639108686,0.9067803184823583,0.9842415136877092,0.954089129207732
3604,Woman summer,Chad Moore,0.9811926044055264,1.0265832081598245,0.8806991714869268,1.0904697464099542
3605,Generation,Chad Moore,1.0137577035388396,1.0115135617744833,0.9129755804668246,0.9902126597456751
3606,Behind ahead,Chad Moore,1.1169887226547501,1.0283359322226535,0.9889035991915277,1.0018387741113328
3607,Participant,Chad Moore,0.9787566016891525,1.0224864496678259,1.0408735397369173,1.1658615143144373
3608,Dark sea world,Chad Moore,0.9333034809839716,0.9964446998050325,0.8598038944429979,0.9572446473216322
3609,Light care,Chad Moore,1.1007652998398134,1.048997306699701,1.098365951270149,0.9458136497111539
3610,Authority,Chad Moore,0.8953727097596994,0.977580676801498,1.0000338119029564,0.9714700146686385
3611,True prepare,Chad Moore,1.0345777930459867,1.0110656946991896,0.8321817494816496,1.0511750291676172
3612,Great,Chad Moore,0.8853173775598604,1.039372850962946,1.1302198546437345,0.9273598274444194
3613,Least police,Chad Moore,0.9586722492725704,1.0414038560310306,0.9469053583673627,1.0508363079250456
3614,Scene dog,Chad Moore,1.06755884182993,0.9555150419951213,1.135250915983608,0.9482033980013636
3615,Under food,Chad Moore,0.9818289523350643,0.9486735531858176,1.1494750079296816,0.9870725936189289
3616,Truth,Chad Moore,1.0700866176959123,1.0748080316213964,0.8725934460911596,1.0102531840530389
3617,Office light,Chad Moore,1.0714802896578728,1.156301738892061,1.015821491892401,0.9800186543335966
3618,Very house,Chad Moore,1.0980693654289908,0.93084788560228,1.1098825612458136,1.16991841586373
3619,Above feel,Chad Moore,1.151580519887346,0.9589159542764373,1.0350965088663093,0.9761598822718685
3620,Beyond range,Chad Moore,0.8545936091506454,0.9286553025406749,0.9820413726646172,1.2033403722893863
3621,Population,Chad Moore,0.9967775538963998,1.054287112441984,0.9139763665384817,1.0219488699231107
3622,Author within,Chad Moore,0.8962667166232849,1.2253105137918945,0.8296758007109392,0.8632533743364759
3623,Point option,Chad Moore,1.0607844283687597,1.1036305920171559,0.8042849170288471,1.0053489552098758
3624,Production,Chad Moore,1.1297628645358258,0.8329662620197307,0.8559253827809747,0.8893128393284361
3625,Week song tax,Chad Moore,1.1014577979688263,0.9861179447859824,0.9981820082035029,0.9109569952599845
3626,Why reason,Chad Moore,0.9464437130481665,0.8789399474796248,0.8761630386372091,0.8526629917194122
3627,Several,Chad Moore,0.9459012316863523,0.9653325061523211,1.1952773071432479,1.104768321608623
3628,Change choose,Chad Moore,1.1488239087247611,0.9851546401428084,0.9939584536436694,0.963137892768971
3629,Local skin,Chad Moore,0.8639514514158885,0.9066012277475222,0.9912669918700755,1.103858565295528
3630,Painting deal,Chad Moore,0.879257365811255,1.137262315164997,1.1151909093635322,0.8993928149220944
3631,Because now,Chad Moore,1.1650461355604036,0.9860720731179324,0.9923377108400623,1.1009560907800604
3632,Ever smile,Chad Moore,0.9839472241875089,1.046180210066244,1.166436080257028,1.0002173527520763
3633,Expect simply,Chad Moore,0.9344743020208159,0.8503777287783266,1.0211116319646305,0.9699036447638022
3634,Perform,Chad Moore,0.9560194927503459,0.8677230084500396,0.8979564483714617,0.9662674531645448
3635,Draw raise,Chad Moore,0.9611482449674043,1.0384817635207413,0.9924834756708715,0.8609476292751939
3636,Agree water,Chad Moore,1.1070722742503352,1.05344453109504,0.9749746919704079,1.1347850762206553
3637,Without attack,Chad Moore,0.8177952120802959,0.8330570180646775,0.9208354750223818,0.9896365803717326
3638,War race visit,Chad Moore,0.9382050302959999,0.9981612128050147,1.112567233912967,1.0618219003064822
3639,Region past,Chad Moore,1.0529680524906295,0.8685204691128853,1.0577422484694123,1.1367049684031871
3640,Present parent,Chad Moore,1.0177696171419863,0.988994992782661,0.9952421164333982,1.0055769471928153
3641,These hospital,Chad Moore,1.0839268969830806,1.1551258136351525,1.1065106541338998,1.125725304836446
3642,Piece suddenly,Chad Moore,1.0897898021190007,1.0414438759131799,1.0932175115347638,0.8234444746369589
3643,Section,Chad Moore,1.2453691223097494,1.1476004814784986,0.9039255120040418,1.1595450525026316
3644,Career today,Chad Moore,0.9412700445391937,0.8856036691844307,1.0422711607296407,1.0326160339277326
3645,Why fear,Chad Moore,1.1885322899313122,0.8451017955029854,0.9780370182309536,0.9517648914322993
3646,Let boy impact,Chad Moore,1.0350041770577805,0.9932025941212317,0.9200657911418925,1.0455173262121802
3647,Allow else,Chad Moore,1.109121322951827,1.0319983567976019,1.0436069826754848,1.1186439030655226
3648,Pull country,Chad Moore,1.0094844387773443,1.092746351768559,0.949549187997033,0.8872968086651206
3649,Few become,Chad Moore,1.0147063904869322,0.9979280256771672,0.9469529249719242,0.8644189168692298
3650,Be kid health,Chad Moore,0.9875583687509562,0.9123782864777855,1.0459653352825786,0.8975108539294516
3651,Executive,Chad Moore,1.0238736852644803,0.9219770696959987,1.029357017692546,1.065616061975358
3652,Question,Chad Moore,0.9436593507690672,1.0585570555855048,0.878326321054672,0.8764373744653824
3653,Represent,Chad Moore,1.0373695506296012,0.9898720512938118,1.0044568793062365,0.9762468148552474
3654,Here side,Chad Moore,0.9470965538285648,0.9589340018662535,0.906036661650457,0.9816771695020033
3655,Early leader,Chad Moore,0.8469049622540251,0.9388052148978915,1.1275564247907928,1.0124127222552326
3656,No decision,Chad Moore,1.182431527277061,0.9706681039590617,1.0429339272586446,0.916645580345248
3657,Speak rather,Chad Moore,1.0516684487397572,0.9989492227903178,1.0855888546337418,1.009718225993282
3658,Dog share,Chad Moore,0.9439251529316304,1.17457274183448,1.0202826154869717,1.0404785996301127
3659,Anyone need,Chad Moore,1.079467708540104,0.9421945013583909,1.0300469850612308,0.9614617147528681
3660,Network offer,Chad Moore,1.1405550740613613,0.9648505613949749,0.957006232698297,0.9182636033621571
3661,Everybody no,Chad Moore,0.8916453229858989,1.154827732967237,1.0118835628838185,0.8359486598076569
3662,Political yeah,Chad Moore,0.9925170507289363,0.9415508655298067,1.002615233901727,1.1409480082212269
3663,Then follow,Chad Moore,0.9194610980779785,0.93081757081979,0.9436056856882432,0.996775401357034
3664,When end,Chad Moore,1.0493073617242525,1.0715381562208544,1.0333952072243253,0.9244179357168909
3665,Affect vote,Chad Moore,1.0827621265421792,1.085587492195226,0.9733462645012064,0.9875181200814456
3666,Never rest,Chad Moore,1.2055349140845653,0.954268711680312,0.8356705895237933,0.9323184614894928
3667,Middle present,Chad Moore,1.1662723413579832,1.0498633242120519,1.0395755734206924,0.9201602557485271
3668,Place wind,Chad Moore,0.939048205730905,0.9299880833949085,0.8901047493086225,1.0041763026948154
3669,Person,Chad Moore,1.1605484378592112,1.0234540819948295,1.0845855267403826,1.1681508913158118
3670,Language off,Chad Moore,0.9828955340590374,1.0369009046853348,0.9946550805923506,1.0694532210365926
3671,Machine,Chad Moore,0.8806569926140209,0.9971620836752542,1.0950342863160014,0.8692483795192407
3672,Stock than use,Chad Moore,1.0827111036824912,0.9944009846067664,0.844397322312769,1.0542259798723732
3673,Store,Chad Moore,0.9722931476647868,0.9049533290623651,1.0000025791892606,1.1751277614838302
3674,Sense space,Chad Moore,0.9218345306389297,0.9207085583434409,1.0221527283403724,0.8988137346510514
3675,Authority,Chad Moore,1.0006990522779118,1.0398714782188203,1.0412075093565154,0.8522892540802537
3676,Reduce off,Chad Moore,0.8500588611372458,1.0671013573283736,0.8572260958754305,0.8290471819225055
3677,Hospital,Chad Moore,1.0094745660584519,1.0497173083754348,0.9503387662894,1.0087863059817943
3678,Live garden,Chad Moore,0.7655842436796669,0.9022623919399181,0.9108467661720951,0.986566663083788
3679,Bit church,Chad Moore,1.1060368423256868,0.9736104733742289,1.0889391348655568,1.0410266025736115
3680,Light anyone,Chad Moore,1.0286510041318473,0.8916967858082573,0.8348856169163987,1.0934925478746993
3681,Heart lawyer,Chad Moore,0.8480426525799732,0.8323652216688877,1.0773887969284073,0.9594021696840809
3682,By less hotel,Chad Moore,0.9895137011526013,0.956964227391244,1.1165711703345094,0.993299624599116
3683,Suffer,Chad Moore,0.8124208338240715,0.8541035880335319,1.1360150815290653,0.860157120161837
3684,Sound five,Chad Moore,0.7793245877546009,0.9105938075791878,0.9010507967721877,0.8413335586521437
3685,Serve worry,Chad Moore,0.9912757821719241,0.9205535866035996,1.1238570908117804,0.8010064292569233
3686,Turn focus,Chad Moore,0.8941068483318239,0.8955750142300682,0.8241181213140963,0.8916695155799688
3687,Understand eat,Chad Moore,1.056356601872601,0.9251496988543394,1.1718030961697006,0.9924653293833745
3688,Language,Chad Moore,1.1301031415881968,1.1269739866002404,0.9784814754792132,0.94795547968586
3689,Help often,Chad Moore,0.9321777685997403,1.0149799851606034,1.213225312423369,0.9998010511484502
3690,Economic city,Chad Moore,1.1594922145098006,1.2184569546448176,1.1848903599482505,0.9295497971419435
3691,Method his,Chad Moore,1.0304790197028502,0.9397991106598549,0.8901056572696836,0.9813005728595231
3692,Line my ok,Chad Moore,0.9398800479455698,1.0953148697569035,0.948351301758636,1.0645421569445914
3693,Only whose,Chad Moore,0.9056868483927922,1.0321469456860606,1.0801057676155978,0.9609521021776303
3694,Anyone home,Chad Moore,0.9320252198281608,1.0465041517536495,0.9862524996993626,1.1729000644607641
3695,Minute quickly,Chad Moore,0.855604751120469,0.9650857136141142,0.9172325709725513,1.070544279285147
3696,Sister,Chad Moore,0.994037884452704,1.1454390840298245,0.9970009305644874,1.180110866039911
3697,Able find wish,Chad Moore,0.8833868021986976,1.022763604064947,0.9343309996244322,0.9587824889210153
3698,Cup fine,Chad Moore,1.140471418064512,1.1081218390950651,1.0485620222337326,0.9861514577379896
3699,Or staff,Chad Moore,1.0194848999378558,0.9218547372041114,0.896103069240931,0.8866122892260002
3700,Role something,Chad Moore,0.9652450264437238,1.0465012729449223,0.9884268878913126,1.2100437186043074
3701,Sometimes tree,Chad Moore,1.0215862529034343,1.1105840586635725,0.9372360607129434,1.1061348041111452
3702,Security,Chad Moore,1.0481838402478842,0.8638731090501357,0.9326482823043329,1.0862454632182006
3703,Agent glass,Chad Moore,1.0753516494954445,1.0689556114667937,0.8408785597412989,0.8904196891975011
3704,Vote perform,Chad Moore,0.9806112909781122,0.9781549204850368,1.0641816592274236,0.8705970816253816
3705,Majority kind,Chad Moore,1.1112436822321838,1.0830269655078169,1.2812821683008653,0.8737595355634024
3706,Push movie,Chad Moore,0.9606366079043485,0.8914910755046797,0.9422404793923864,1.1863732345316818
3707,Above,Chad Moore,0.9403909895003435,0.9464982863718118,1.0553385677268592,0.9026175564977703
3708,Career of,Chad Moore,1.2053319768905408,1.0344126196963046,1.0476310168821077,0.9210801427929081
3709,Every former,Chad Moore,1.0783125491044587,0.9258373608902964,0.9157558321457233,1.0146964179479132
3710,Difference,Chad Moore,0.9842806129722925,1.130955692532829,0.9704625161671698,1.0170495372724748
3711,Different,Chad Moore,0.9919143689807283,0.9941784413902198,0.9699087545610486,1.027269218222969
3712,Strong billion,Chad Moore,0.8971073237731255,1.0308864783688316,0.965983826232828,1.0165213360444143
3713,Measure every,Chad Moore,1.1530380307686787,0.9814787495964387,0.8717249378753262,1.043170662783139
3714,Fine rule our,Chad Moore,1.1099024684236665,0.9492407292346248,0.9422249254275092,1.110051545339743
3715,Position fear,Chad Moore,0.9193216692975067,0.9936305972248772,0.9112473938324956,1.1847044577262391
3716,Clear land,Chad Moore,1.0016013814704205,1.2160919288325749,0.9863323236847492,1.0409056338668539
3717,Blue trouble,Chad Moore,1.13499872458624,0.8107628129029179,0.885265142409283,1.1034414422230288
3718,Today agency,Chad Moore,0.9004654478200165,0.9400123527973692,1.0385174857207018,0.9597846782350391
3719,Arm pattern in,Chad Moore,0.9419506898907127,1.1109926894700115,0.9682258420439644,0.9520033175007189
3720,Rich,Chad Moore,1.0109120813649661,1.1929027842456414,0.9447877945095902,0.9771980033880053
3721,Break employee,Chad Moore,1.0477609142681248,0.9684434138983908,0.8688019324963077,0.9780343991640557
3722,Want yeah,Chad Moore,0.9361540391983706,1.1478116867174406,1.0664047081813242,0.9358722150965545
3723,Ground base,Chad Moore,1.04540675209974,0.9924210910624536,0.8445552867500101,1.0354299104278095
3724,Improve meet,Chad Moore,0.9395318066910722,1.0768942720990935,1.1413728457683332,0.9992414374230365
3725,Cold single,Chad Moore,0.9441313516630426,1.024091130676444,0.9206490662838249,0.8693936702759895
3726,Room different,Chad Moore,0.9911656723103605,1.0771774935385112,1.0669127458827192,1.1019461745574644
3727,Player pull,Chad Moore,0.9607009960992305,0.986072954798842,0.9399284991733831,1.0323821881577395
3728,Vote sport,Chad Moore,0.9158012081369851,0.9386431530603291,0.9027097725291214,0.9965537249651337
3729,Research leg,Chad Moore,0.9073116830636436,0.9576695971858334,1.1496154492916781,1.1635556117591812
3730,Organization,Chad Moore,0.9394527620801948,0.7332566457797715,1.047358407375995,1.1319852644775006
3731,Economy trial,Chad Moore,0.9583002153116988,0.9485085248662715,0.8776594582128703,0.9714605102674286
3732,Various why,Chad Moore,0.9963065201675785,1.0970734079344875,1.1713582253675452,0.9277534331141699
3733,Notice sort,Chad Moore,0.8796164426022691,0.9745006165221661,1.0412012033801465,0.8070857147876089
3734,Administration,Chad Moore,0.9858862692660355,0.9925705126155407,1.1452586974145047,1.1055885559760947
3735,Expect space,Chad Moore,1.069435451320536,1.040223835856182,1.1031800364509838,1.112778829274666
3736,Structure open,Chad Moore,1.0629189150029832,0.7809078460881734,0.7684354299587305,1.0813942601919952
3737,Early none,Chad Moore,0.9492133152806171,1.1893448364273649,1.183669793524237,1.0781583148412601
3738,Defense teach,Chad Moore,1.1182943839020176,0.9003737426571241,1.0063093001125696,1.0277858577630734
3739,Small view gun,Chad Moore,1.0217799702319683,0.9549825995350327,1.002060210018992,0.9553924314965477
3740,Nation arm,Chad Moore,1.050537940051263,0.8384186879784311,0.9572947367378419,1.1872183454914167
3741,Hold year eye,Chad Moore,0.969256621766432,0.9095608282157459,0.7871772107994992,1.120612035100577
3742,Back manage,Chad Moore,1.0123675901276077,1.2256258796877049,1.0424578345123954,1.1423032708170535
3743,View challenge,Chad Moore,0.9612717499156112,1.0531589981809797,1.1131705520032515,0.9975907406364724
3744,Bad,Chad Moore,0.8870483938001035,0.9602569905348352,1.129791643924206,0.7888319447367864
3745,Happen trip,Chad Moore,0.9579951483485617,0.9790260879400291,0.9469040956114365,1.0570258917033744
3746,Business night,Chad Moore,0.9262462078436953,1.249290382928613,1.0989573830562542,0.7441433170181265
3747,Follow,Chad Moore,1.0905940437675659,1.1319175024792059,1.109606054052403,1.0712624260539718
3748,Assume line,Chad Moore,1.1512504548455647,0.9406962861886491,0.8470674671123224,0.9273524668359118
3749,Mouth deal,Chad Moore,0.9800380189439643,0.9122801942820022,1.032310545579067,1.1436991617835308
